original_row,Seq,SIMBAD_ID,M,eM1,eM2,R,eR1,eR2,Teff,eTeff1,eTeff2,L,eL1,eL2,Meta,eMeta1,eMeta2,logg,elogg1,elogg2,rho,erho1,erho2,cutoff,class,type,pla,catalog,e_M,e_R,e_Teff,e_L,mode,orbit_a,eOrbit_a,detached,well_detached,oblateness,eoblateness1,eoblateness2,fill_factor,efill_factor1,efill_factor2,rad_pred,rad_sigma,rad_p16,rad_p84,rad_p02_5,rad_p97_5
22,23,NGTS-EB-8_A,0.25,0.005,0.004,0.255,0.004,0.005,3500.0,100.0,200.0,0.0088,0.001,0.002,0.0,0.5,0.5,5.023,0.02,0.016,15.08,0.77,0.92,,MS,M,,OBrien25,,,,,EB,8.43,0.02,True,True,7.72e-05,4.5e-06,4.5e-06,0.0766,0.0014,0.0014,0.7584628040275625,1.7720276893004254,0.28635012000456245,1.5064630038255011,-3.21569320846705,3.4118109667567977
23,24,NGTS-EB-8_B,0.208,0.005,0.004,0.233,0.006,0.005,3300.0,100.0,100.0,0.0058,0.00076,0.00075,0.0,0.5,0.5,5.021,0.02,0.022,16.4,1.3,1.1,,MS,M,,OBrien25,,,,,EB,8.43,0.02,True,True,7.9e-05,5.9e-06,5.9e-06,0.0761,0.0019,0.0019,0.06465200621077118,8.29459284135644,0.28112086954119936,1.6349796196193351,-2.7004733191013908,2.8344874312505963
36,37,TIC278683641_A,1.273,0.007,0.007,1.612,0.003,0.003,5940.0,110.0,110.0,2.92,0.14,0.14,0.2907,0.0039,0.0039,4.128,0.001,0.001,0.3039,0.0024,0.0024,,MS,F/G,,CakirliDec25,,,,,EB,13.5,0.021,True,True,0.003129,2.6e-05,2.6e-05,0.26718,0.00073,0.00073,1.5938458806611984,0.022069045977757825,1.5753752798109744,1.6138252988091624,1.5494429658640383,1.637548298370657
37,38,TIC278683641_B,0.589,0.002,0.002,0.585,0.001,0.001,3653.0,97.0,97.0,0.06,0.01,0.01,0.2907,0.0039,0.0039,4.674,0.001,0.001,2.942,0.018,0.018,,MS,M,,CakirliDec25,,,,,EB,13.5,0.021,True,True,0.0005059,4.6e-06,4.6e-06,0.13776,0.00039,0.00039,0.7316666772198546,1.6618951735431158,0.4598749887633237,1.015535530630187,-0.7770159861896401,1.9347418569896218
40,41,KIC9656397_A,1.15,0.15,0.09,1.09,0.16,0.16,6270.0,140.0,130.0,1.66,0.51,0.49,-0.089,0.041,0.041,4.38,0.04,0.04,0.89,0.41,0.4,,MS,F2,,Xu26,,,,,EB,204.0,20.0,True,True,5e-07,2.7e-07,2.7e-07,0.0141,0.0026,0.0026,1.0971962396988182,0.0925429385149222,1.0542360327141735,1.1384896338826165,0.9443365033773076,1.2394189504745206
41,42,KIC9656397_B,1.16,0.19,0.14,1.09,0.16,0.15,6360.0,140.0,130.0,1.76,0.54,0.51,-0.089,0.041,0.041,4.38,0.04,0.04,0.9,0.42,0.39,,MS,F2,,Xu26,,,,,EB,204.0,20.0,True,True,4.9e-07,2.6e-07,2.6e-07,0.0141,0.0025,0.0025,1.1161705053730306,0.07291775150665843,1.075473946595182,1.161380380366186,0.9602947356099916,1.2399267738841653
42,43,LL_Aqr_A,1.1947,0.0009,0.0009,1.318,0.0013,0.0013,6242.0,51.0,51.0,2.38,0.08,0.08,0.04,0.05,0.05,4.2755,0.0009,0.0009,0.5218,0.0016,0.0016,,MS,F9,,Miller26,,,,,EB,40.744,0.007,True,True,9.731e-05,3e-07,3e-07,0.082618,8.5e-05,8.5e-05,1.2954550933867837,0.01823316624398513,1.2784086320896,1.3117173368081427,1.2605305507645435,1.3351316978603267
43,44,LL_Aqr_B,1.0334,0.0006,0.0006,0.9927,0.0008,0.0008,5839.0,45.0,45.0,1.03,0.03,0.03,0.05,0.08,0.08,4.4587,0.0008,0.0008,1.0564,0.0026,0.0026,,MS,G3,,Miller26,,,,,EB,40.744,0.007,True,True,5.244e-05,1.4e-07,1.4e-07,0.06649,5.7e-05,5.7e-05,0.9313696538087473,0.012020774137418035,0.9201051672933953,0.9429007787469965,0.9058298546478107,0.9507511292868565
44,45,V570_Per_A,1.4569,0.0094,0.01,1.543,0.012,0.009,6556.0,64.0,26.0,3.96,0.22,0.11,0.18,0.03,0.01,4.225,0.009,0.009,0.3966,0.0096,0.0075,,MS,F3,,Yucel26,,,,,EB,9.118,0.016,True,True,0.01477,0.00033,0.00033,0.4395,0.0032,0.0032,1.5245943820656518,0.021014884565460162,1.503846068870608,1.5447049408836597,1.483446895545676,1.5666587978689719
45,46,V570_Per_B,1.3579,0.0094,0.0089,1.377,0.013,0.015,6468.0,32.0,21.0,2.99,0.12,0.1,0.17,0.01,0.01,4.293,0.011,0.011,0.52,0.015,0.017,,MS,F5,,Yucel26,,,,,EB,9.118,0.016,True,True,0.01175,0.00037,0.00037,0.405,0.0043,0.0043,1.3553946896481157,0.0211040410152645,1.3339492217790274,1.3745185954656793,1.316767588721872,1.3970464518687735
48,49,BEPOP-3_A,1.084,0.026,0.026,1.386,0.01,0.01,6065.0,36.0,36.0,2.35,0.03,0.03,-0.02,0.1,0.1,4.1895,0.0041,0.0041,0.407,0.013,0.013,,MS,F9,,Maxted25,,,,,EB,26.0,0.16,True,True,0.0001921,6.1e-06,6.1e-06,0.1057,0.0011,0.0011,1.3947543982576696,0.019774424805776562,1.3764751298298399,1.4129340450231054,1.3565984491234608,1.4317521703653124
49,50,BEPOP-3_B,0.262,0.004,0.004,0.274,0.002,0.002,3191.0,32.0,32.0,0.01,0.0,0.0,-0.02,0.1,0.1,4.979,0.0016,0.0016,12.74,0.34,0.34,,MS,M,,Maxted25,,,,,EB,26.0,0.16,True,True,1.324e-05,5.2e-07,5.2e-07,0.03974,0.00049,0.00049,7.2483019001947255,127.00981724948836,0.2164649306883816,1.56321989735966,-0.9468426215281792,3.9731458083749986
50,51,TIC189069314_A,1.126,0.069,0.069,1.439,0.047,0.047,6286.0,108.0,108.0,2.9,0.09,0.09,-0.32,0.03,0.03,4.17,0.01,0.01,0.378,0.044,0.044,,MS,,,MWang25,,,,,EB,14.49,0.01,True,True,0.00278,0.00033,0.00033,0.2528,0.0095,0.0095,1.413350860661959,0.021614450876105702,1.3911666030902232,1.43558372675338,1.3701378462377842,1.4564726640469454
51,52,TIC189069314_B,0.96,0.054,0.054,1.023,0.035,0.035,5739.0,117.0,117.0,1.01,0.04,0.04,-0.32,0.03,0.03,4.4,0.03,0.03,0.9,0.1,0.1,,MS,,,MWang25,,,,,EB,14.49,0.01,True,True,0.00129,0.00016,0.00016,0.1933,0.0076,0.0076,0.9218162866997405,0.06133227038403249,0.8740221910725948,0.9694404543053108,0.7943339520641813,1.038582458128304
52,53,TIC54759992_A,1.236,0.042,0.042,1.255,0.028,0.028,6733.0,126.0,126.0,2.9,0.09,0.09,-0.53,0.03,0.03,4.33,0.01,0.01,0.625,0.047,0.047,,MS,,,MWang25,,,,,EB,9.62,0.05,True,True,0.0062,0.00046,0.00046,0.3304,0.008,0.008,1.1897060876259697,0.028381926798149524,1.1633690911184156,1.2161998394338585,1.1365538486904754,1.251141421512207
53,54,TIC54759992_B,1.03,0.011,0.011,0.98,0.035,0.035,5619.0,139.0,139.0,0.86,0.04,0.04,-0.53,0.03,0.03,4.48,0.03,0.03,1.09,0.12,0.12,,MS,,,MWang25,,,,,EB,9.62,0.05,True,True,0.00395,0.00044,0.00044,0.28,0.01,0.01,0.8087507831603168,0.1976178083171944,0.7319596201883379,0.8581927906032396,0.5155936731700782,0.9637041006685632
54,55,TIC46299496_A,1.123,0.028,0.028,1.13,0.018,0.018,6056.0,113.0,113.0,1.54,0.04,0.04,-0.56,0.03,0.03,4.38,0.01,0.01,0.778,0.042,0.042,,MS,,,MWang25,,,,,EB,11.99,0.01,True,True,0.00256,0.00014,0.00014,0.2451,0.0044,0.0044,0.9677236507283646,0.02260988751543888,0.9451983002755603,0.9888774529659209,0.9228180699315681,1.0130232993174937
55,56,TIC46299496_B,1.053,0.026,0.026,1.02,0.04,0.04,5926.0,120.0,120.0,1.15,0.05,0.05,-0.56,0.03,0.03,4.44,0.02,0.02,0.99,0.12,0.12,,MS,,,MWang25,,,,,EB,11.99,0.01,True,True,0.00209,0.00025,0.00025,0.2279,0.0091,0.0091,0.8755127069991454,0.029765320142643124,0.8509639116495911,0.900784119962939,0.8155018871439395,0.9313435748680692
56,57,TIC369605666_A,0.995,0.014,0.014,1.041,0.036,0.036,6116.0,108.0,108.0,1.36,0.05,0.05,-0.05,0.01,0.01,4.4,0.03,0.03,0.882,0.092,0.092,,MS,,,MWang25,,,,,EB,10.17,0.01,True,True,0.00299,0.00032,0.00032,0.2591,0.0092,0.0092,1.0413198967174042,0.02745536695270968,1.0165107512992662,1.0664381105208638,0.9879207051241019,1.090982933196865
57,58,TIC369605666_B,0.827,0.024,0.024,0.789,0.044,0.044,5486.0,116.0,116.0,0.51,0.04,0.03,-0.05,0.01,0.01,4.56,0.05,0.05,1.68,0.29,0.29,,MS,,,MWang25,,,,,EB,10.17,0.01,True,True,0.00175,0.0003,0.0003,0.214,0.012,0.012,0.7313387536604472,0.8836211023531176,0.6248060341747866,0.8844187096443226,-0.3315411858907536,1.5520939260485629
58,59,TIC431925451_A,1.426,0.079,0.079,1.488,0.09,0.09,6989.0,131.0,131.0,4.74,0.3,0.29,-0.2,0.02,0.02,4.25,0.05,0.05,0.433,0.082,0.082,,MS,,,MWang25,,,,,EB,14.19,0.01,True,True,0.00367,0.0007,0.0007,0.276,0.017,0.017,1.509187595868532,0.07213698303385431,1.443904743296228,1.575504182735829,1.3825599818333694,1.6400465584504142
59,60,TIC431925451_B,1.404,0.061,0.061,1.481,0.087,0.087,6614.0,145.0,145.0,3.82,0.24,0.23,-0.2,0.02,0.02,4.24,0.07,0.07,0.432,0.078,0.078,,MS,,,MWang25,,,,,EB,14.19,0.01,True,True,0.00371,0.00069,0.00069,0.276,0.017,0.017,1.4012138906760554,0.7749590718666164,1.360972171667126,1.527844908428055,1.2755262857191207,1.6325677553055542
60,61,TIC100520485_A,1.218,0.015,0.015,1.639,0.041,0.041,6090.0,127.0,127.0,3.31,0.1,0.1,-0.42,0.05,0.05,4.08,0.02,0.02,0.277,0.021,0.021,,MS,,,MWang25,,,,,EB,16.45,0.01,True,True,0.00276,0.00021,0.00021,0.2524,0.0064,0.0064,1.536190524416482,0.039609541295224045,1.495554235225371,1.574676157991516,1.4552145673245385,1.6110810537766136
61,62,TIC100520485_B,1.015,0.015,0.015,1.14,0.044,0.044,6209.0,144.0,144.0,1.73,0.09,0.08,-0.42,0.05,0.05,4.33,0.03,0.03,0.685,0.08,0.08,,MS,,,MWang25,,,,,EB,16.45,0.01,True,True,0.00124,0.00015,0.00015,0.1908,0.0074,0.0074,1.0943777255414815,0.045864994949602354,1.0567452588296369,1.1306493602929586,1.0111950444782098,1.1814861850367675
62,63,TIC126323537_A,1.145,0.047,0.047,1.666,0.027,0.027,6787.0,133.0,133.0,5.28,0.14,0.13,-0.53,0.05,0.05,4.05,0.01,0.01,0.248,0.016,0.016,,MS,,,MWang25,,,,,EB,8.34,0.01,True,True,0.0256,0.0015,0.0015,0.527,0.01,0.01,1.736431441001091,0.029270630957780142,1.7080373982979937,1.7624241057904784,1.6749101555848607,1.7950642086087454
63,64,TIC126323537_B,1.141,0.016,0.016,1.481,0.049,0.049,6605.0,189.0,189.0,3.74,0.14,0.14,-0.53,0.05,0.05,4.15,0.02,0.02,0.351,0.035,0.035,,MS,,,MWang25,,,,,EB,8.34,0.01,True,True,0.0181,0.0019,0.0019,0.469,0.016,0.016,1.4736106308597092,0.03616807075793535,1.4390322259182309,1.5104158257103946,1.4030623333366583,1.546300615906115
64,65,TIC327361036_A,1.443,0.022,0.022,2.146,0.094,0.094,7553.0,126.0,126.0,12.45,0.59,0.56,0.08,0.04,0.04,3.93,0.04,0.04,0.146,0.019,0.019,,MS,,,MWang25,,,,,EB,19.1,0.27,True,True,0.00414,0.00058,0.00058,0.288,0.013,0.013,2.6622084273052997,0.09561736132399697,2.5702059845427057,2.750915978702762,2.470071181261987,2.8503974330967328
65,66,TIC327361036_B,1.272,0.021,0.021,1.19,0.063,0.063,7585.0,191.0,191.0,4.23,0.25,0.24,0.08,0.04,0.04,4.39,0.05,0.05,0.75,0.12,0.12,,MS,,,MWang25,,,,,EB,19.1,0.27,True,True,0.00086,0.00014,0.00014,0.1693,0.0093,0.0093,1.4126258043196684,0.7144779771138893,1.3061252045369798,1.4479101216550256,1.2291251081782109,1.5190391101407688
66,67,TIC446092483_A,1.342,0.019,0.019,2.194,0.069,0.069,6336.0,120.0,120.0,6.07,0.21,0.21,-0.25,0.01,0.01,3.88,0.03,0.03,0.127,0.012,0.012,,MS,,,MWang25,,,,,EB,26.92,0.05,True,True,0.00189,0.00018,0.00018,0.2202,0.007,0.007,2.108811937765841,0.05707410365266093,2.0513790656026005,2.166093336113921,2.0084320811207395,2.22867366134829
67,68,TIC446092483_B,1.486,0.028,0.028,1.459,0.077,0.077,6096.0,111.0,111.0,2.41,0.14,0.13,-0.25,0.01,0.01,4.28,0.04,0.04,0.478,0.076,0.076,,MS,,,MWang25,,,,,EB,26.92,0.05,True,True,0.000473,7.5e-05,7.5e-05,0.1398,0.0074,0.0074,1.197396874403429,0.05581700316295488,1.158022937539502,1.2424339267186297,1.0690867426943709,1.2902625271870283
68,69,TIC39022841_A,0.856,0.048,0.048,0.929,0.059,0.059,5914.0,101.0,101.0,0.95,0.06,0.06,-0.19,0.03,0.03,4.44,0.02,0.02,1.07,0.21,0.21,,MS,,,MWang25,,,,,EB,21.59,0.19,True,True,0.000265,5.3e-05,5.3e-05,0.1146,0.0076,0.0076,0.9217164368425455,0.020757157287699172,0.902695455758476,0.9407114779198877,0.8818501340211848,0.9611024571538058
69,70,TIC39022841_B,0.892,0.037,0.037,1.074,0.087,0.087,6071.0,102.0,102.0,1.41,0.12,0.11,-0.19,0.03,0.03,4.33,0.03,0.03,0.72,0.18,0.18,,MS,,,MWang25,,,,,EB,21.59,0.19,True,True,0.000384,9.6e-05,9.6e-05,0.13,0.011,0.011,1.1003414245893344,0.027343277743454655,1.0768981321294187,1.1257380166075186,1.049013126091198,1.1520948274715266
76,77,KIC11769146_A,1.001,0.007,0.007,0.968,0.002,0.002,5800.0,150.0,150.0,0.95,0.09,0.08,0.0,0.25,0.25,4.467,0.001,0.001,1.104,0.01,0.01,,MS,,,OzdarcanFeb25,,,,,EB,222.4,0.5,True,True,2.328e-07,2.8e-09,2.8e-09,0.011059,4.2e-05,4.2e-05,0.9102862249928223,0.04897042783562873,0.883912791268719,0.939425759838284,0.8363011264407723,0.9940945245396373
77,78,KIC11769146_B,0.846,0.006,0.006,0.785,0.002,0.002,5180.0,150.0,150.0,0.4,0.05,0.04,0.0,0.25,0.25,4.575,0.001,0.001,1.749,0.018,0.018,,MS,,,OzdarcanFeb25,,,,,EB,222.4,0.5,True,True,1.625e-07,2.1e-09,2.1e-09,0.009685,4e-05,4e-05,0.7285965679676106,0.24047085570422427,0.6556025646246263,0.7806861386200703,0.4397039799235085,1.1597694936553253
78,79,KIC8610483_A,0.92,0.02,0.02,1.461,0.01,0.01,5700.0,150.0,150.0,2.0,0.2,0.2,-0.25,0.25,0.25,4.07,0.004,0.004,0.295,0.0088,0.0088,,MS,,,OzdarcanFeb25,,,,,EB,68.7,0.4,True,True,3.1e-05,1.1e-06,1.1e-06,0.05612,0.00064,0.00064,1.4933433524749828,0.05888207518191741,1.4503149545484797,1.5371163070979372,1.3916420611701599,1.5836632378960918
79,80,KIC8610483_B,0.92,0.02,0.02,1.329,0.009,0.009,5751.0,150.0,150.0,1.7,0.2,0.2,-0.25,0.25,0.25,4.153,0.004,0.004,0.392,0.012,0.012,,MS,,,OzdarcanFeb25,,,,,EB,68.7,0.4,True,True,2.333e-05,8.5e-07,8.5e-07,0.05105,0.00058,0.00058,1.3366041663575496,0.04790311188540619,1.2971982388707086,1.3760148253425564,1.233136353078392,1.4404342712540439
80,81,KIC8868907_A,1.032,0.005,0.005,1.318,0.002,0.002,5800.0,150.0,150.0,1.8,0.2,0.2,0.0,0.25,0.25,4.2115,0.0009,0.0009,0.4507,0.003,0.003,,MS,,,OzdarcanFeb25,,,,,EB,148.6,0.2,True,True,1.757e-06,1.3e-08,1.3e-08,0.021801,5.3e-05,5.3e-05,1.2945882587885726,0.04310988466393294,1.261670560471602,1.327111770776509,1.2130702921837728,1.3836478868566648
81,83,KIC9948002_A,1.25,0.03,0.03,1.82,0.01,0.01,6100.0,150.0,150.0,4.2,0.4,0.4,0.0,0.25,0.25,4.015,0.004,0.004,0.2073,0.006,0.006,,MS,,,OzdarcanFeb25,,,,,EB,115.1,0.8,True,True,8.66e-06,2.9e-07,2.9e-07,0.03731,0.00039,0.00039,1.8093750581323207,0.04173461577636691,1.7684810790262926,1.8512541775225282,1.7238795968217098,1.8875448301155633
82,84,KIC9948002_B,0.75,0.01,0.01,0.707,0.005,0.005,4734.0,150.0,150.0,0.22,0.03,0.03,0.0,0.25,0.25,4.613,0.004,0.004,2.122,0.053,0.053,,MS,,,OzdarcanFeb25,,,,,EB,115.1,0.8,True,True,1.145e-06,4.4e-08,4.4e-08,0.0183,0.00022,0.00022,0.6039444671722801,1.5709608588846757,0.49247143704645546,0.8183756988125349,-0.6090090996107196,1.9079330836903856
83,85,TIC17303250_A,0.714,0.004,0.004,0.768,0.004,0.004,5135.0,80.0,80.0,0.369,0.023,0.023,-0.04,0.15,0.15,4.38,0.28,0.28,1.576,0.026,0.026,,MS,K1,,Pan25,,,,,EB,17.46,0.03,True,True,0.0002688,4.7e-06,4.7e-06,0.11541,0.00067,0.00067,1.0557723465712001,2.2955500541796683,0.7780259245767875,1.2750587734401633,-2.046064751230107,5.273300256715173
84,86,TIC17303250_B,0.696,0.004,0.004,0.752,0.004,0.004,5070.0,135.0,135.0,0.337,0.036,0.036,-0.06,0.15,0.15,4.46,0.28,0.28,1.637,0.028,0.028,,MS,K2,,Pan25,,,,,EB,17.46,0.03,True,True,0.0002628,4.7e-06,4.7e-06,0.11433,0.00067,0.00067,2.9176378535614482,22.808981845941616,0.5518653028089996,1.1847699618281404,-1.4856664067594116,5.743313616323822
85,87,TIC196817076_A,0.989,0.001,0.001,0.788,0.005,0.005,5285.0,150.0,150.0,0.436,0.05,0.05,-0.05,0.15,0.15,4.28,0.27,0.27,2.021,0.039,0.039,,MS,K0,,Pan25,,,,,EB,30.15,0.15,True,True,4.96e-05,1.3e-06,1.3e-06,0.06609,0.00057,0.00057,0.6472570069122778,13.67666679343539,0.9150559244735508,1.35857054376856,-0.895460621887729,5.421867308491919
86,88,TIC196817076_B,0.818,0.011,0.011,0.762,0.005,0.005,5200.0,155.0,155.0,0.382,0.046,0.046,0.02,0.13,0.13,4.14,0.39,0.39,1.849,0.044,0.044,,MS,K1,,Pan25,,,,,EB,30.15,0.15,True,True,6.07e-05,1.6e-06,1.6e-06,0.0697,0.00062,0.00062,0.7927287833019422,12.802454086251725,1.0015177596494926,1.3818830348884763,-1.162064313355706,3.5256737872265025
87,89,TIC219488423_A,0.565,0.016,0.016,0.564,0.007,0.007,4870.0,90.0,90.0,0.161,0.013,0.013,-0.55,0.12,0.12,4.55,0.15,0.15,3.15,0.15,0.15,,MS,K3,,Pan25,,,,,EB,25.95,0.13,True,True,3.26e-05,1.7e-06,1.7e-06,0.05712,0.00093,0.00093,1.8255719447201537,55.359409005330264,0.6116428602187413,1.1210989019576718,-1.9575597950153032,3.417657145178969
88,90,TIC219488423_B,0.555,0.016,0.016,0.564,0.006,0.006,4680.0,120.0,120.0,0.137,0.014,0.014,-0.54,0.13,0.13,4.6,0.18,0.18,3.09,0.13,0.13,,MS,K4,,Pan25,,,,,EB,25.95,0.13,True,True,3.36e-05,1.6e-06,1.6e-06,0.05759,0.00086,0.00086,-3.6613816602803477,99.52424140674508,0.5227808247750355,1.1362763984737512,-2.960647564558238,4.264727371594125
89,91,TIC252991035_A,0.736,0.009,0.009,0.741,0.005,0.005,5540.0,140.0,140.0,0.466,0.048,0.048,-0.21,0.15,0.15,4.3,0.13,0.13,1.809,0.043,0.043,,MS,G8,,Pan25,,,,,EB,17.54,0.06,True,True,0.0002398,6.4e-06,6.4e-06,0.11107,0.00095,0.00095,1.070586710316148,3.7489579694454447,0.9030753369884431,1.301718607057767,-2.0040083432902027,4.172226674272926
90,92,TIC252991035_B,0.724,0.009,0.009,0.688,0.005,0.005,5370.0,130.0,130.0,0.355,0.035,0.035,-0.2,0.14,0.14,4.44,0.12,0.12,2.223,0.056,0.056,,MS,G9,,Pan25,,,,,EB,17.54,0.06,True,True,0.0001971,5.5e-06,5.5e-06,0.10391,0.00093,0.00093,1.4110977262741558,7.532261094624421,0.5425929872218211,1.274019317439161,-2.6299873405098544,6.577106336317454
91,93,TIC344753509_A,0.743,0.005,0.005,0.729,0.006,0.006,5520.0,120.0,120.0,0.445,0.039,0.039,-0.11,0.12,0.12,4.39,0.09,0.09,1.918,0.049,0.049,,MS,G8,,Pan25,,,,,EB,18.49,0.04,True,True,0.0001975,5.3e-06,5.3e-06,0.10405,0.00091,0.00091,1.7967030289792836,23.069992652125595,0.6839784827209333,1.2276881487564821,-4.168861575627219,5.976051849563799
92,94,TIC344753509_B,0.743,0.005,0.005,0.756,0.005,0.005,5175.0,155.0,155.0,0.369,0.045,0.045,-0.1,0.1,0.1,4.49,0.12,0.12,1.72,0.036,0.036,,MS,K2,,Pan25,,,,,EB,18.49,0.04,True,True,0.0002203,4.9e-06,4.9e-06,0.1079,0.00079,0.00079,0.13450344359798072,11.052320068392927,0.4489317933729805,1.0858483087914461,-4.21314082979374,4.9741413688656415
93,95,TIC72696540_A,1.267,0.011,0.011,2.365,0.043,0.043,5965.0,120.0,120.0,6.38,0.56,0.56,0.04,0.1,0.1,4.21,0.12,0.12,0.0958,0.0053,0.0053,,Subgiant,F9,,Pan25,,,,,EB,23.07,0.05,True,True,0.0035,0.0002,0.0002,0.2712,0.005,0.005,1.8035402277653434,1.2660764009934011,1.565725705140874,2.0011484529197756,0.7379365779867094,2.582527763678355
94,96,TIC72696540_B,1.281,0.011,0.011,2.517,0.035,0.035,5230.0,150.0,150.0,4.27,0.5,0.5,0.03,0.13,0.13,3.9,0.4,0.4,0.0803,0.0034,0.0034,,Subgiant,K0,,Pan25,,,,,EB,23.07,0.05,True,True,0.00415,0.00018,0.00018,0.2872,0.0041,0.0041,4.688223325236065,53.476154485817574,1.643346881758626,2.043752819242334,1.2476697665566467,3.492945062913527
111,113,KIC6147573_A,0.98,0.01,0.01,1.007,0.005,0.005,5699.0,100.0,100.0,0.95,0.12,0.1,-0.003,0.031,0.031,4.422,0.003,0.003,0.96,0.017,0.017,,MS,G3,,Ozdarcan24,,,,,EB,46.0,0.2,True,True,3.381e-05,7.7e-07,7.7e-07,0.05777,0.00043,0.00043,0.9423514577260341,0.020940859470351646,0.9261017554717353,0.9584380384522566,0.8997271958792034,0.9817572849872624
113,115,KIC8543278_A,0.827,0.007,0.007,0.746,0.004,0.004,5270.0,90.0,90.0,0.39,0.05,0.04,-0.166,0.028,0.028,4.611,0.004,0.004,1.992,0.036,0.036,,MS,K0,,Ozdarcan24,,,,,EB,18.64,0.05,True,True,0.0001812,3.7e-06,3.7e-06,0.10172,0.00068,0.00068,0.6930760901307412,0.0945188762902166,0.6440417984464595,0.7307089778838438,0.610821479220315,0.9435737661805161
115,117,KIC9762519_A,0.92,0.02,0.02,0.916,0.008,0.008,5750.0,90.0,90.0,0.83,0.1,0.09,-0.447,0.028,0.028,4.48,0.005,0.005,1.197,0.041,0.041,,MS,G7,,Ozdarcan24,,,,,EB,18.9,0.1,True,True,0.000294,1.2e-05,1.2e-05,0.1199,0.0015,0.0015,0.810836045244315,0.016355563731187208,0.796231872281266,0.8256896435091868,0.7751397009582257,0.8456382759939661
169,171,KIC4932691_A,1.597,0.024,0.024,1.75,0.01,0.01,7580.0,450.0,450.0,9.12,0.77,0.71,-0.4937,0.0108,0.0108,4.155,0.003,0.003,0.298,0.0068,0.0068,,MS,,,CakirliApr25,,,,,EB,43.0,0.21,True,True,0.0002138,6.2e-06,6.2e-06,0.10691,0.00098,0.00098,1.7224065319970294,0.0578812054648339,1.6648712957155194,1.7778417644461004,1.6218727279232716,1.8327277006657328
170,172,KIC4932691_B,1.565,0.027,0.027,1.652,0.009,0.009,6935.0,1200.0,1200.0,7.21,1.05,0.92,-0.4937,0.0108,0.0108,4.196,0.004,0.004,0.3471,0.0082,0.0082,,MS,,,CakirliApr25,,,,,EB,43.0,0.21,True,True,0.0001858,5.3e-06,5.3e-06,0.10186,0.00092,0.00092,1.5135110754757803,0.18043470841736362,1.4532922341960883,1.566725632407484,1.394980305428225,1.6495872412924049
197,199,HAT-TR-318-007_A,0.448,0.011,0.011,0.4548,0.0035,0.0036,3190.0,110.0,110.0,0.02,0.0,0.0,0.298,0.08,0.08,4.774,0.0056,0.0058,4.76,0.16,0.16,,MS,"M3,71+/-0,69",,Hartman18,,,,,EB,8.436,0.06,True,True,0.000346,1.3e-05,1.3e-05,0.1275,0.0016,0.0016,0.8663409907138547,4.831834976684234,0.3754863386201683,1.2231287294976816,-2.588673784286031,3.8173798153676737
198,200,HAT-TR-318-007_B,0.2721,0.0041,0.0042,0.2913,0.0023,0.0024,3100.0,110.0,110.0,0.01,0.0,0.0,0.298,0.08,0.08,4.9442,0.0038,0.0039,11.01,0.31,0.32,,MS,"M5,01+/-0,73",,Hartman18,,,,,EB,8.436,0.06,True,True,0.0002013,8.2e-06,8.2e-06,0.1026,0.0013,0.0013,-1.5235142172692786,24.017539879653558,0.25400544810214515,1.4433668224900142,-13.882659062548324,2.9338522694886913
199,201,"PTFEB132,707+19,810_A",0.3953,0.002,0.002,0.363,0.008,0.008,3260.0,70.0,70.0,0.01,0.0,0.0,0.14,0.04,0.04,4.92,0.02,0.02,8.26,0.55,0.55,,MS,"M3,5±0,2",,Kraus17,,,,,EB,11.77,0.01,True,True,5.91e-05,3.9e-06,3.9e-06,0.0709,0.0016,0.0016,0.7848660150290577,2.5579284984732427,0.2849146035475125,1.526744637963658,-1.7397865130588475,3.220949886298989
200,202,"PTFEB132,707+19,810_B",0.2098,0.0014,0.0014,0.272,0.012,0.012,3120.0,80.0,80.0,0.01,0.0,0.0,0.14,0.04,0.04,4.89,0.04,0.04,10.4,1.4,1.4,,MS,"M4,3±0,7",,Kraus17,,,,,EB,11.77,0.01,True,True,6.79e-05,9e-06,9e-06,0.071,0.0031,0.0031,-2.127838711879298,57.33098442665499,0.36873127044740267,1.4828207784663878,-2.281759661334928,3.296502467181801
207,211,HD24465_A,1.337,0.008,0.008,1.444,0.004,0.004,6250.0,100.0,100.0,2.87,0.18,0.18,0.3,0.15,0.15,4.245,0.0036,0.0036,0.444,0.0045,0.0045,,MS,F8,,MartinDec24,,,,,EB,18.3,0.04,True,True,0.0005348,5.9e-06,5.9e-06,0.14789,0.00055,0.00055,1.3892132960954284,0.027535455117366395,1.3614888467203767,1.4161030650604713,1.3377429317143517,1.443645652900041
208,212,HD24465_B,0.2302,0.00092,0.00092,0.24235,0.00069,0.00069,3114.0,32.0,32.0,0.00498,0.00021,0.00021,0.3,0.15,0.15,5.029,0.007,0.007,16.17,0.15,0.15,,MS,M,,MartinDec24,,,,,EB,18.3,0.04,True,True,3.628e-05,4.6e-07,4.6e-07,0.05484,0.00023,0.00023,1.5027044656212225,12.426245680344662,0.20024019117001687,1.4891512221991035,-0.754063693439706,4.267881975098357
209,213,CU_Cnc_A,0.4358,0.0008,0.0008,0.4317,0.0052,0.0052,3160.0,150.0,150.0,0.02,0.0,0.0,0.2,0.2,0.2,4.804,0.011,0.011,5.42,0.2,0.2,,MS,M,,Hahlin24,,,,,EB,7.8,0.007,True,True,0.00051,1.9e-05,1.9e-05,0.1432,0.0017,0.0017,0.6766296863856511,1.4360225185459823,0.3329321418415457,1.2816462795062487,-1.9218217936369106,2.387415997455798
210,214,CU_Cnc_B,0.3998,0.0014,0.0014,0.3908,0.0094,0.0094,3125.0,150.0,150.0,0.01,0.0,0.0,0.2,0.2,0.2,4.854,0.021,0.021,6.7,0.48,0.48,,MS,M,,Hahlin24,,,,,EB,7.8,0.007,True,True,0.000435,3.1e-05,3.1e-05,0.1349,0.0032,0.0032,0.3940206955057323,7.809518860803077,0.40524759085895046,1.2968398638257563,-1.5215740797720358,2.655678519002579
216,223,HD22064_A,1.345,0.031,0.031,1.554,0.014,0.014,6763.0,40.0,40.0,4.55,0.06,0.06,-0.1812,0.0058,0.0058,4.184,0.006,0.006,0.358,0.013,0.013,,MS,F2,,Maxted23,,,,,EB,22.9,0.7,True,True,0.000546,5.3e-05,5.3e-05,0.1495,0.0048,0.0048,1.5631541813365522,0.019573337327942746,1.5459592085523524,1.5806124868247302,1.5258519984200987,1.5995244511954343
217,224,HD22064_B,0.576,0.01,0.01,0.595,0.008,0.008,3700.0,315.0,315.0,0.07,0.0,0.0,-0.1812,0.0058,0.0058,4.65,0.01,0.01,2.73,0.12,0.12,,MS,M,,Maxted23,,,,,EB,22.9,0.7,True,True,0.000117,1.2e-05,1.2e-05,0.0842,0.0029,0.0029,0.3969790335856107,10.051053495196916,0.45096256872495577,1.1476177956502194,-0.7470201623615592,2.08242154600273
277,284,KIC7037405_A,1.17,0.02,0.02,14.0,0.093,0.093,4500.0,80.0,80.0,72.4,5.2,5.2,-0.27,0.1,0.1,2.2131,0.0067,0.0067,0.000426,1.1e-05,1.1e-05,,BL,,,Brogaard18,,,,,EB,193.8,0.89,True,True,0.001165,3.4e-05,3.4e-05,0.1884,0.0017,0.0017,4.325650203855009,0.5920866303575573,4.014391237870444,4.768683466689325,3.475971881634198,5.1691315442344274
278,285,KIC7037405_B,1.11,0.011,0.011,1.746,0.014,0.014,6094.0,138.0,148.0,3.79,0.35,0.37,-0.27,0.1,0.1,3.999,0.0071,0.0071,0.2085,0.0054,0.0054,,MS,,,Brogaard18,,,,,EB,193.8,0.89,True,True,2.459e-06,7.9e-08,7.9e-08,0.02407,0.00025,0.00025,1.760665596948633,0.040449069274515796,1.7277764981355233,1.7932678111005973,1.683970514082097,1.8388453976943804
279,286,KIC9540226_A,1.378,0.038,0.038,13.06,0.16,0.16,4680.0,80.0,80.0,73.7,5.4,5.4,-0.23,0.1,0.1,2.345,0.1,0.1,0.000619,2.8e-05,2.8e-05,,RGB,,,Brogaard18,,,,,EB,176.0,1.3,True,True,0.001029,5e-05,5e-05,0.1824,0.0029,0.0029,3.920918613238089,0.4359597151685434,3.651958861378712,4.272350428301121,3.2251174351220424,4.580222055951148
280,287,KIC9540226_B,1.002,0.015,0.015,1.014,0.014,0.014,6157.0,131.0,131.0,1.33,0.12,0.12,-0.23,0.1,0.1,4.427,0.1,0.1,0.961,0.042,0.042,,MS,,,Brogaard18,,,,,EB,176.0,1.3,True,True,8.01e-07,4.3e-08,4.3e-08,0.01638,0.00028,0.00028,1.116893598913666,4.7524768874652175,0.7576809505340762,1.1932615901284824,-3.4856654728124683,3.4053637635179586
283,290,KIC8430105_A,1.254,0.014,0.014,7.475,0.032,0.03,4990.0,80.0,80.0,31.2,2.0,2.0,-0.46,0.1,0.1,2.7892,0.0032,0.0034,0.003002,5.1e-05,4.9e-05,,RGB,,,Thomsen22,,,,,EB,85.18,0.26,True,True,0.001566,2.8e-05,2.8e-05,0.2105,0.0012,0.0012,3.875108563919281,0.2660634714766239,3.6341561467814874,4.1420229663811,3.394104530125374,4.393652162892756
284,291,KIC8430105_B,0.8134,0.005,0.005,0.7494,0.0042,0.0039,5655.0,80.0,80.0,0.517,0.03,0.03,-0.46,0.1,0.1,4.599,0.0037,0.0041,1.933,0.035,0.032,,MS,,,Thomsen22,,,,,EB,85.18,0.26,True,True,3.146e-06,6.8e-08,6.8e-08,0.02572,0.00018,0.00018,0.7152777893160439,0.035895459687235495,0.6831914557819937,0.7490621709226928,0.6539209572444019,0.798568251415508
285,292,KIC8552540_A,1.153,0.036,0.036,1.41,0.022,0.022,6060.0,200.0,200.0,2.4,0.33,0.33,0.038,0.009,0.009,4.202,0.012,0.012,0.411,0.023,0.023,,MS,F9,,Helminiak19,,,,,EB,5.619,0.054,True,False,0.044,0.0028,0.0028,0.635,0.013,0.013,1.390333126664697,0.02668870478281695,1.368442943504909,1.4060928886392352,1.3410852693727637,1.4514877848382233
289,296,KIC9641031_A,1.2102,0.0076,0.0076,1.244,0.0023,0.0023,6260.0,120.0,120.0,2.14,0.18,0.17,-0.437,0.012,0.012,4.331,0.016,0.016,0.6286,0.0053,0.0053,,MS,,,Helminiak19,,,,,EB,9.145,0.016,True,True,0.006724,6.4e-05,6.4e-05,0.3401,0.001,0.001,1.1039615443651045,0.0237325155083148,1.081013299013599,1.1281616101659662,1.0591458653980654,1.1495257722890786
290,297,KIC9641031_B,0.9512,0.0039,0.0039,0.9,0.024,0.024,5490.0,240.0,240.0,0.66,0.13,0.11,-0.437,0.012,0.012,4.508,0.023,0.023,1.3,0.1,0.1,,MS,,,Helminiak19,,,,,EB,9.145,0.016,True,True,0.00374,0.0003,0.0003,0.2747,0.0074,0.0074,0.771988204002438,0.07874543463205216,0.7411570064986408,0.8132442332555848,0.613590855739457,0.8773236581692155
291,298,KIC10191056_Aa,1.564,0.012,0.012,1.976,0.022,0.022,6584.3,155.3,155.3,6.61,0.64,0.64,0.122,0.007,0.007,4.041,0.009,0.009,0.2027,0.0069,0.0069,,MS,,,Helminiak19,,,,,EB,10.938,0.033,True,True,0.01753,0.00064,0.00064,0.4659,0.0056,0.0056,1.9801457844290384,0.041949675283016276,1.9405026468275364,2.02261540215466,1.8995558230771916,2.061670719361986
292,299,KIC10191056_Ab,1.413,0.016,0.016,1.659,0.03,0.03,6584.3,155.3,155.3,4.66,0.47,0.47,0.122,0.007,0.007,4.149,0.016,0.016,0.309,0.017,0.017,,MS,,,Helminiak19,,,,,EB,10.938,0.033,True,True,0.01221,0.00069,0.00069,0.4097,0.0076,0.0076,1.6728217830783465,0.04196968064768234,1.6313056598132445,1.716082263543485,1.59243674989554,1.7517409664356196
293,300,KIC10583181_A,1.559,0.036,0.036,1.882,0.014,0.014,6730.0,140.0,140.0,6.67,0.57,0.57,-0.23,0.007,0.007,4.082,0.005,0.005,0.2339,0.0075,0.0075,,MS,,,Helminiak19,,,,,EB,11.095,0.075,True,True,0.0109,0.0004,0.0004,0.4024,0.0047,0.0047,1.8052691621772607,0.032330703601892385,1.7726853813722399,1.837072403626663,1.7435181999824012,1.8672165443355138
294,301,KIC10583181_B,0.96,0.016,0.016,0.98,0.01,0.01,5754.7,127.2,127.2,0.949,0.086,0.086,-0.23,0.007,0.007,4.438,0.007,0.007,1.02,0.036,0.036,,MS,,,Helminiak19,,,,,EB,11.095,0.075,True,True,0.00333,0.00015,0.00015,0.2615,0.0037,0.0037,0.8892946751477644,0.028209799087148286,0.8674104496320003,0.9118690498856278,0.8348197308152705,0.9395437117349098
295,302,KIC10987439_A,0.9862,0.0034,0.0034,0.932,0.015,0.015,6477.8,161.7,161.7,1.38,0.14,0.14,-0.158,0.012,0.012,4.493,0.014,0.014,1.218,0.059,0.059,,MS,,,Helminiak19,,,,,EB,27.352,0.029,True,True,0.0001725,8.4e-06,8.4e-06,0.098,0.0016,0.0016,0.977310987028353,0.05000339698998052,0.9358908213077622,1.015421870706136,0.8926592120751997,1.076028974589814
296,303,KIC10987439_B,1.4215,0.0045,0.0045,1.512,0.031,0.031,6490.0,90.0,90.0,3.55,0.25,0.25,-0.158,0.012,0.012,4.232,0.018,0.018,0.411,0.025,0.025,,MS,,,Helminiak19,,,,,EB,27.352,0.029,True,True,0.000411,2.5e-05,2.5e-05,0.1345,0.0028,0.0028,1.4079218885643296,0.02447143113766235,1.3836525476562975,1.4319527784107349,1.361449497909095,1.4541325432581178
297,304,KIC11922782_A,1.067,0.01,0.01,1.501,0.057,0.057,5990.0,110.0,110.0,2.61,0.27,0.27,-0.223,0.012,0.012,4.114,0.033,0.033,0.316,0.036,0.036,,MS,,,Helminiak19,,,,,EB,12.056,0.034,True,True,0.00514,0.00059,0.00059,0.311,0.012,0.012,1.4653869917091942,0.047141775711774976,1.4247649349729425,1.5054071290507085,1.38037190722855,1.5529245527259181
298,305,KIC11922782_B,0.836,0.006,0.006,0.849,0.063,0.063,5862.8,122.6,122.6,0.77,0.13,0.13,-0.223,0.012,0.012,4.503,0.064,0.064,1.37,0.3,0.3,,MS,,,Helminiak19,,,,,EB,12.056,0.034,True,True,0.00137,0.00031,0.00031,0.197,0.015,0.015,0.8235300454302299,0.6227651483379687,0.7502757824985169,0.9571971590706518,-0.005267485148183749,1.4001615079928738
7274,7281,KIC5359678_A,1.32,0.06,0.06,1.52,0.04,0.04,6500.0,50.0,50.0,3.72,0.56,0.49,-0.104,0.046,0.046,4.2,0.079,0.079,0.376,0.034,0.034,,MS,F,,Xiong23,,,,,EB,19.19,0.16,True,True,0.00141,0.00013,0.00013,0.2014,0.0059,0.0059,1.4781679307834559,0.2841305802101253,1.399609779121315,1.5706967827995717,1.2312415509554322,1.7015998096454237
7275,7282,KIC5359678_B,1.12,0.0,0.0,1.05,0.05,0.05,5980.0,22.0,22.0,1.27,0.31,0.25,-0.104,0.046,0.046,4.544,0.07,0.07,0.97,0.14,0.14,,MS,F,,Xiong23,,,,,EB,19.19,0.16,True,True,0.000603,9e-05,9e-05,0.15,0.0074,0.0074,1.484939839895849,11.416127942627345,0.810721387249998,0.9428692038408036,0.35868861699770366,1.7063064070784428
7276,7283,KIC8301013_A,1.29,0.02,0.02,1.45,0.01,0.01,6144.0,100.0,100.0,2.7,0.44,0.38,-0.019,0.035,0.035,4.22,0.01,0.01,0.423,0.011,0.011,,MS,F,,Xiong23,,,,,EB,15.2,0.1,True,True,0.00249,0.00012,0.00012,0.2434,0.0035,0.0035,1.37079003233099,0.024511320631555724,1.3472303767214622,1.3955719401023987,1.3244381086069696,1.4177207791173725
7277,7284,KIC8301013_B,1.11,0.05,0.05,1.2,0.01,0.01,5966.0,97.0,97.0,1.64,0.27,0.24,-0.019,0.035,0.035,4.33,0.02,0.02,0.642,0.033,0.033,,MS,F,,Xiong23,,,,,EB,15.2,0.1,True,True,0.001792,9.1e-05,9.1e-05,0.2157,0.0033,0.0033,1.125563841588852,0.019158674419112627,1.107635227663637,1.1439842795117223,1.088712551545554,1.1665998575667171
7278,7285,KIC5444392_A,1.208,0.003,0.003,1.482,0.106,0.106,6012.74,23.74,23.74,2.59,1.02,0.73,0.142,0.014,0.014,4.105,0.022,0.022,0.371,0.08,0.08,,MS,,,Xiong23,,,,,EB,7.55,0.1,True,False,0.0256,0.0056,0.0056,0.525,0.038,0.038,1.6129514626388712,0.04469189601148823,1.5703438838095327,1.653903190168475,1.5229203235971522,1.7048408438180134
7279,7286,KIC5444392_B,1.281,0.003,0.003,1.905,0.083,0.083,5767.75,21.55,21.55,3.62,0.81,0.66,0.142,0.014,0.014,3.985,0.051,0.051,0.185,0.024,0.024,,MS,,,Xiong23,,,,,EB,7.55,0.1,True,False,0.0494,0.0068,0.0068,0.657,0.03,0.03,1.815514247851679,0.0920959401396287,1.7182699147642502,1.907701387675517,1.6412287154536458,1.9991213534655747
7280,7287,EPIC201637354_A,1.065,0.031,0.031,1.24,0.101,0.101,5940.85,32.41,32.41,1.73,0.79,0.54,-0.303,0.031,0.031,4.157,0.053,0.053,0.56,0.14,0.14,,MS,,,Xiong23,,,,,EB,12.14,0.085,True,False,0.00334,0.00083,0.00083,0.267,0.022,0.022,1.337989340926442,0.06379906390042793,1.2880155227773165,1.3898623581742386,1.244042182551008,1.4580076916746803
7281,7288,EPIC201637354_B,1.027,0.031,0.031,2.824,0.266,0.266,4482.1,131.76,131.76,2.9,1.94,1.16,-0.303,0.031,0.031,3.547,0.08,0.08,0.046,0.013,0.013,,MS,,,Xiong23,,,,,EB,12.14,0.085,True,False,0.042,0.012,0.012,0.619,0.059,0.059,2.3208157574679276,1.922445207122715,1.9536429835669082,2.4217127461291743,1.1211596789438079,3.2318340140200292
7282,7295,EPIC211396167_A,0.746,0.011,0.011,0.661,0.083,0.083,4697.68,43.23,43.23,0.19,0.15,0.08,-0.224,0.17,0.17,4.13,0.2,0.2,2.58,0.97,0.97,,MS,,,Xiong23,,,,,EB,13.036,0.045,True,True,0.00042,0.00016,0.00016,0.134,0.017,0.017,-2.1896534796228453,86.20092999940495,0.9799719322289716,1.3686363170561802,-0.863350019644592,2.7922241131259082
7283,7296,EPIC211396167_B,0.756,0.011,0.011,0.873,0.173,0.173,4658.78,123.6,123.6,0.32,0.51,0.2,-0.224,0.17,0.17,4.434,0.26,0.26,1.14,0.68,0.68,,MS,,,Xiong23,,,,,EB,13.036,0.045,True,True,0.00096,0.00057,0.00057,0.176,0.035,0.035,1.3401739980951377,6.295149129644933,0.6327240737455664,1.2620437935259372,-1.8545195866589752,3.904618861321937
7284,7297,EPIC211563123_A,1.148,0.009,0.009,2.081,0.105,0.105,5971.97,10.79,10.79,4.97,1.3,1.03,-0.234,0.01,0.01,3.8,0.04,0.04,0.127,0.019,0.019,,MS,,,Xiong23,,,,,EB,37.217,0.069,True,True,0.000567,8.6e-05,8.6e-05,0.1478,0.0075,0.0075,2.2176330124072585,0.09700293706297354,2.1255080449159682,2.303498442509966,2.0350094534700744,2.3836685430011904
7285,7298,EPIC211563123_B,1.157,0.009,0.009,2.15,0.161,0.161,5665.94,84.29,84.29,4.3,1.93,1.33,-0.234,0.01,0.01,3.836,0.078,0.078,0.116,0.026,0.026,,MS,,,Xiong23,,,,,EB,37.217,0.069,True,True,0.00062,0.00014,0.00014,0.152,0.011,0.011,1.9852359325775626,0.26919760125497305,1.8108643697750268,2.1347237703926094,1.6135453067007226,2.3531754245725445
7286,7301,EPIC211902535_A,1.922,0.064,0.064,2.097,0.252,0.252,5808.92,21.47,21.47,4.52,3.35,1.92,0.1,0.02,0.02,3.935,0.035,0.035,0.208,0.075,0.075,,MS,,,Xiong23,,,,,EB,31.41,0.22,True,True,0.00115,0.00042,0.00042,0.185,0.022,0.022,2.003481640784439,0.09274704126100795,1.9099005822837802,2.097877825018746,1.8077256510728423,2.171387883766704
7287,7302,EPIC211902535_B,2.398,0.064,0.064,2.792,0.214,0.214,5950.8,152.67,152.67,8.81,4.65,3.04,0.1,0.02,0.02,3.926,0.098,0.098,0.11,0.026,0.026,,MS,,,Xiong23,,,,,EB,31.41,0.22,True,True,0.0019,0.00044,0.00044,0.223,0.017,0.017,2.0495233549078673,0.26302155513565256,1.80736336345832,2.2895871157040912,1.6018906257234233,2.4892555847582982
7288,7305,NSVS_6318847_A,1.079,0.026,0.026,1.324,0.031,0.031,6005.93,25.97,25.97,2.06,0.25,0.22,-0.14,0.024,0.024,4.223,0.043,0.043,0.465,0.035,0.035,,MS,,,Xiong23,,,,,EB,4.893,0.031,True,False,0.054,0.0042,0.0042,0.681,0.017,0.017,1.284813995728734,0.029261087639237862,1.2610904221638641,1.3113186002462953,1.2307931258706304,1.3378178132191816
7289,7306,NSVS_6318847_B,0.871,0.026,0.026,0.921,0.061,0.061,5139.65,43.58,43.58,0.53,0.2,0.14,-0.14,0.024,0.024,4.449,0.087,0.087,1.11,0.22,0.22,,MS,,,Xiong23,,,,,EB,4.893,0.031,True,False,0.0256,0.0052,0.0052,0.522,0.035,0.035,0.3076650296194833,14.323293049640668,0.7265613319615227,1.0467130507857163,-0.6934628371426063,2.999725465139109
7290,7307,UCAC4_473-001351_A,1.105,0.023,0.023,1.46,0.186,0.186,5897.59,25.76,25.76,2.32,1.86,1.03,0.079,0.024,0.024,4.173,0.043,0.043,0.36,0.14,0.14,,MS,,,Xiong23,,,,,EB,25.18,0.13,True,True,0.00055,0.00021,0.00021,0.147,0.019,0.019,1.431510432924328,0.05900621336285896,1.37947838183829,1.4860915858485368,1.3102589234468083,1.5564584556486394
7291,7308,UCAC4_473-001351_B,0.932,0.023,0.023,1.882,0.239,0.239,6119.73,295.09,295.09,4.48,4.86,2.33,0.079,0.024,0.024,3.857,0.126,0.126,0.14,0.053,0.053,,MS,,,Xiong23,,,,,EB,25.18,0.13,True,True,0.00155,0.00059,0.00059,0.205,0.026,0.026,2.0888705908014256,0.5488909697353065,1.8076518831560646,2.352780111481461,1.512202681483188,2.581432520310759
7292,7309,EPIC220398184_A,0.444,0.011,0.011,0.517,0.026,0.026,3631.17,89.92,89.92,0.04,0.02,0.01,-0.498,0.107,0.107,4.656,0.149,0.149,3.21,0.49,0.49,,MS,,,Xiong23,,,,,EB,7.803,0.046,True,True,0.00092,0.00014,0.00014,0.1739,0.0089,0.0089,1.1606048446999957,2.6509116228520697,0.5088818374049673,1.340790229900897,-1.3476252911371163,4.359495060997777
7293,7310,EPIC220398184_B,0.433,0.011,0.011,0.488,0.041,0.041,3637.21,19.92,19.92,0.04,0.02,0.01,-0.498,0.107,0.107,4.687,0.11,0.11,3.73,0.94,0.94,,MS,,,Xiong23,,,,,EB,7.803,0.046,True,True,0.0008,0.0002,0.0002,0.166,0.014,0.014,0.9825944911514252,2.2636774876690375,0.5753892389632461,1.3386473615652463,-1.033244184467266,3.4676137845701356
7294,7311,TYC_18-662-1_A,0.959,0.014,0.014,1.694,0.009,0.009,5562.42,22.66,22.66,2.48,0.11,0.11,0.045,0.019,0.019,3.987,0.036,0.036,0.1973,0.0043,0.0043,,MS,,,Xiong23,,,,,EB,9.27,0.03,True,False,0.02146,0.00053,0.00053,0.4944,0.0038,0.0038,1.6733934423142842,0.05028758858034669,1.6285808460685631,1.7158427575803525,1.5733603370378682,1.7820038153336686
7295,7312,TYC_18-662-1_B,1.068,0.014,0.014,2.997,0.057,0.057,3874.73,16.86,16.86,1.82,0.19,0.17,0.045,0.019,0.019,3.513,0.015,0.015,0.0397,0.0023,0.0023,,MS,,,Xiong23,,,,,EB,9.27,0.03,True,False,0.1,0.006,0.006,0.833,0.016,0.016,2.2458566642152515,1.504512194243873,1.9451528983609454,2.490123633327084,0.1889084417189972,2.672164430910617
7296,7313,"ASASSN-V_J010440,99+051109,8_A",0.811,0.002,0.002,0.737,0.071,0.071,5212.25,31.08,31.08,0.36,0.2,0.13,-0.074,0.029,0.029,4.658,0.051,0.051,2.03,0.59,0.59,,MS,,,Xiong23,,,,,EB,19.17,0.011,True,True,0.00019,5.5e-05,5.5e-05,0.1025,0.0099,0.0099,0.5600326359874153,2.022270836146164,0.5815780489184448,0.7746238953869685,0.09273691111095524,1.1229006414725697
7297,7314,"ASASSN-V_J010440,99+051109,8_B",0.847,0.002,0.002,1.082,0.059,0.059,4881.07,55.75,55.75,0.6,0.19,0.14,-0.074,0.029,0.029,4.297,0.068,0.068,0.67,0.11,0.11,,MS,,,Xiong23,,,,,EB,19.17,0.011,True,True,0.00056,9.2e-05,9.2e-05,0.1475,0.008,0.008,1.0806357748057567,1.7682542421198337,0.9056514395130635,1.2102458654624437,-0.10538406582317501,3.1952615669810007
7298,7317,TYC_3700-1036-1_A,1.989,0.026,0.026,3.908,0.436,0.436,7326.09,20.39,20.39,39.63,26.59,15.91,0.177,0.019,0.019,3.832,0.034,0.034,0.033,0.011,0.011,,MS,,,Xiong23,,,,,EB,18.544,0.056,True,False,0.031,0.01,0.01,0.562,0.063,0.063,2.7030920788765758,0.3431107459318756,2.6275951571629474,2.8493239976174194,2.3367960225391906,2.964435033135311
7299,7318,TYC_3700-1036-1_B,2.078,0.026,0.026,3.156,0.417,0.417,7191.09,227.7,227.7,23.99,23.11,11.77,0.177,0.019,0.019,3.757,0.151,0.151,0.066,0.026,0.026,,MS,,,Xiong23,,,,,EB,18.544,0.056,True,False,0.0153,0.0061,0.0061,0.445,0.059,0.059,2.5095845810102126,0.3194673224493077,2.196918990646099,2.8389995792724103,1.8456125322294745,3.0486850317450895
7300,7319,V*_NW_Cam_A,1.141,0.009,0.009,2.128,0.027,0.027,6851.09,74.75,74.75,8.99,1.1,0.98,0.047,0.072,0.072,3.859,0.123,0.123,0.1184,0.0046,0.0046,,MS,,,Xiong23,,,,,EB,5.971,0.012,False,False,0.134,0.0053,0.0053,0.918,0.012,0.012,2.4587599117172316,0.4531737159285009,2.2350688551063715,2.6339775913793644,2.0336300007425425,2.872519151496648
7301,7320,V*_NW_Cam_B,1.025,0.009,0.009,1.649,0.051,0.051,6795.18,24.87,24.87,5.22,0.83,0.72,0.047,0.072,0.072,4.014,0.034,0.034,0.229,0.021,0.021,,MS,,,Xiong23,,,,,EB,5.971,0.012,False,False,0.074,0.0069,0.0069,0.747,0.023,0.023,1.9674872400867705,0.08148275140731968,1.885962040462842,2.0491622791657136,1.815928770993532,2.1204807118791975
7302,7321,"ZTF_J034350,31+515137,1_A",1.061,0.043,0.043,1.487,0.154,0.154,5901.86,73.94,73.94,2.42,1.53,0.94,0.026,0.055,0.055,4.323,0.093,0.093,0.32,0.1,0.1,,MS,,,Xiong23,,,,,EB,9.015,0.094,True,True,0.0126,0.004,0.004,0.419,0.044,0.044,1.7688578558155799,11.883058653828149,1.0481335028272079,1.3220849317157777,0.14062348779461414,2.569847628677235
7303,7322,"ZTF_J034350,31+515137,1_B",0.893,0.043,0.043,1.721,0.292,0.292,5284.07,132.16,132.16,2.08,2.62,1.16,0.026,0.055,0.055,3.917,0.171,0.171,0.175,0.09,0.09,,MS,,,Xiong23,,,,,EB,9.015,0.094,True,True,0.026,0.013,0.013,0.524,0.089,0.089,-1.1399259553909085,55.54804385835481,1.354487958898797,1.8505967223237973,0.49548607602953665,3.2275478536039413
7304,7323,UCAC4_576-009710_A,1.265,0.009,0.009,1.131,0.161,0.161,6164.53,14.12,14.12,1.67,1.55,0.8,-0.087,0.013,0.013,4.272,0.023,0.023,0.87,0.37,0.37,,MS,,,Xiong23,,,,,EB,11.81,0.02,True,True,0.0028,0.0012,0.0012,0.251,0.036,0.036,1.241277187721337,0.025774825936185318,1.2193410280407837,1.2644878204073917,1.1926278482516133,1.297502187941621
7305,7324,UCAC4_576-009710_B,1.233,0.009,0.009,2.0,0.139,0.139,5132.08,274.89,274.89,2.5,2.0,1.11,-0.087,0.013,0.013,3.924,0.077,0.077,0.154,0.032,0.032,,MS,,,Xiong23,,,,,EB,11.81,0.02,True,True,0.016,0.0033,0.0033,0.45,0.031,0.031,2.025949941096863,5.312040166248004,1.5678159157085607,1.8918654058609528,1.1138829195410036,2.3399659592633544
7306,7325,V*_NO_Per_A,3.348,0.092,0.092,3.986,0.322,0.322,14293.94,500.0,500.0,598.41,381.08,232.82,0.0,0.0,0.0,3.76,0.1,0.1,0.053,0.013,0.013,,MS,,,Xiong23,,,,,EB,24.31,0.18,True,True,0.0117,0.0029,0.0029,0.409,0.033,0.033,2.793595081618389,0.6718303354333297,2.5724661391411425,3.072900528563922,1.4939736921812479,3.279758374742598
7307,7326,V*_NO_Per_B,2.601,0.092,0.092,2.158,0.618,0.618,12168.73,1095.0,1095.0,92.04,344.47,72.64,0.0,0.0,0.0,4.184,0.443,0.443,0.26,0.22,0.22,,MS,,,Xiong23,,,,,EB,24.31,0.18,True,True,0.0028,0.0024,0.0024,0.248,0.071,0.071,1.8722905452528231,0.4450480119553859,1.4333574073447934,2.256681387970531,1.0867699554873562,2.9213379327922664
7308,7327,V*_V1250_Tau_A,1.238,0.004,0.004,1.914,0.092,0.092,6512.94,20.18,20.18,5.94,1.49,1.19,0.021,0.019,0.019,4.064,0.033,0.033,0.177,0.025,0.025,,MS,,,Xiong23,,,,,EB,9.16,0.007,True,False,0.0294,0.0042,0.0042,0.551,0.027,0.027,1.8681011522434872,0.07813030378218995,1.7947991631623708,1.9363969101023724,1.7370856540482649,2.048797196811595
7309,7328,V*_V1250_Tau_B,1.238,0.004,0.004,1.659,0.119,0.119,6503.42,111.53,111.53,4.44,1.96,1.36,0.021,0.019,0.019,4.09,0.088,0.088,0.271,0.058,0.058,,MS,,,Xiong23,,,,,EB,9.16,0.007,True,False,0.0191,0.0041,0.0041,0.478,0.034,0.034,1.6869053835952534,1.0566923982110907,1.5887823385182454,1.9209147690677295,1.432378637074524,2.110715728030127
7310,7329,UCAC4_571-012856_A,2.061,0.013,0.013,3.631,0.159,0.159,8053.73,69.2,69.2,50.0,12.08,9.73,-0.108,0.038,0.038,3.907,0.058,0.058,0.0431,0.0057,0.0057,,MS,,,Xiong23,,,,,EB,15.97,0.027,True,False,0.0309,0.0041,0.0041,0.566,0.025,0.025,2.550817634044748,0.342138781456674,2.4168525947673793,2.7611930645624136,2.030511674281852,2.9488512158893045
7311,7330,UCAC4_571-012856_B,1.587,0.013,0.013,1.814,0.101,0.101,7234.18,90.6,90.6,8.13,2.64,1.99,-0.108,0.038,0.038,4.121,0.073,0.073,0.266,0.044,0.044,,MS,,,Xiong23,,,,,EB,15.97,0.027,True,False,0.00585,0.00098,0.00098,0.319,0.018,0.018,1.9133924024937452,0.1586450296246617,1.7658592341050157,2.0641188061574787,1.6306103420273195,2.2513349904470705
7312,7331,HD285001_A,1.324,0.016,0.016,2.399,0.078,0.078,6692.25,14.63,14.63,10.4,1.71,1.47,-0.108,0.013,0.013,3.998,0.024,0.024,0.0959,0.0094,0.0094,,MS,,,Xiong23,,,,,EB,14.957,0.039,True,True,0.0153,0.0015,0.0015,0.441,0.014,0.014,2.083458872978821,0.0753789479309326,2.0121233304549175,2.1543657766281306,1.9414617836503858,2.2394443922630285
7313,7332,HD285001_B,1.573,0.016,0.016,1.699,0.202,0.202,6300.44,79.4,79.4,4.1,3.08,1.76,-0.108,0.013,0.013,4.174,0.162,0.162,0.32,0.11,0.11,,MS,,,Xiong23,,,,,EB,14.957,0.039,True,True,0.0041,0.0015,0.0015,0.288,0.034,0.034,4.574435257808343,54.299905702499785,1.3363463562503115,1.7471239514079968,0.0351566212109237,2.5751532686295096
7314,7333,UCAC4_586-021001_A,7.904,0.081,0.081,3.015,0.347,0.347,23496.27,500.0,500.0,2500.35,1900.0,1080.0,0.244,0.0,0.0,4.028,0.1,0.1,0.288,0.1,0.1,,MS,,,Xiong23,,,,,EB,27.92,0.076,True,True,0.0033,0.0012,0.0012,0.269,0.031,0.031,2.6939902530307944,1.232456942039225,2.38721981781795,3.1586593227085324,1.037581013133698,3.399142315929068
7315,7334,UCAC4_586-021001_B,6.154,0.081,0.081,4.085,0.246,0.246,25690.12,957.88,957.88,6550.0,3640.0,2340.0,0.244,0.0,0.0,4.004,0.103,0.103,0.09,0.016,0.016,,MS,,,Xiong23,,,,,EB,27.92,0.076,True,True,0.0124,0.0022,0.0022,0.409,0.025,0.025,2.3065283521548325,1.0046146834541456,2.072919064023201,2.6456711670086395,0.9439911466181897,2.929165942258063
7316,7335,UCAC4_570-022931_A,1.271,0.04,0.04,2.225,0.151,0.151,6436.53,24.81,24.81,7.66,2.84,2.07,0.063,0.023,0.023,4.05,0.041,0.041,0.115,0.024,0.024,,MS,,,Xiong23,,,,,EB,15.9,0.12,True,True,0.0083,0.0017,0.0017,0.363,0.025,0.025,1.9116789354091657,0.10470487255864593,1.8083239135318059,2.0196657975913204,1.7188799844360068,2.1317456708520166
7317,7336,UCAC4_570-022931_B,1.174,0.04,0.04,0.934,0.204,0.204,6672.47,227.47,227.47,1.56,2.92,1.02,0.063,0.023,0.023,4.566,0.344,0.344,1.44,0.95,0.95,,MS,,,Xiong23,,,,,EB,15.9,0.12,True,True,0.0007,0.00046,0.00046,0.158,0.035,0.035,1.0759614725102404,4.34983824416065,0.9830597472103413,1.5770935473577272,0.40273823585154245,2.68146293264505
7318,7337,V*_MW_Aur_A,1.412,0.11,0.11,2.279,0.426,0.426,7007.88,68.71,68.71,11.3,15.56,6.54,-0.039,0.036,0.036,4.016,0.057,0.057,0.119,0.068,0.068,,MS,,,Xiong23,,,,,EB,35.85,0.71,True,True,0.00074,0.00042,0.00042,0.162,0.031,0.031,2.083487319880993,0.15039424069915525,1.9374452890562595,2.2384789863997123,1.813772787572251,2.3888116178419905
7319,7338,V*_MW_Aur_B,1.215,0.11,0.11,1.475,0.403,0.403,6804.39,384.03,384.03,4.21,12.2,3.13,-0.039,0.036,0.036,4.185,0.343,0.343,0.38,0.31,0.31,,MS,,,Xiong23,,,,,EB,35.85,0.71,True,True,0.00025,0.00021,0.00021,0.112,0.031,0.031,1.720071897179572,0.6597582922692602,1.39308518185077,2.091275840607532,1.1025972732256386,2.552425887548273
7320,7339,"ZTF_J060237,37+224648,8_A",1.534,0.015,0.015,1.722,0.092,0.092,7236.39,23.76,23.76,7.33,2.07,1.61,-0.134,0.022,0.022,4.014,0.039,0.039,0.3,0.048,0.048,,MS,,,Xiong23,,,,,EB,8.028,0.02,True,False,0.028,0.0045,0.0045,0.546,0.029,0.029,2.1137758173068626,0.10904732758953004,2.0106542631961783,2.217436447085996,1.9130569896012124,2.3391640778617866
7321,7340,"ZTF_J060237,37+224648,8_B",1.305,0.015,0.015,0.996,0.111,0.111,6634.1,210.19,210.19,1.73,1.39,0.77,-0.134,0.022,0.022,4.556,0.18,0.18,1.32,0.44,0.44,,MS,,,Xiong23,,,,,EB,8.028,0.02,True,False,0.007,0.0023,0.0023,0.34,0.038,0.038,1.1304382857484894,17.79836392595186,0.8704063963060203,1.2618975649864361,-0.5675232017596171,3.0481120939584145
7322,7341,V*_LO_Gem_A,1.589,0.007,0.007,2.312,0.174,0.174,6474.07,13.87,13.87,8.47,3.52,2.49,0.083,0.012,0.012,3.974,0.023,0.023,0.129,0.029,0.029,,MS,,,Xiong23,,,,,EB,10.544,0.011,True,False,0.0333,0.0075,0.0075,0.576,0.043,0.043,2.1188039192052086,0.07870166144977195,2.0448246260344685,2.2002341585103276,1.9643921796262929,2.2697993469488407
7323,7342,V*_LO_Gem_B,1.552,0.007,0.007,1.515,0.236,0.236,5769.75,113.98,113.98,2.29,2.51,1.2,0.083,0.012,0.012,4.267,0.223,0.223,0.45,0.21,0.21,,MS,,,Xiong23,,,,,EB,10.544,0.011,True,False,0.0097,0.0046,0.0046,0.381,0.059,0.059,0.5018849967086598,19.873371980177623,1.0612895792421624,1.614320856905658,-0.5877459974073396,4.112320665132275
7324,7343,TYC_1325-1849-1_A,3.019,0.004,0.004,4.782,0.34,0.34,11289.0,500.0,500.0,334.97,229.97,136.36,-0.275,0.0,0.0,4.28,0.1,0.1,0.0276,0.0059,0.0059,,MS,,,Xiong23,,,,,EB,41.144,0.012,True,True,0.0055,0.0012,0.0012,0.313,0.022,0.022,1.6938001638142717,0.5109508472718467,1.4740233611889966,1.9538230208176188,1.2430924636048701,2.3138436791990857
7325,7344,TYC_1325-1849-1_B,3.311,0.004,0.004,6.434,0.641,0.641,12765.3,693.58,693.58,990.83,963.51,488.49,-0.275,0.0,0.0,3.341,0.101,0.101,0.0124,0.0037,0.0037,,MS,,,Xiong23,,,,,EB,41.144,0.012,True,True,0.0115,0.0034,0.0034,0.404,0.04,0.04,3.0608816562894754,0.578898693114484,2.8956338188331894,3.354524980336967,1.2018768628078853,3.550183120379008
7326,7345,UCAC4_624-030041_A,0.614,0.003,0.003,0.573,0.016,0.016,3824.03,67.43,67.43,0.06,0.01,0.01,-0.196,0.044,0.044,4.508,0.07,0.07,3.26,0.27,0.27,,MS,,,Xiong23,,,,,EB,4.073,0.0039,True,False,0.00915,0.00077,0.00077,0.373,0.01,0.01,4.463732178497148,63.65823929248717,0.5900238665995606,1.2329143248999608,-2.20239363524641,5.291350817861704
7327,7346,UCAC4_624-030041_B,0.629,0.002,0.002,0.971,0.017,0.017,3674.99,18.27,18.27,0.15,0.01,0.01,-0.196,0.044,0.044,4.262,0.02,0.02,0.687,0.036,0.036,,MS,,,Xiong23,,,,,EB,4.073,0.0039,True,False,0.0428,0.0023,0.0023,0.626,0.011,0.011,-3.7053052859485622,96.08877772490465,0.8250181094052651,1.3140885992945535,-0.3634902806541661,2.7359780508443996
7328,7347,LS_V_+23_42_A,3.261,0.014,0.014,2.621,0.078,0.078,13658.64,500.0,500.0,215.77,94.68,65.81,-0.971,0.0,0.0,3.88,0.1,0.1,0.181,0.016,0.016,,MS,,,Xiong23,,,,,EB,11.777,0.013,True,False,0.0303,0.0027,0.0027,0.561,0.017,0.017,2.325168508453479,0.431282424964051,2.1121468285813605,2.566048928619942,1.6049899449271905,2.7822788645098573
7329,7348,LS_V_+23_42_B,2.667,0.014,0.014,2.299,0.102,0.102,13684.85,317.81,317.81,167.11,57.28,42.66,-0.971,0.0,0.0,4.14,0.067,0.067,0.219,0.029,0.029,,MS,,,Xiong23,,,,,EB,11.777,0.013,True,False,0.0282,0.0038,0.0038,0.54,0.024,0.024,2.204435765262505,0.3113857414911355,2.0009730319979115,2.4303977684361953,1.7162376364672158,2.6557214947917163
7330,7349,UCAC4_550-027392_A,6.407,0.039,0.039,3.662,0.136,0.136,18240.68,500.0,500.0,1339.68,475.84,351.12,0.172,0.0,0.0,3.804,0.1,0.1,0.13,0.015,0.015,,MS,,,Xiong23,,,,,EB,16.262,0.027,True,False,0.0289,0.0032,0.0032,0.554,0.021,0.021,2.809910392455411,0.6388949360351518,2.5696348019628554,3.1907212943478083,1.038948020635503,3.425903773695118
7331,7350,UCAC4_550-027392_B,4.678,0.039,0.039,2.059,0.215,0.215,17151.0,835.72,835.72,330.37,307.89,159.37,0.172,0.0,0.0,4.48,0.222,0.222,0.54,0.17,0.17,,MS,,,Xiong23,,,,,EB,16.262,0.027,True,False,0.0085,0.0027,0.0027,0.36,0.038,0.038,1.6940178613289028,1.4739558979652914,1.4614780025545735,2.1215409824321454,1.0815405415866168,2.489042898432747
7332,7351,UCAC4_545-027987_A,2.036,0.065,0.065,2.788,0.097,0.097,9644.6,81.42,81.42,60.67,11.77,9.86,0.07,0.036,0.036,3.685,0.027,0.027,0.094,0.01,0.01,,MS,,,Xiong23,,,,,EB,13.54,0.1,True,False,0.0284,0.0032,0.0032,0.545,0.02,0.02,3.194708440786446,0.21717101413784476,3.0012945617439386,3.4003876413682734,2.808861595902025,3.5378979962104107
7333,7352,UCAC4_545-027987_B,2.058,0.065,0.065,0.789,0.033,0.033,8919.18,276.57,276.57,3.55,1.46,1.04,0.07,0.036,0.036,4.957,0.048,0.048,4.19,0.54,0.54,,MS,,,Xiong23,,,,,EB,13.54,0.1,True,False,0.000632,8.4e-05,8.4e-05,0.1534,0.0067,0.0067,0.146798187447436,13.160962934865347,0.6509564155574631,0.8825637123774509,0.5339528373542082,1.233397430763075
7334,7353,V*_TV_Mon_A,2.024,0.04,0.04,2.357,0.187,0.187,7530.58,135.53,135.53,16.11,7.94,5.32,0.244,0.126,0.126,4.103,0.21,0.21,0.155,0.037,0.037,,MS,,,Xiong23,,,,,EB,14.27,0.12,True,False,0.0041,0.001,0.001,0.287,0.024,0.024,2.2695646972921013,0.35166080770381286,1.9060650215808288,2.624544112916336,1.6570942854535609,2.9225253612214526
7335,7354,V*_TV_Mon_B,0.21,0.04,0.04,2.869,0.151,0.151,5022.67,106.95,106.95,4.72,1.72,1.26,0.244,0.126,0.126,2.844,0.015,0.015,0.0089,0.0022,0.0022,,MS,,,Xiong23,,,,,EB,14.27,0.12,True,False,0.207,0.051,0.051,0.962,0.074,0.074,3.5126638064937485,1.8015444540747099,3.356138697555501,3.9496375470861644,1.8677514115944898,4.269495991314676
7336,7355,TYC_1332-131-1_A,1.2,0.014,0.014,2.412,0.21,0.21,6082.8,7.88,7.88,7.18,3.54,2.37,-0.078,0.006,0.006,3.992,0.011,0.011,0.086,0.022,0.022,,MS,,,Xiong23,,,,,EB,12.375,0.033,True,True,0.0256,0.0067,0.0067,0.525,0.046,0.046,1.9050717738649388,0.0499745096183934,1.856662721962016,1.9512025767333654,1.81779241129175,2.0012180847962715
7337,7356,TYC_1332-131-1_B,1.309,0.014,0.014,1.551,0.159,0.159,6017.11,128.33,128.33,2.84,1.9,1.14,-0.078,0.006,0.006,4.173,0.133,0.133,0.35,0.11,0.11,,MS,,,Xiong23,,,,,EB,12.375,0.033,True,True,0.0059,0.0018,0.0018,0.324,0.033,0.033,1.2084855842650142,4.222618815406789,1.246336675000518,1.6415502948492475,-1.5504372549503997,3.2388573410997177
7338,7357,"ASASSN-V_J063123,82+192341,9_A",1.583,0.057,0.057,1.724,0.048,0.048,6418.18,51.45,51.45,4.55,0.72,0.62,-0.258,0.037,0.037,4.185,0.062,0.062,0.309,0.028,0.028,,MS,,,Xiong23,,,,,EB,6.75,0.075,True,False,0.0336,0.0035,0.0035,0.588,0.02,0.02,1.531183978732641,0.09238978845612333,1.4451086411225955,1.6193737727185973,1.3693126149015735,1.7051186408729773
7339,7358,"ASASSN-V_J063123,82+192341,9_B",0.842,0.057,0.057,1.337,0.068,0.068,5227.08,56.71,56.71,1.2,0.35,0.27,-0.258,0.037,0.037,4.111,0.038,0.038,0.352,0.059,0.059,,MS,,,Xiong23,,,,,EB,6.75,0.075,True,False,0.0427,0.0073,0.0073,0.608,0.034,0.034,1.2860364366646482,0.11306726138656086,1.2244896516169606,1.3522645959684376,1.103186235143801,1.4779578093904515
7340,7359,UCAC4_555-031577_A,1.151,0.04,0.04,1.572,0.144,0.144,6546.17,39.09,39.09,4.09,2.17,1.42,-0.384,0.027,0.027,4.124,0.044,0.044,0.296,0.082,0.082,,MS,,,Xiong23,,,,,EB,11.46,0.11,True,True,0.0066,0.0018,0.0018,0.338,0.031,0.031,1.6011062359309998,0.08756879287842674,1.5106784759888525,1.6927850440758647,1.4401555994299278,1.767416306853015
7341,7360,UCAC4_555-031577_B,0.85,0.04,0.04,1.132,0.11,0.11,5736.81,52.19,52.19,1.25,0.72,0.46,-0.384,0.027,0.027,4.259,0.114,0.114,0.59,0.17,0.17,,MS,,,Xiong23,,,,,EB,11.46,0.11,True,True,0.004,0.0012,0.0012,0.28,0.028,0.028,0.9394619229600211,3.2191562725653493,0.9830264378982636,1.2960565539060565,-1.1247286875978286,3.24049338629917
7342,7361,"ASASSN-V_J064057,24+213910,5_A",1.657,0.023,0.023,1.681,0.058,0.058,8477.5,7.25,7.25,13.15,2.26,1.93,-0.604,0.01,0.01,4.05,0.02,0.02,0.349,0.036,0.036,,MS,,,Xiong23,,,,,EB,10.915,0.034,True,True,0.0124,0.0013,0.0013,0.413,0.014,0.014,2.2123502420861585,0.10588356817820933,2.1153166582154044,2.315523053568799,2.0016336520595703,2.4376105409678344
7343,7362,"ASASSN-V_J064057,24+213910,5_B",1.775,0.023,0.023,0.933,0.089,0.089,8718.72,416.29,416.29,4.54,3.91,2.1,-0.604,0.01,0.01,4.747,0.184,0.184,2.19,0.63,0.63,,MS,,,Xiong23,,,,,EB,10.915,0.034,True,True,0.00191,0.00055,0.00055,0.222,0.021,0.021,1.262920040782295,0.43725615641027055,1.018741424680815,1.5491581669650605,0.8231751316266692,1.745330470321593
7344,7363,"ZTF_J064726,39+223431,6_A",1.407,0.011,0.011,1.501,0.05,0.05,6193.17,39.2,39.2,2.99,0.53,0.45,-0.25,0.11,0.11,4.09,0.08,0.08,0.416,0.042,0.042,,MS,,,Xiong23,,,,,EB,6.616,0.013,True,False,0.0335,0.0034,0.0034,0.579,0.019,0.019,1.5232108828884905,0.212818307028889,1.4539362038825117,1.6173411856369113,1.2286078942702352,1.771926425176766
7345,7364,"ZTF_J064726,39+223431,6_B",1.214,0.011,0.011,0.868,0.027,0.027,5654.33,57.49,57.49,0.7,0.13,0.11,-0.25,0.11,0.11,4.644,0.05,0.05,1.86,0.17,0.17,,MS,,,Xiong23,,,,,EB,6.616,0.013,True,False,0.0082,0.00077,0.00077,0.358,0.011,0.011,0.7160290648403087,0.24225949337227046,0.6685986016768565,0.7995874397907062,0.47919285266191874,0.9526488580785553
7346,7369,LINEAR_6147366_A,0.623,0.013,0.013,0.584,0.064,0.064,4598.76,78.49,78.49,0.14,0.1,0.06,-0.558,0.057,0.057,3.927,0.097,0.097,3.1,1.0,1.0,,MS,,,Xiong23,,,,,EB,2.71,0.013,True,False,0.032,0.011,0.011,0.569,0.063,0.063,-26.954735306315467,564.1114910984161,1.1586888079728235,1.4952908887135403,0.5217698182500774,3.306560854062315
7347,7370,LINEAR_6147366_B,0.624,0.013,0.013,0.756,0.04,0.04,4190.45,78.81,78.81,0.16,0.06,0.04,-0.558,0.057,0.057,4.475,0.066,0.066,1.44,0.23,0.23,,MS,,,Xiong23,,,,,EB,2.71,0.013,True,False,0.07,0.011,0.011,0.736,0.039,0.039,-0.3750689039384234,15.898414679528022,0.6174903635607852,1.1000518973387914,-1.4440432360146247,2.441940583342892
7348,7371,LINEAR_23079661_A,0.568,0.011,0.011,0.76,0.074,0.074,3772.83,66.75,66.75,0.11,0.06,0.04,-0.2,0.0,0.0,4.823,0.11,0.11,1.29,0.38,0.38,,MS,,,Xiong23,,,,,EB,7.873,0.039,True,True,0.00258,0.00076,0.00076,0.246,0.024,0.024,-6.546186705361473,152.69322391478138,0.36615141844028326,1.2487332574180279,-2.79281096260373,4.918407019017236
7349,7372,LINEAR_23079661_B,0.489,0.011,0.011,0.713,0.158,0.158,3742.5,114.96,114.96,0.09,0.17,0.06,-0.2,0.0,0.0,4.421,0.259,0.259,1.35,0.9,0.9,,MS,,,Xiong23,,,,,EB,7.873,0.039,True,True,0.0027,0.0018,0.0018,0.247,0.055,0.055,1.3639772488517132,5.353626971049429,0.816086449011062,1.45729478232113,-1.3893087551696268,4.079282130749135
7350,7373,UCAC4_637-047265_A,0.669,0.004,0.004,0.727,0.029,0.029,4536.85,73.08,73.08,0.2,0.05,0.04,-0.276,0.07,0.07,4.519,0.12,0.12,1.74,0.21,0.21,,MS,,,Xiong23,,,,,EB,2.9793,0.0043,True,False,0.0459,0.0055,0.0055,0.64,0.026,0.026,0.7273537254294955,2.0616124009900254,0.5446069004236592,1.1440305865789144,-2.7643470039706237,2.9753614658731555
7351,7374,UCAC4_637-047265_B,0.652,0.004,0.004,0.449,0.033,0.033,4255.39,140.6,140.6,0.06,0.03,0.02,-0.276,0.07,0.07,4.946,0.125,0.125,7.2,1.6,1.6,,MS,,,Xiong23,,,,,EB,2.9793,0.0043,True,False,0.0113,0.0025,0.0025,0.4,0.029,0.029,0.8306132047069203,4.389095381581867,0.29407440378340777,1.2279987159142882,-2.9047437806753185,6.34874803326202
7352,7375,"ASASSN-V_J172607,12+564531,5_A",1.069,0.04,0.04,1.272,0.241,0.241,5845.57,42.64,42.64,1.7,2.38,0.99,-0.114,0.041,0.041,4.366,0.07,0.07,0.52,0.3,0.3,,MS,,,Xiong23,,,,,EB,14.41,0.13,True,True,0.0021,0.0012,0.0012,0.23,0.044,0.044,1.0255250073881133,0.7216877869074219,0.9839608621263664,1.1078013681419012,0.7114900633827664,1.5656861253931058
7353,7376,"ASASSN-V_J172607,12+564531,5_B",1.017,0.04,0.04,1.452,0.246,0.246,6131.13,282.37,282.37,2.69,3.85,1.58,-0.114,0.041,0.041,4.121,0.199,0.199,0.33,0.17,0.17,,MS,,,Xiong23,,,,,EB,14.41,0.13,True,True,0.0034,0.0018,0.0018,0.269,0.046,0.046,3.2720203185422037,41.224162837869855,1.3267777593340198,1.817581210431052,-1.2730817157626366,4.457881304703172
7354,7379,UCAC4_625-128029_A,1.187,0.007,0.007,1.825,0.149,0.149,6016.9,32.34,32.34,3.94,1.82,1.24,-0.105,0.02,0.02,4.239,0.03,0.03,0.195,0.048,0.048,,MS,,,Xiong23,,,,,EB,19.905,0.03,True,True,0.00215,0.00053,0.00053,0.232,0.019,0.019,1.3162325879186627,0.036078719374926814,1.283328085035906,1.3462086463893765,1.2517791670726741,1.389857808969947
7355,7380,UCAC4_625-128029_B,0.986,0.007,0.007,1.905,0.247,0.247,5495.31,43.96,43.96,2.99,2.46,1.35,-0.105,0.02,0.02,3.872,0.132,0.132,0.143,0.055,0.055,,MS,,,Xiong23,,,,,EB,19.905,0.03,True,True,0.0033,0.0013,0.0013,0.264,0.034,0.034,1.8384438718307239,2.103181760965938,1.482469578106515,1.983665536946322,0.7557523411736703,2.7963325391189455
7356,7381,V*_V714_And_A,1.617,0.103,0.103,2.459,0.046,0.046,6227.49,10.93,10.93,8.2,0.75,0.69,0.168,0.01,0.01,4.078,0.018,0.018,0.1088,0.0092,0.0092,,MS,,,Xiong23,,,,,EB,18.13,0.3,True,True,0.00696,0.00075,0.00075,0.343,0.011,0.011,1.932577665945476,0.055848506982958894,1.8766414406922798,1.989277575347795,1.8222430020716147,2.0363862165800226
7357,7382,V*_V714_And_B,1.344,0.103,0.103,1.717,0.026,0.026,6396.25,36.37,36.37,4.45,0.41,0.37,0.168,0.01,0.01,4.096,0.057,0.057,0.266,0.024,0.024,,MS,,,Xiong23,,,,,EB,18.13,0.3,True,True,0.00318,0.00034,0.00034,0.2609,0.0085,0.0085,1.7349622696067288,0.08990679936807641,1.640911277927184,1.8268776254009083,1.5747757351134075,1.9113981692926423
7358,7383,UCAC4_662-053425_A,0.702,0.005,0.005,0.865,0.128,0.128,4632.54,53.85,53.85,0.31,0.31,0.15,-0.097,0.04,0.04,4.297,0.068,0.068,1.08,0.48,0.48,,MS,,,Xiong23,,,,,EB,4.4945,0.0074,True,False,0.024,0.01,0.01,0.512,0.076,0.076,1.3769458807739963,6.51164507746142,0.7976135853519195,1.20036535019738,-0.14354680562365243,4.242443061901912
7359,7384,UCAC4_662-053425_B,0.725,0.005,0.005,0.968,0.072,0.072,4604.01,140.35,140.35,0.38,0.21,0.14,-0.097,0.04,0.04,4.326,0.091,0.091,0.8,0.18,0.18,,MS,,,Xiong23,,,,,EB,4.4945,0.0074,True,False,0.0314,0.007,0.007,0.564,0.042,0.042,1.7896497563046145,11.763940326799172,0.7803914540981869,1.2632696456459898,-1.2878753391803863,3.6604546550161907
7360,7385,UCAC4_665-061158_A,0.712,0.007,0.007,0.817,0.057,0.057,4747.23,73.64,73.64,0.31,0.13,0.09,-0.208,0.058,0.058,4.401,0.095,0.095,1.31,0.27,0.27,,MS,,,Xiong23,,,,,EB,5.554,0.014,True,True,0.0086,0.0018,0.0018,0.369,0.026,0.026,1.4483234299307377,4.770622162075187,0.6800356084002677,1.1567468041987798,-1.5398038283624624,6.2922192309090095
7361,7386,UCAC4_665-061158_B,0.566,0.007,0.007,0.719,0.116,0.116,3579.6,119.26,119.26,0.08,0.09,0.04,-0.208,0.058,0.058,4.477,0.202,0.202,1.52,0.74,0.74,,MS,,,Xiong23,,,,,EB,5.554,0.014,True,True,0.0084,0.0041,0.0041,0.36,0.058,0.058,2.3606838142380706,30.195276379503387,0.7397660909743878,1.4299611370250402,-0.8354461547235902,3.9103953833118488
7362,7389,V*_V644_Aur_A,1.017,0.012,0.012,1.495,0.052,0.052,6510.0,10.0,10.0,3.62,0.63,0.54,-0.26,0.0,0.0,4.15,0.0,0.0,0.304,0.032,0.032,,MS,,,Xiong23,,,,,EB,4.557,0.012,True,False,0.118,0.012,0.012,0.875,0.031,0.031,1.5393264643586404,0.046007663465220935,1.506243493019581,1.5684410398786983,1.4640580047311507,1.6118006432381329
7363,7390,V*_V644_Aur_B,1.067,0.012,0.012,0.729,0.057,0.057,6450.22,102.21,102.21,0.83,0.39,0.27,-0.26,0.0,0.0,4.74,0.133,0.133,2.75,0.65,0.65,,MS,,,Xiong23,,,,,EB,4.557,0.012,True,False,0.0127,0.003,0.003,0.418,0.033,0.033,0.4872914118304288,7.953335209370179,0.611731721609293,1.1324351048600625,-4.299955087662498,4.768224731585949
7364,7391,"ZTF_J022141,06+584544,6_A",0.65,0.018,0.018,1.41,0.293,0.293,5790.44,50.01,50.01,2.01,3.25,1.24,-0.47,0.033,0.033,3.715,0.053,0.053,0.23,0.14,0.14,,MS,,,Xiong23,,,,,EB,6.05,0.042,True,False,0.038,0.023,0.023,0.6,0.12,0.12,2.2184349048880616,0.22618327555854204,2.0763110628101757,2.3529334756009512,1.928743456263849,2.503005270397538
7365,7392,"ZTF_J022141,06+584544,6_B",0.585,0.018,0.018,0.822,0.315,0.315,4947.58,244.21,244.21,0.36,1.89,0.31,-0.47,0.033,0.033,4.374,0.457,0.457,1.1,1.2,1.2,,MS,,,Xiong23,,,,,EB,6.05,0.042,True,False,0.009,0.01,0.01,0.37,0.14,0.14,4.22232783470242,59.14381413429346,0.7554797278186175,1.2938047676971525,-0.7492984142672094,5.22023590041006
7366,7393,"ZTF_J063215,09+034952,0_A",1.822,0.022,0.022,3.555,0.138,0.138,7867.34,179.46,179.46,43.65,13.89,10.54,-0.112,0.168,0.168,3.938,0.284,0.284,0.0406,0.0047,0.0047,,MS,,,Xiong23,,,,,EB,11.251,0.032,True,False,0.101,0.012,0.012,0.832,0.033,0.033,2.3753619205389507,0.8818718728451953,2.0350760387007183,2.8576359153417537,1.5517388746071397,3.098943083850222
7367,7394,"ZTF_J063215,09+034952,0_B",1.802,0.022,0.022,1.476,0.065,0.065,7441.63,337.48,337.48,6.03,3.57,2.24,-0.112,0.168,0.168,4.335,0.067,0.067,0.56,0.074,0.074,,MS,,,Xiong23,,,,,EB,11.251,0.032,True,False,0.00734,0.00098,0.00098,0.347,0.015,0.015,1.3864318193947662,0.1546987870458106,1.2393180498608993,1.5360879583172191,1.1245379786186496,1.68216342074771
7368,7395,"ZTF_J130159,39+540458,5_A",0.923,0.043,0.043,1.413,0.105,0.105,6383.82,17.57,17.57,2.99,1.22,0.87,-0.289,0.016,0.016,4.15,0.029,0.029,0.327,0.075,0.075,,MS,,,Xiong23,,,,,EB,5.277,0.051,True,False,0.076,0.017,0.017,0.748,0.057,0.057,1.4968138111963618,0.052763696185795246,1.4460109982862708,1.5523338699820837,1.4041284206775118,1.5985348846331355
7369,7396,"ZTF_J130159,39+540458,5_B",1.181,0.043,0.043,0.433,0.034,0.034,5681.34,123.69,123.69,0.18,0.09,0.06,-0.289,0.016,0.016,5.236,0.154,0.154,14.5,3.5,3.5,,MS,,,Xiong23,,,,,EB,5.277,0.051,True,False,0.00147,0.00035,0.00035,0.205,0.016,0.016,4.171519170345446,60.043781260661994,0.4838206054682551,1.6808256183075354,-2.1911042320573233,5.8004073383407935
7370,7397,"ASAS_J051753-5406,0_A",1.3094,0.0051,0.0051,1.9288,0.003,0.003,6462.0,43.0,43.0,5.83,0.15,0.15,0.0,0.2,0.2,3.9836,0.0012,0.0012,0.1825,0.0011,0.0011,,MS,F,,Miller22,,,,,EB,49.718,0.09,True,True,0.0001629,1.3e-06,1.3e-06,0.09823,0.00026,0.00026,1.9835353574865724,0.043112737343208564,1.9421495153378228,2.024134734620573,1.8951115471524886,2.0700764256445083
7371,7398,"ASAS_J051753-5406,0_B",1.0896,0.0034,0.0034,1.1815,0.0037,0.0037,6331.0,43.0,43.0,2.02,0.06,0.06,0.0,0.2,0.2,4.3297,0.0026,0.0026,0.6606,0.0065,0.0065,,MS,F,,Miller22,,,,,EB,49.718,0.09,True,True,5.023e-05,5.8e-07,5.8e-07,0.06544,0.00025,0.00025,1.202244075381966,0.02055605649764297,1.1826351242203448,1.2197919121584773,1.162979586058366,1.2419383258172023
7372,7399,HD96609_A,2.66,0.009,0.009,2.74,0.003,0.003,9660.51,106.27,106.27,59.0,6.3,5.7,0.02,0.06,0.06,3.987,0.001,0.001,0.12931,0.00061,0.00061,,MS,B9-A0,,Xiong23,,,,,EB,28.23,0.06,True,True,0.00222,1.7e-05,1.7e-05,0.23605,0.0006,0.0006,2.6536473430013667,0.31836517771972633,2.5010979447982176,2.851626692554883,2.190602226115333,2.966398102629272
7373,7400,HD96609_B,1.84,0.004,0.004,1.697,0.002,0.002,8953.65,107.44,107.44,16.7,1.9,1.7,0.02,0.06,0.06,4.243,0.002,0.002,0.3765,0.0016,0.0016,,MS,A2,,Xiong23,,,,,EB,28.23,0.06,True,True,0.0009497,7.7e-06,7.7e-06,0.17299,0.00045,0.00045,2.045615432724011,0.11505644368951928,1.9562187373562925,2.1353652384608153,1.8502856089506057,2.2888420383884185
7378,7405,"ASAS_J231922-0852,2_A",1.136,0.001,0.001,1.64,0.004,0.004,6266.14,18.8,18.8,3.74,0.11,0.11,-0.39,0.07,0.07,4.064,0.005,0.005,0.2575,0.0019,0.0019,,MS,,,Xiong23,,,,,EB,18.04,0.015,True,True,0.0022,1.7e-05,1.7e-05,0.23341,0.00061,0.00061,1.6273310026543553,0.028255689911612394,1.6026116305068545,1.6500049447266822,1.5815848178504526,1.692587350397832
7379,7406,"ASAS_J231922-0852,2_B",1.006,0.001,0.001,1.11,0.01,0.01,6237.35,43.66,43.66,1.68,0.13,0.12,-0.39,0.07,0.07,4.35,0.018,0.018,0.736,0.02,0.02,,MS,,,Xiong23,,,,,EB,18.04,0.015,True,True,0.000828,2.3e-05,2.3e-05,0.167,0.0015,0.0015,1.071820778789342,0.018474067364082622,1.0549614682410207,1.0881553311318797,1.0409679921658472,1.1138682242190314
7380,7407,"ASAS_J171750-1915,3_A",1.357,0.001,0.001,1.676,0.003,0.003,6531.31,58.78,58.78,4.61,0.4,0.37,0.04,0.12,0.12,4.122,0.003,0.003,0.2882,0.0016,0.0016,,MS,F,,Xiong23,,,,,EB,12.564,0.009,True,True,0.007597,4.4e-05,4.4e-05,0.35133,0.00068,0.00068,1.6875958625710823,0.03184144686557938,1.658081801162782,1.7159014363802079,1.6277791419169334,1.753267185796758
7381,7408,"ASAS_J171750-1915,3_B",1.345,0.001,0.001,1.648,0.003,0.003,6501.3,58.51,58.51,4.38,0.38,0.35,0.04,0.12,0.12,4.133,0.003,0.003,0.3005,0.0017,0.0017,,MS,F,,Xiong23,,,,,EB,12.564,0.009,True,True,0.007325,4.3e-05,4.3e-05,0.34687,0.00068,0.00068,1.6538397353136398,0.030265138308076794,1.6230077556591282,1.6841278762903615,1.6030706917472206,1.7153514090268998
7382,7409,"ASAS_J163903-2847,2_A",1.421,0.002,0.002,2.157,0.003,0.003,6637.43,33.19,33.19,8.15,0.38,0.37,-0.19,0.16,0.16,3.923,0.002,0.002,0.14159,0.00062,0.00062,,MS,,,Xiong23,,,,,EB,47.0,0.04,True,True,0.0002624,1.3e-06,1.3e-06,0.11529,0.00019,0.00019,2.233088061257785,0.05009879498986595,2.185373527031735,2.2832996066038054,2.1427563021937703,2.3331700255677803
7383,7410,"ASAS_J163903-2847,2_B",1.141,0.001,0.001,1.224,0.002,0.002,6591.74,164.79,164.79,2.55,0.66,0.53,-0.19,0.16,0.16,4.32,0.003,0.003,0.6222,0.0031,0.0031,,MS,,,Xiong23,,,,,EB,47.0,0.04,True,True,6.81e-05,3.9e-07,3.9e-07,0.07232,0.00014,0.00014,1.2336906166899795,0.0403125076663431,1.1991862449521133,1.2669817515469997,1.1623080091007814,1.3043911054775805
7384,7411,"ASAS_J085002+1752,5_A",1.326,0.001,0.001,1.571,0.011,0.011,6561.45,91.86,91.86,4.12,0.59,0.52,-0.01,0.27,0.27,4.168,0.014,0.014,0.342,0.0072,0.0072,,MS,,,Xiong23,,,,,EB,18.076,0.012,True,True,0.002431,5.1e-05,5.1e-05,0.2386,0.0017,0.0017,1.5650633391365696,0.04546083315339707,1.5192644281682888,1.6106241723981518,1.48078341860165,1.6554802077394621
7385,7412,"ASAS_J085002+1752,5_B",1.573,0.001,0.001,3.222,0.018,0.018,5727.96,103.1,103.1,10.1,1.8,1.6,-0.01,0.27,0.27,3.619,0.011,0.011,0.04703,0.00079,0.00079,,MS,,,Xiong23,,,,,EB,18.076,0.012,True,True,0.01596,0.00027,0.00027,0.4526,0.0025,0.0025,2.8838756011571474,0.08328228828708588,2.7989193148045115,2.9652019224259507,2.7254043291075476,3.0472253581532653
7386,7413,"ASAS_J060505+2032,1_A",1.716,0.01,0.01,2.048,0.004,0.004,7413.1,185.33,185.33,11.43,2.96,2.35,-0.12,0.31,0.31,4.05,0.003,0.003,0.1998,0.0017,0.0017,,MS,,,Xiong23,,,,,EB,10.46,0.05,True,True,0.02398,0.00041,0.00041,0.5154,0.0029,0.0029,1.9943542610340483,0.08318997288581294,1.910784632772097,2.0752915947211847,1.8491102829567994,2.1675855263125676
7387,7414,"ASAS_J060505+2032,1_B",1.697,0.012,0.012,2.008,0.005,0.005,7413.1,163.09,163.09,11.0,2.5,2.0,-0.12,0.31,0.31,4.062,0.004,0.004,0.2096,0.0022,0.0022,,MS,,,Xiong23,,,,,EB,10.46,0.05,True,True,0.02301,0.00041,0.00041,0.5079,0.0029,0.0029,1.9791860221824116,0.08464337599380607,1.8985899408933786,2.0651168078719317,1.835410522383176,2.1404183903219645
7388,7417,NGTS_0002-29_A,0.398,0.001,0.001,0.404,0.002,0.002,3372.87,16.86,16.86,0.019,0.001,0.001,0.04,0.04,0.04,4.826,0.01,0.01,6.036,0.091,0.091,,MS,,,Xiong23,,,,,EB,3.8239,0.0099,True,True,0.002472,4.2e-05,4.2e-05,0.246,0.0014,0.0014,0.6491515713886309,8.619034240088041,0.24088843524163622,1.209966953820962,-3.8280493963752065,2.982792628543321
7389,7418,NGTS_0002-29_B,0.224,0.001,0.001,0.276,0.002,0.002,3228.49,19.37,19.37,0.00746,0.00053,0.0005,0.04,0.04,0.04,4.908,0.017,0.017,10.65,0.24,0.24,,MS,,,Xiong23,,,,,EB,3.8239,0.0099,True,True,0.001965,4.6e-05,4.6e-05,0.2184,0.0017,0.0017,1.1255196805045313,3.684916501670875,0.28866859446597276,1.49701230263863,-0.44558090035163733,3.659475788225942
7390,7419,"ASAS_J090232-5653,4_A",1.436,0.007,0.007,1.527,0.003,0.003,7030.72,98.43,98.43,5.14,0.71,0.62,-0.15,0.13,0.13,4.201,0.006,0.006,0.4033,0.0031,0.0031,,MS,,,Xiong23,,,,,EB,44.75,0.17,True,True,0.0001235,1.8e-06,1.8e-06,0.08912,0.00041,0.00041,1.5939014224580712,0.0447396630195872,1.5514624232454208,1.6372961099641108,1.5112561587555469,1.6818143200421203
7391,7420,"ASAS_J090232-5653,4_B",1.372,0.008,0.008,1.392,0.003,0.003,6683.44,100.25,100.25,3.48,0.52,0.45,-0.15,0.13,0.13,4.244,0.007,0.007,0.5087,0.0044,0.0044,,MS,,,Xiong23,,,,,EB,44.75,0.17,True,True,0.0001006,1.5e-06,1.5e-06,0.08295,0.00039,0.00039,1.4121661412808735,0.032092524234344895,1.3807708732752892,1.4425433034774708,1.349140415439528,1.473306832687959
7392,7421,EPIC219511354_A,0.912,0.006,0.006,0.92,0.007,0.007,5035.01,65.46,65.46,0.491,0.065,0.057,0.07,0.03,0.03,4.47,0.016,0.016,1.171,0.028,0.028,,MS,K,,Xiong23,,,,,EB,6.979,0.052,True,True,0.0068,0.00022,0.00022,0.3398,0.0037,0.0037,0.7979311225774377,0.879184832218531,0.777979768380258,0.870789782578247,0.6355892860860554,1.0650583856807192
7393,7422,EPIC219511354_B,0.822,0.007,0.007,0.851,0.007,0.007,4688.13,56.26,56.26,0.316,0.039,0.035,0.07,0.03,0.03,4.494,0.017,0.017,1.334,0.035,0.035,,MS,K,,Xiong23,,,,,EB,6.979,0.052,True,True,0.00636,0.00022,0.00022,0.3296,0.0037,0.0037,0.8256934107493669,1.2731545356758633,0.6906820581029721,0.896608732995905,0.20842590566126395,1.4530393293155697
7394,7423,TIC172900988_A,1.228,0.0,0.0,1.383,0.001,0.001,6053.41,42.37,42.37,2.31,0.15,0.14,0.34,0.34,0.34,4.249,0.002,0.002,0.4642,0.001,0.001,,MS,F9,,Xiong23,,,,,EB,186.569,0.071,True,True,1.2906e-06,3.2e-09,3.2e-09,0.019468,1.6e-05,1.6e-05,1.3155430319584502,0.0292542165167826,1.2863355033568473,1.3444597231436304,1.2524744224197932,1.3659820862865983
7395,7424,TIC172900988_B,1.202,0.0,0.0,1.314,0.001,0.001,5984.12,41.89,41.89,2.0,0.13,0.12,0.34,0.34,0.34,4.281,0.001,0.001,0.5298,0.0012,0.0012,,MS,G0,,Xiong23,,,,,EB,186.569,0.071,True,True,1.1455e-06,2.9e-09,2.9e-09,0.018678,1.6e-05,1.6e-05,1.2439059023092387,0.027296918421926858,1.2199080346548679,1.2702923148163974,1.1836887311848119,1.2938859317002154
7406,7435,BN_Scl_A,1.407,0.001,0.001,1.834,0.003,0.003,6309.57,18.93,18.93,4.81,0.13,0.13,-0.23,0.06,0.06,4.059,0.003,0.003,0.2281,0.0011,0.0011,,MS,F7,,Xiong23,,,,,EB,13.8252,0.0063,True,True,0.006827,3.5e-05,3.5e-05,0.34047,0.00058,0.00058,1.7276026028398441,0.023034487528861166,1.707335435158451,1.7482529221235121,1.6817379906408794,1.7719670339420002
7407,7436,BN_Scl_B,1.244,0.001,0.001,1.38,0.004,0.004,6237.35,31.19,31.19,2.6,0.13,0.12,-0.23,0.06,0.06,4.256,0.006,0.006,0.4734,0.0041,0.0041,,MS,F8,,Xiong23,,,,,EB,13.8252,0.0063,True,True,0.003541,3.1e-05,3.1e-05,0.27101,0.0008,0.0008,1.2716321275768396,0.01891574695491965,1.2537273185543916,1.2896979939071334,1.2337237376019667,1.3056404455588515
7408,7437,AL_Ari_A,1.164,0.001,0.001,1.372,0.004,0.004,6367.96,25.47,25.47,2.79,0.11,0.11,-0.42,0.08,0.08,4.229,0.005,0.005,0.4507,0.004,0.004,,MS,F6,,Xiong23,,,,,EB,12.9503,0.0014,True,True,0.003166,2.8e-05,2.8e-05,0.26466,0.00077,0.00077,1.3152687022588498,0.023238021615910272,1.2956785627313225,1.33789600178427,1.2681254759279794,1.356258938090731
7409,7438,AL_Ari_B,0.911,0.0,0.0,0.905,0.003,0.003,5559.04,27.8,27.8,0.705,0.035,0.033,-0.42,0.08,0.08,4.458,0.008,0.008,1.229,0.012,0.012,,MS,G7,,Xiong23,,,,,EB,12.9503,0.0014,True,True,0.001344,1.3e-05,1.3e-05,0.19525,0.00065,0.00065,0.8090583211024993,0.01580582580318812,0.7940064880034396,0.8233870947297471,0.7797540972595911,0.8356867400370316
7412,7441,NGC_2506_V4_A,1.478,0.003,0.003,2.3,0.006,0.006,6823.39,40.94,40.94,10.33,0.61,0.58,-0.36,0.1,0.1,3.884,0.007,0.007,0.12148,0.00098,0.00098,,MS,,,Xiong23,,,,,EB,11.87,0.02,True,True,0.02055,0.0002,0.0002,0.4924,0.0016,0.0016,2.3870273112754874,0.05540943344757688,2.3349604299024165,2.4467041052868788,2.2779654987173097,2.49460863648172
7413,7442,NGC_2506_V4_B,1.25,0.004,0.004,1.534,0.008,0.008,6823.39,40.94,40.94,4.6,0.28,0.27,-0.36,0.1,0.1,4.163,0.012,0.012,0.3463,0.0055,0.0055,,MS,,,Xiong23,,,,,EB,11.87,0.02,True,True,0.00797,0.00013,0.00013,0.3545,0.002,0.002,1.5793941739031234,0.03255583261999171,1.5470256081474496,1.611757786890155,1.5187075575665607,1.6415424754682335
7416,7445,47_Tuc_E32_A,0.862,0.002,0.002,1.183,0.001,0.001,6025.6,18.08,18.08,1.66,0.05,0.05,-0.71,0.1,0.1,4.227,0.002,0.002,0.5207,0.0018,0.0018,,MS,,,Xiong23,,,,,EB,59.46,0.1,True,True,2.456e-05,1.5e-07,1.5e-07,0.05201,0.00011,0.00011,1.1713105774303412,0.026888836812279226,1.1448681007824626,1.1971606046456327,1.1223232725702825,1.2197144708344316
7417,7446,47_Tuc_E32_B,0.827,0.002,0.002,1.004,0.002,0.002,5956.62,17.87,17.87,1.15,0.03,0.03,-0.71,0.1,0.1,4.352,0.003,0.003,0.8172,0.0053,0.0053,,MS,,,Xiong23,,,,,EB,59.46,0.1,True,True,1.604e-05,1.3e-07,1.3e-07,0.04499,0.00012,0.00012,0.9649117212776378,0.020052933796263526,0.9473839261219419,0.9819476574012452,0.9291506194646013,1.007216700271268
7418,7447,KIC2557430_A,1.69,0.013,0.013,1.88,0.009,0.009,7046.93,77.52,77.52,7.85,0.86,0.77,-0.02,0.11,0.11,4.116,0.009,0.009,0.2543,0.0041,0.0041,,MS,F,,Xiong23,,,,,EB,7.03,0.01,True,False,0.05172,0.00087,0.00087,0.6711,0.0037,0.0037,1.8749991662325545,0.051211148989352494,1.8227916909325999,1.927242583573979,1.7852215351842462,1.9839636408756536
7419,7448,KIC2557430_B,1.35,0.009,0.009,1.23,0.013,0.013,6053.41,302.67,302.67,1.83,1.08,0.68,-0.02,0.11,0.11,4.386,0.019,0.019,0.725,0.024,0.024,,MS,F,,Xiong23,,,,,EB,7.03,0.01,True,False,0.02074,0.00069,0.00069,0.4865,0.0053,0.0053,1.0614673481085242,0.07800904724622176,1.0162177642076067,1.1041448269455945,0.9433521917160826,1.177445661150313
7420,7449,EPIC219552514_A,1.509,0.026,0.026,2.505,0.013,0.013,6180.16,43.26,43.26,8.26,0.59,0.55,0.07,0.03,0.03,3.822,0.009,0.009,0.096,0.0022,0.0022,,MS,F7,,Xiong23,,,,,EB,10.69,0.13,True,False,0.02256,0.00094,0.00094,0.5168,0.0071,0.0071,2.486777793943685,0.04463727420658054,2.4445847292170604,2.5291833867795814,2.394567328646626,2.574795029798635
7421,7450,EPIC219552514_B,0.649,0.006,0.006,0.652,0.006,0.006,4008.67,72.16,72.16,0.099,0.018,0.015,0.07,0.03,0.03,4.624,0.012,0.012,2.342,0.068,0.068,,MS,K,,Xiong23,,,,,EB,10.69,0.13,True,False,0.001506,7.4e-05,7.4e-05,0.1975,0.0032,0.0032,2.440985812325107,37.78909600883173,0.4419973886369135,0.9447624756837779,-1.3987003431737322,1.9501763332768138
7424,7453,KIC7821010_A,1.277,0.007,0.007,1.276,0.005,0.005,6714.29,67.14,67.14,2.99,0.3,0.27,0.1,0.08,0.08,4.332,0.007,0.007,0.6147,0.008,0.008,,MS,,,Xiong23,,,,,EB,47.83,0.2,True,True,5.9e-05,1.1e-06,1.1e-06,0.06969,0.00042,0.00042,1.3048205159877964,0.025951943788685178,1.2793908207100886,1.3308652759720985,1.252054064620395,1.3567029006208342
7425,7454,KIC7821010_B,1.221,0.007,0.007,1.21,0.006,0.006,6561.45,72.18,72.18,2.45,0.27,0.24,0.1,0.08,0.08,4.359,0.009,0.009,0.689,0.011,0.011,,MS,,,Xiong23,,,,,EB,47.83,0.2,True,True,5.41e-05,1.1e-06,1.1e-06,0.06745,0.00045,0.00045,1.2225264024791211,0.023388170894242735,1.1992456368188043,1.2442244494958032,1.1767396408655606,1.2663917567328042
7426,7455,KIC3439031_A,1.226,0.001,0.001,1.407,0.001,0.001,6531.31,97.97,97.97,3.25,0.48,0.42,0.1,0.13,0.13,4.23,0.001,0.001,0.4402,0.001,0.001,,MS,F,,Xiong23,,,,,EB,18.646,0.13,True,True,0.001386,2.9e-05,2.9e-05,0.1992,0.0014,0.0014,1.4403122237016428,0.029529904481930016,1.4122655398039325,1.4704821064977438,1.3810145907219875,1.4948372809713473
7427,7456,KIC3439031_B,1.227,0.001,0.001,1.403,0.001,0.001,6531.31,97.97,97.97,3.23,0.48,0.42,0.1,0.13,0.13,4.233,0.002,0.002,0.4443,0.001,0.001,,MS,F,,Xiong23,,,,,EB,18.646,0.13,True,True,0.001372,2.9e-05,2.9e-05,0.1985,0.0014,0.0014,1.4399899372351717,0.028940352823903937,1.4133853269696535,1.4682752362474316,1.3833917962894993,1.4951532287582507
7428,7457,KIC10031808_A,1.741,0.004,0.004,2.59,0.009,0.009,7112.14,49.78,49.78,15.5,1.1,1.0,-0.11,0.08,0.08,3.852,0.006,0.006,0.1002,0.0011,0.0011,,MS,,,Xiong23,,,,,EB,26.905,0.054,True,True,0.00295,3.7e-05,3.7e-05,0.2559,0.0011,0.0011,2.6770793418458294,0.06406854294409761,2.615662359145939,2.741147278731309,2.5525660237537577,2.806875032835225
7429,7458,KIC10031808_B,1.798,0.006,0.006,3.027,0.006,0.006,6839.12,47.87,47.87,18.1,1.2,1.1,-0.11,0.08,0.08,3.731,0.004,0.004,0.06483,0.00044,0.00044,,MS,,,Xiong23,,,,,EB,26.905,0.054,True,True,0.004473,4.1e-05,4.1e-05,0.29474,0.00087,0.00087,2.9565687414656896,0.060060957148895124,2.897606690037142,3.012905958980404,2.829664886135309,3.0757238577201913
7430,7459,EPIC219568666_A,1.121,0.006,0.006,1.178,0.003,0.003,6137.62,42.96,42.96,1.77,0.12,0.11,0.07,0.03,0.03,4.346,0.005,0.005,0.6858,0.0064,0.0064,,MS,F8,,Xiong23,,,,,EB,27.086,0.089,True,True,0.0001917,2.5e-06,2.5e-06,0.1045,0.00045,0.00045,1.1537297610462265,0.012693129723318054,1.1431771683496659,1.165043390804364,1.1270589349686497,1.1784400788736853
7431,7460,EPIC219568666_B,0.733,0.002,0.002,0.64,0.007,0.007,4497.8,44.98,44.98,0.151,0.017,0.015,0.07,0.03,0.03,4.69,0.022,0.022,2.796,0.092,0.092,,MS,,,Xiong23,,,,,EB,27.086,0.089,True,True,6.05e-05,2.1e-06,2.1e-06,0.06893,0.00079,0.00079,0.7230559441887233,1.916209898081041,0.45752932310440214,0.8009491765602393,-0.7106131339730811,2.445734641878095
7432,7461,AL_Dor_A,1.102,0.0,0.0,1.092,0.001,0.001,6053.41,30.27,30.27,1.44,0.07,0.06,-0.1,0.04,0.04,4.404,0.002,0.002,0.8463,0.0023,0.0023,,MS,F9,,Xiong23,,,,,EB,33.1727,0.0065,True,True,0.00011505,3.2e-07,3.2e-07,0.086893,8.1e-05,8.1e-05,1.0156605515172084,0.015066437833715559,1.0051745447066323,1.0261148309055734,0.9915123772037783,1.043996447067033
7433,7462,AL_Dor_B,1.103,0.0,0.0,1.098,0.001,0.001,6053.41,30.27,30.27,1.46,0.07,0.07,-0.1,0.04,0.04,4.399,0.002,0.002,0.8332,0.0023,0.0023,,MS,F9,,Xiong23,,,,,EB,33.1727,0.0065,True,True,0.00011679,3.3e-07,3.3e-07,0.087334,8.1e-05,8.1e-05,1.0217107495057647,0.01253444958082512,1.0111051091322905,1.0316292458026683,0.9967925884274588,1.0451321152163757
7434,7463,"ASAS_J073507-0905,7_A",1.452,0.015,0.015,1.635,0.005,0.005,6397.35,44.78,44.78,4.04,0.28,0.26,-0.27,0.08,0.08,4.173,0.005,0.005,0.3322,0.0046,0.0046,,MS,F,,Xiong23,,,,,EB,7.06,0.05,True,False,0.02583,0.00064,0.00064,0.538,0.0044,0.0044,1.4939151412305578,0.022237157311837924,1.472801384967248,1.515954313558827,1.4510780717798004,1.5385341489477324
7435,7464,"ASAS_J073507-0905,7_B",0.808,0.006,0.006,0.819,0.005,0.005,4365.16,48.02,48.02,0.22,0.025,0.022,-0.27,0.08,0.08,4.519,0.01,0.01,1.471,0.029,0.029,,MS,K,,Xiong23,,,,,EB,7.06,0.05,True,False,0.00824,0.00025,0.00025,0.3521,0.0035,0.0035,0.9358955208382269,3.489142441176446,0.5990064156185124,0.9316040244228448,-0.8793106292845763,1.548010578802096
7436,7465,"ASAS_J065134-2211,5_A",0.956,0.005,0.005,0.997,0.002,0.002,5495.41,43.96,43.96,0.817,0.062,0.058,0.09,0.13,0.13,4.421,0.003,0.003,0.9647,0.0077,0.0077,,MS,,,Xiong23,,,,,EB,20.18,0.07,True,True,0.000297,3.8e-06,3.8e-06,0.12065,0.00051,0.00051,0.9256478152698283,0.017123951918333838,0.9092173702824967,0.9421538349462928,0.8935009424822985,0.9573481849145475
7437,7466,"ASAS_J065134-2211,5_B",0.674,0.002,0.002,0.69,0.003,0.003,3971.92,47.66,47.66,0.107,0.013,0.011,0.09,0.13,0.13,4.589,0.009,0.009,2.052,0.027,0.027,,MS,,,Xiong23,,,,,EB,20.18,0.07,True,True,0.000172,3e-06,3e-06,0.09795,0.00056,0.00056,0.5615116972530377,3.4408645139417886,0.43578167252733657,1.0106786197793138,-3.001114358034656,3.2200360330676845
7438,7467,EPIC219394517_A,1.078,0.001,0.001,1.055,0.005,0.005,5929.25,41.5,41.5,1.2,0.1,0.1,0.07,0.03,0.03,4.425,0.009,0.009,0.918,0.013,0.013,,MS,G0,,Xiong23,,,,,EB,18.954,0.012,True,True,0.0005508,7.9e-06,7.9e-06,0.14652,0.0007,0.0007,0.9945406020981646,0.010364342613117384,0.9845754248986784,1.0042370041351274,0.9708201910957621,1.012533866322598
7439,7468,EPIC219394517_B,1.066,0.001,0.001,1.042,0.005,0.005,5874.89,41.12,41.12,1.2,0.1,0.1,0.07,0.03,0.03,4.43,0.01,0.01,0.942,0.014,0.014,,MS,G1,,Xiong23,,,,,EB,18.954,0.012,True,True,0.0005403,7.9e-06,7.9e-06,0.14546,0.00071,0.00071,0.9783603284729897,0.011668671795748221,0.9683819495001911,0.9884137153459576,0.9498876943946938,0.99605414108922
7442,7471,WASP_0639-32_A,1.155,0.002,0.002,1.834,0.01,0.01,6324.12,18.97,18.97,4.85,0.18,0.18,-0.33,0.1,0.1,3.974,0.011,0.011,0.1872,0.0031,0.0031,,Subgiant,F,,Xiong23,,,,,EB,26.964,0.031,True,True,0.000753,1.3e-05,1.3e-05,0.1647,0.00092,0.00092,1.870158723908355,0.034131245581111,1.8360815982743985,1.9043933164667066,1.7998297341146572,1.936228250434698
7443,7472,WASP_0639-32_B,0.783,0.001,0.001,0.729,0.003,0.003,5395.11,32.37,32.37,0.406,0.025,0.024,-0.33,0.1,0.1,4.607,0.01,0.01,2.021,0.025,0.025,,MS,K,,Xiong23,,,,,EB,26.964,0.031,True,True,8.79e-05,1.1e-06,1.1e-06,0.07818,0.00034,0.00034,0.6869425563015313,0.05221260682085003,0.655095992931783,0.7144722535784557,0.6256075353182199,0.8232055089528044
7444,7473,"PTFEB_132,707+19,810_A",0.395,0.001,0.001,0.363,0.003,0.003,3258.37,39.1,39.1,0.0134,0.0017,0.0015,0.14,0.04,0.04,4.915,0.019,0.019,8.26,0.21,0.21,,MS,"M3,5±0,2",,Xiong23,,,,,EB,11.77,0.01,True,True,5.91e-05,1.5e-06,1.5e-06,0.07097,0.00059,0.00059,-0.15747200829182048,15.66752263826641,0.23194601758006833,1.4856216226827736,-1.5111042072366587,3.4425468226863987
7445,7474,"PTFEB_132,707+19,810_B",0.21,0.001,0.001,0.272,0.005,0.005,3118.89,46.78,46.78,0.0063,0.0011,0.001,0.14,0.04,0.04,4.891,0.039,0.039,10.44,0.58,0.58,,MS,"M4,3±0,7",,Xiong23,,,,,EB,11.77,0.01,True,True,6.78e-05,3.8e-06,3.8e-06,0.0709,0.0013,0.0013,-4.8018809473037285,106.31598258634617,0.39639138226827514,1.3760674612155592,-1.8051371917211119,3.2097451708620817
7446,7475,Tyc_5227-1023-1_A,0.956,0.007,0.007,1.388,0.004,0.004,6353.31,88.95,88.95,2.83,0.39,0.34,-0.63,0.11,0.11,4.13,0.01,0.01,0.3575,0.0041,0.0041,,MS,F7,,Xiong23,,,,,EB,13.54,0.07,True,True,0.003132,6e-05,6e-05,0.2627,0.0017,0.0017,1.4508676758264059,0.030363266066456264,1.4187852178342586,1.4820070901868085,1.3923768688640794,1.5105067225379853
7447,7476,Tyc_5227-1023-1_B,0.839,0.005,0.005,0.977,0.004,0.004,5929.25,94.87,94.87,1.1,0.2,0.1,-0.63,0.11,0.11,4.38,0.01,0.01,0.9,0.012,0.012,,MS,,,Xiong23,,,,,EB,13.54,0.07,True,True,0.001346,2.9e-05,2.9e-05,0.1963,0.0014,0.0014,0.936853762887373,0.021475169352470277,0.9165440101427237,0.9561268896511047,0.8981266428650092,0.9843114394561272
7448,7477,NGC_2506_V5_A,0.945,0.004,0.003,0.68,0.04,0.04,5690.0,140.0,120.0,0.437,0.067,0.063,-0.36,0.01,0.01,4.75,0.05,0.05,3.01,0.53,0.53,,MS,,,Knudstrup20,,,,,EB,9.04,0.1,True,True,0.0011,0.0002,0.0002,0.186,0.011,0.011,0.8783105224805839,3.1077750371925608,0.5654823588565977,0.8852942725148322,-0.005154520545879375,1.465151955115381
7449,7478,NGC_2506_V5_B,0.707,0.004,0.003,0.61,0.021,0.016,4940.0,110.0,60.0,0.2,0.022,0.014,-0.36,0.01,0.01,4.72,0.03,0.02,3.11,0.32,0.25,,MS,,,Knudstrup20,,,,,EB,9.04,0.1,True,True,0.00126,0.00012,0.00012,0.1906,0.0062,0.0062,0.5390985508901261,0.8188477240711289,0.48880565912704604,0.7319664673626518,-0.14199261251090572,1.2068041371719713
7450,7479,OGLE_LMC-ECL-01866_A,3.56,0.02,0.02,26.79,0.52,0.52,5300.0,80.0,80.0,510.0,37.0,37.0,-0.49,0.17,0.17,2.134,0.017,0.017,0.000185,1.1e-05,1.1e-05,,BL,G3,,Graczyk18,,,,,EB,322.3,0.8,True,True,0.00185,0.00011,0.00011,0.2192,0.0043,0.0043,4.0403476681581765,4.501713797843639,3.4605410340655753,4.8238071703291965,1.0338400338813236,5.212843807317652
7451,7480,OGLE_LMC-ECL-01866_B,3.55,0.031,0.031,47.11,0.5,0.5,4495.0,60.0,60.0,816.0,47.0,47.0,-0.49,0.17,0.17,1.642,0.009,0.009,3.4e-05,1.1e-06,1.1e-06,,RGB,"K1,5",,Graczyk18,,,,,EB,322.3,0.8,True,True,0.01009,0.00034,0.00034,0.386,0.0043,0.0043,4.39864652527552,1.378432714504029,3.332120749617076,5.355871294321191,1.0833810897841938,5.832800415216362
7452,7481,OGLE_LMC-ECL-03160_A,1.792,0.016,0.016,17.03,0.28,0.28,4930.0,100.0,100.0,154.0,14.0,14.0,-0.68,0.18,0.18,2.229,0.014,0.014,0.000363,1.8e-05,1.8e-05,,HB/RC,G7,,Graczyk18,,,,,EB,182.2,0.5,True,False,0.00264,0.00014,0.00014,0.247,0.0042,0.0042,4.1657133117686875,0.8141221182630932,3.8785069523861675,4.721834414329967,1.8533512535754029,5.1297744565287635
7453,7482,OGLE_LMC-ECL-03160_B,1.802,0.018,0.018,37.42,0.24,0.24,4450.0,70.0,70.0,495.0,32.0,32.0,-0.68,0.18,0.18,1.548,0.005,0.005,3.439e-05,7.5e-07,7.5e-07,,HB/RC,K2,,Graczyk18,,,,,EB,182.2,0.5,True,False,0.0278,0.00065,0.00065,0.5413,0.0041,0.0041,4.552617352749692,1.3703992389151154,3.7683167189103126,5.469295869972686,1.4779244799216544,6.025931925964511
7454,7483,OGLE_LMC-ECL-06575_A,4.167,0.022,0.022,43.93,0.43,0.43,4920.0,80.0,80.0,1020.0,69.0,69.0,-0.46,0.1,0.1,1.773,0.008,0.008,4.92e-05,1.5e-06,1.5e-06,,HB,G6,,Graczyk18,,,,,EB,280.0,0.5,True,True,0.01202,0.00037,0.00037,0.41,0.0042,0.0042,4.224607696539302,1.4280595242253034,2.815422707124684,5.210467340130051,1.1379919516291839,5.642244227774385
7455,7484,OGLE_LMC-ECL-06575_B,3.989,0.026,0.026,46.75,0.43,0.43,4645.0,60.0,60.0,918.0,50.0,50.0,-0.46,0.1,0.1,1.699,0.008,0.008,3.9e-05,1.1e-06,1.1e-06,,RGB,K0,,Graczyk18,,,,,EB,280.0,0.5,True,True,0.01554,0.00045,0.00045,0.4451,0.0043,0.0043,4.299148405041896,1.248990889042788,2.762701876763439,5.281595787723618,1.1277861691225264,5.711239470219173
7456,7485,OGLE_LMC-ECL-09114_A,3.304,0.023,0.023,26.33,0.34,0.34,5230.0,60.0,60.0,467.0,25.0,25.0,-0.38,0.12,0.12,2.116,0.011,0.011,0.000181,7.1e-06,7.1e-06,,,G4III,,Graczyk18,,,,,EB,281.5,0.8,True,True,0.00257,0.0001,0.0001,0.2451,0.0033,0.0033,4.123028632858892,0.9808720945657121,3.589235166285508,4.866564281274038,1.312911594210222,5.272668478496931
7457,7486,OGLE_LMC-ECL-09114_B,3.205,0.025,0.025,18.79,0.37,0.37,5425.0,110.0,110.0,275.0,25.0,25.0,-0.38,0.12,0.12,2.396,0.017,0.017,0.000483,2.9e-05,2.9e-05,,,G2III,,Graczyk18,,,,,EB,281.5,0.8,True,True,0.000982,5.9e-05,5.9e-05,0.1774,0.0036,0.0036,3.878199276147705,1.044241317714383,3.5180045832471443,4.537765684642799,1.1539112872881794,4.863204559450004
7458,7487,OGLE_LMC-ECL-09660_A,2.981,0.013,0.013,23.66,0.21,0.21,5250.0,65.0,65.0,383.0,20.0,20.0,-0.46,0.1,0.1,2.165,0.008,0.008,0.0002251,6.1e-06,6.1e-06,,,G3III,,Graczyk18,,,,,EB,232.4,0.3,True,True,0.003416,9.3e-05,9.3e-05,0.269,0.0024,0.0024,4.026446238084308,1.8368467209138775,3.584461243719943,4.801383654404451,1.2363154828525,5.2919239345786915
7459,7488,OGLE_LMC-ECL-09660_B,2.997,0.012,0.012,44.4,0.26,0.26,4685.0,95.0,95.0,856.0,70.0,70.0,-0.46,0.1,0.1,1.62,0.005,0.005,3.424e-05,6.2e-07,6.2e-07,,,K0III,,Graczyk18,,,,,EB,232.4,0.3,True,True,0.02238,0.00042,0.00042,0.5036,0.0031,0.0031,4.389115916596404,1.3306504531393732,2.949749313103945,5.386539153833523,1.0647884112309145,5.841731762588223
7460,7489,OGLE_LMC-ECL-09678_A,2.4,0.029,0.029,13.77,0.16,0.16,5230.0,80.0,80.0,128.0,8.0,8.0,-0.38,0.16,0.16,2.54,0.01,0.01,0.000919,3.4e-05,3.4e-05,,,G4III,,Graczyk18,,,,,EB,169.1,0.6,True,True,0.001827,7.1e-05,7.1e-05,0.2179,0.0028,0.0028,3.9624678576248082,0.6298329180303572,3.696541183109353,4.399336122905018,1.9346645718865427,4.706580935479776
7461,7490,OGLE_LMC-ECL-09678_B,2.549,0.031,0.031,30.6,0.28,0.28,4705.0,90.0,90.0,413.0,33.0,33.0,-0.38,0.16,0.16,1.873,0.008,0.008,8.9e-05,2.7e-06,2.7e-06,,,G9III,,Graczyk18,,,,,EB,169.1,0.6,True,True,0.01821,0.00059,0.00059,0.4711,0.005,0.005,4.338418581456964,1.6270561516189856,3.69362772571141,5.120786991844679,1.1062742947498219,5.516791148410296
7462,7491,OGLE_LMC-ECL-10567_A,3.333,0.029,0.029,24.6,0.29,0.29,5065.0,100.0,100.0,359.0,30.0,30.0,-0.7,0.1,0.1,2.179,0.01,0.01,0.0002239,8.2e-06,8.2e-06,,HB,G6,,Graczyk18,,,,,EB,189.1,0.5,True,True,0.00684,0.00026,0.00026,0.3398,0.0042,0.0042,4.077012825365704,0.883839978266705,3.610270352121285,4.721651841806034,1.6121567205994172,5.118563040761399
7463,7492,OGLE_LMC-ECL-10567_B,3.184,0.026,0.026,36.64,0.25,0.25,4715.0,75.0,75.0,598.0,39.0,39.0,-0.7,0.1,0.1,1.813,0.006,0.006,6.47e-05,1.4e-06,1.4e-06,,RGB,G9,,Graczyk18,,,,,EB,189.1,0.5,True,True,0.02432,0.00058,0.00058,0.5167,0.004,0.004,4.226640860836548,1.4554604084225238,3.5503969401320057,5.126972170280395,1.0534001398258617,5.623448040724872
7464,7493,OGLE_LMC-ECL-230659_A,3.598,0.038,0.038,32.83,0.22,0.22,5000.0,70.0,70.0,607.0,35.0,35.0,-0.24,0.11,0.11,1.962,0.005,0.005,0.0001017,2.3e-06,2.3e-06,,,G6III,,Graczyk18,,,,,EB,679.0,2.0,True,True,0.0003506,8.6e-06,8.6e-06,0.1262,0.001,0.001,4.192268800400529,1.2278176073934293,3.2962701328499775,5.050081632054422,0.9263215358191863,5.452040284401445
7465,7494,OGLE_LMC-ECL-230659_B,3.429,0.03,0.03,23.4,0.31,0.31,5030.0,100.0,100.0,316.0,26.0,26.0,-0.24,0.11,0.11,2.235,0.011,0.011,0.000268,1.1e-05,1.1e-05,,,G6III,,Graczyk18,,,,,EB,679.0,2.0,True,True,0.0001371,5.8e-06,5.8e-06,0.092,0.0013,0.0013,3.995611720212866,1.076085457887203,3.5477022793163155,4.721619007961485,1.0316445473107678,5.06286139762774
7466,7495,OGLE_LMC-ECL-12669_A,1.843,0.029,0.029,24.17,0.34,0.34,4630.0,85.0,85.0,242.0,19.0,19.0,-0.3,0.14,0.14,1.937,0.012,0.012,0.0001305,5.9e-06,5.9e-06,,,"K0,5III",,Graczyk18,,,,,EB,542.0,3.0,True,True,0.000301,1.5e-05,1.5e-05,0.1194,0.0019,0.0019,4.144539746756873,4.1996364499681995,3.8796667503297715,5.050184464470207,1.2583452118546348,5.5726435225075655
7467,7496,OGLE_LMC-ECL-12669_B,1.962,0.03,0.03,23.36,0.3,0.3,4715.0,95.0,95.0,243.0,21.0,21.0,-0.3,0.14,0.14,1.994,0.011,0.011,0.0001539,6.4e-06,6.4e-06,,,G9III,,Graczyk18,,,,,EB,542.0,3.0,True,True,0.000246,1.1e-05,1.1e-05,0.1121,0.0017,0.0017,4.209364435401314,1.628537973550298,3.814995427534254,4.990941728834827,1.3823233588890889,5.383885045721506
7468,7497,OGLE_LMC-ECL-12875_A,1.831,0.02,0.02,15.62,0.13,0.13,4845.0,100.0,100.0,121.0,10.0,10.0,-0.48,0.15,0.15,2.313,0.007,0.007,0.00048,1.3e-05,1.3e-05,,,G8III,,Graczyk18,,,,,EB,186.0,0.7,True,False,0.001931,5.9e-05,5.9e-05,0.2224,0.0022,0.0022,4.149816112821669,0.8429894104120931,3.8856456676845785,4.645096578607496,1.9545289595032225,5.048286086640999
7469,7498,OGLE_LMC-ECL-12875_B,1.858,0.023,0.023,40.82,0.32,0.32,4385.0,110.0,110.0,555.0,56.0,56.0,-0.48,0.15,0.15,1.486,0.006,0.006,2.732e-05,7.3e-07,7.3e-07,,,"K2,5III",,Graczyk18,,,,,EB,186.0,0.7,True,False,0.03367,0.00098,0.00098,0.5772,0.0055,0.0055,4.617602406332295,1.4255003640490762,3.740914033112998,5.565704022701936,1.3780687334332804,6.04462727128575
7470,7499,OGLE_LMC-ECL-12933_A,1.516,0.019,0.019,17.32,0.22,0.22,4900.0,200.0,200.0,156.0,26.0,26.0,-0.38,0.13,0.13,2.142,0.011,0.011,0.000292,1.2e-05,1.2e-05,,,G7III,,Graczyk18,,,,,EB,152.6,0.6,True,False,0.00471,0.0002,0.0002,0.2994,0.0041,0.0041,4.256477282048617,0.8629828055797594,3.932449560438326,4.836619933056687,1.7382253391277018,5.21305584083803
7471,7500,OGLE_LMC-ECL-12933_B,1.514,0.017,0.017,36.41,0.31,0.31,4470.0,150.0,150.0,477.0,64.0,64.0,-0.38,0.13,0.13,1.496,0.007,0.007,3.137e-05,8.8e-07,8.8e-07,,,K2III,,Graczyk18,,,,,EB,152.6,0.6,True,False,0.0438,0.0014,0.0014,0.6299,0.0064,0.0064,3.719113112886475,17.47801619033931,3.798347084252111,5.567211350162662,1.1547805871312529,6.029762987445236
7472,7501,OGLE_LMC-ECL-13360_A,3.95,0.024,0.024,30.46,0.38,0.38,5495.0,90.0,90.0,762.0,54.0,54.0,-0.3,0.1,0.1,2.067,0.011,0.011,0.0001398,5.3e-06,5.3e-06,,,G1II-III,,Graczyk18,,,,,EB,345.3,0.7,True,True,0.002262,8.7e-05,8.7e-05,0.2343,0.003,0.003,4.108041925548539,1.119602947789998,2.767614118001977,4.92709914279914,1.284362347995363,5.3258502867145046
7473,7502,OGLE_LMC-ECL-13360_B,4.06,0.024,0.024,39.46,0.35,0.35,5085.0,80.0,80.0,938.0,61.0,61.0,-0.3,0.1,0.1,1.854,0.008,0.008,6.61e-05,1.8e-06,1.8e-06,,,G4II-III,,Graczyk18,,,,,EB,345.3,0.7,True,True,0.00471,0.00013,0.00013,0.2997,0.0028,0.0028,4.269066257890257,1.1503097783498395,2.9705661015846694,5.162653344140344,1.0749900568410355,5.687008174970527
7474,7503,OGLE_LMC-ECL-13529_A,2.857,0.016,0.016,17.03,0.21,0.21,5295.0,75.0,75.0,205.0,13.0,13.0,-0.18,0.14,0.14,2.432,0.011,0.011,0.000578,2.2e-05,2.2e-05,,,G4III,,Graczyk18,,,,,EB,101.1,0.2,True,True,0.0152,0.00058,0.00058,0.4429,0.0056,0.0056,3.815525499795903,2.4000634016335995,3.5549568918830077,4.526858044411176,1.0646784410315269,4.840759371056443
7475,7504,OGLE_LMC-ECL-13529_B,2.81,0.016,0.016,15.98,0.22,0.22,5260.0,90.0,90.0,176.0,13.0,13.0,-0.18,0.14,0.14,2.48,0.012,0.012,0.000689,2.9e-05,2.9e-05,,,G4III,,Graczyk18,,,,,EB,101.1,0.2,True,True,0.0129,0.00054,0.00054,0.4187,0.0059,0.0059,3.9291804893981346,0.8626298599256437,3.6197656396700504,4.472101376402738,1.3924216037859054,4.80640506782442
7476,7505,OGLE_LMC-ECL-15260_A,1.449,0.018,0.018,23.22,0.43,0.43,4810.0,130.0,130.0,260.0,30.0,30.0,-0.63,0.12,0.12,1.868,0.016,0.016,0.0001157,6.6e-06,6.6e-06,,RGB,G8,,Graczyk18,,,,,EB,174.5,0.7,True,False,0.00748,0.00044,0.00044,0.3497,0.0068,0.0068,4.325812803592779,1.408341965981593,3.913907034397435,5.100247782298948,1.1651894276048103,5.7104393552502755
7477,7506,OGLE_LMC-ECL-15260_B,1.422,0.016,0.016,42.2,0.92,0.92,4420.0,85.0,85.0,612.0,54.0,54.0,-0.63,0.12,0.12,1.34,0.019,0.019,1.89e-05,1.3e-06,1.3e-06,,RGB,K2,,Graczyk18,,,,,EB,174.5,0.7,True,False,0.0463,0.0031,0.0031,0.641,0.014,0.014,4.321782875964787,6.749558511159016,3.7515364667937763,5.6385037391555715,1.4043257908259132,6.1563908632837485
7478,7507,OGLE_LMC-ECL-18836_A,2.858,0.031,0.031,15.95,0.25,0.25,5155.0,100.0,100.0,162.0,14.0,14.0,-0.4,0.1,0.1,2.489,0.013,0.013,0.000704,3.4e-05,3.4e-05,,HB,G5,,Graczyk18,,,,,EB,241.2,0.9,True,True,0.000913,4.6e-05,4.6e-05,0.1735,0.0029,0.0029,3.955093407280411,1.0397487979082027,3.6435128611107954,4.4312903203126695,1.8160096915356179,4.754233791936243
7479,7508,OGLE_LMC-ECL-18836_B,2.784,0.036,0.036,30.87,0.33,0.33,4605.0,80.0,80.0,386.0,28.0,28.0,-0.4,0.1,0.1,1.904,0.009,0.009,9.46e-05,3.3e-06,3.3e-06,,RGB,K1,,Graczyk18,,,,,EB,241.2,0.9,True,True,0.0069,0.00025,0.00025,0.3398,0.0041,0.0041,4.279411652484515,1.272755750091306,3.6622966347683734,5.066843662263721,1.3728878904562207,5.424064628753135
7480,7509,OGLE_LMC-ECL-21873_A,2.984,0.021,0.021,20.26,0.22,0.22,5265.0,75.0,75.0,284.0,17.0,17.0,-0.28,0.12,0.12,2.3,0.009,0.009,0.000359,1.2e-05,1.2e-05,,RGB,G4,,Graczyk18,,,,,EB,211.3,0.5,True,True,0.00292,0.0001,0.0001,0.2551,0.0029,0.0029,3.8344297677817125,3.2436236110751597,3.5579246108397893,4.65999351058615,1.2630685068570375,5.030277640530707
7481,7510,OGLE_LMC-ECL-21873_B,3.093,0.024,0.024,24.67,0.24,0.24,5055.0,80.0,80.0,358.0,24.0,24.0,-0.28,0.12,0.12,2.144,0.008,0.008,0.000206,6.2e-06,6.2e-06,,RGB,G6,,Graczyk18,,,,,EB,211.3,0.5,True,True,0.00498,0.00016,0.00016,0.3056,0.0031,0.0031,4.051511182104594,1.3416956718335313,3.5737205805930476,4.812626154582452,1.0946408331460276,5.201030391298067
7482,7511,OGLE_LMC-ECL-24887_A,2.747,0.047,0.047,16.43,0.26,0.26,5130.0,80.0,80.0,168.0,12.0,12.0,-0.22,0.12,0.12,2.446,0.014,0.014,0.000619,3.1e-05,3.1e-05,,,G5III,,Graczyk18,,,,,EB,156.6,0.8,True,True,0.00397,0.00021,0.00021,0.282,0.0049,0.0049,3.921677696394549,1.1519011385491758,3.6565745159855347,4.5102318131208055,1.169185784949293,4.87478260573741
7483,7512,OGLE_LMC-ECL-24887_B,2.976,0.045,0.045,17.83,0.3,0.3,5070.0,80.0,80.0,189.0,14.0,14.0,-0.22,0.12,0.12,2.409,0.014,0.014,0.000525,2.8e-05,2.8e-05,,,G6III,,Graczyk18,,,,,EB,156.6,0.8,True,True,0.00446,0.00025,0.00025,0.2951,0.0054,0.0054,3.9402127672055327,0.9682675727539042,3.6523993216669584,4.537463137576402,1.6354382915803152,4.858782351739552
7484,7513,OGLE_LMC-ECL-25658_A,2.231,0.024,0.024,21.4,0.15,0.15,4840.0,70.0,70.0,226.0,14.0,14.0,-0.48,0.13,0.13,2.126,0.006,0.006,0.0002276,5.4e-06,5.4e-06,,,G8III,,Graczyk18,,,,,EB,231.3,0.6,True,True,0.002552,6.5e-05,6.5e-05,0.2441,0.002,0.002,4.170355255277343,0.9045495047592808,3.769392112704893,4.841283954290775,1.5027109149651416,5.215752542828544
7485,7514,OGLE_LMC-ECL-25658_B,2.23,0.023,0.023,27.61,0.19,0.19,4720.0,75.0,75.0,341.0,22.0,22.0,-0.48,0.13,0.13,1.904,0.006,0.006,0.000106,2.4e-06,2.4e-06,,,G9III,,Graczyk18,,,,,EB,231.3,0.6,True,True,0.00548,0.00014,0.00014,0.3151,0.0026,0.0026,4.288513427070988,1.891214659062533,3.6880674591802274,5.094464816447077,1.4519821346367818,5.496795942623126
7486,7515,KIC5193386_A,1.39,0.03,0.03,4.49,0.05,0.05,4780.0,100.0,100.0,9.48,0.82,0.82,-0.36,0.06,0.06,3.274,0.004,0.004,0.01536,0.00061,0.00061,,RGB,,,Benbakoura21,,,,,EB,44.34,0.34,True,True,0.00292,0.00016,0.00016,0.2571,0.0044,0.0044,3.2364539176791425,0.19795390214899858,3.1321468035418927,3.3606167742779145,2.699940440398389,3.54883277837882
7487,7516,KIC5193386_B,1.17,0.05,0.05,1.37,0.01,0.01,6622.0,127.0,127.0,3.25,0.25,0.25,-0.36,0.06,0.06,4.23,0.02,0.02,0.455,0.022,0.022,,,,,Benbakoura21,,,,,EB,44.34,0.34,True,True,0.0001094,5.5e-06,5.5e-06,0.0849,0.0013,0.0013,1.3721686803888347,0.03495626367272944,1.3386615136733457,1.4069219148916166,1.303345459513134,1.4384347144504788
7488,7517,KIC6307537_A,1.29,0.07,0.07,4.45,0.06,0.06,4960.0,240.0,240.0,10.8,2.1,2.1,0.0,0.4,0.4,3.25,0.01,0.01,0.01464,0.00099,0.00099,,RGB,,,Benbakoura21,,,,,EB,53.71,0.61,True,True,0.00157,0.00012,0.00012,0.2092,0.0048,0.0048,3.4140603028109764,0.3102274135519662,3.2719969716348487,3.5703106065428547,2.998477556161773,3.7620092225930932
7489,7518,KIC6307537_B,1.06,0.04,0.04,1.17,0.02,0.02,6387.0,306.0,306.0,2.05,0.4,0.4,0.0,0.4,0.4,4.33,0.02,0.02,0.662,0.042,0.042,,,,,Benbakoura21,,,,,EB,53.71,0.61,True,True,3.91e-05,3.2e-06,3.2e-06,0.0602,0.0015,0.0015,1.1921635228160172,0.240579681127795,1.1514450143064368,1.246708951657676,1.0268945042432474,1.3650015037459193
7490,7519,KIC11235323_A,1.03,0.01,0.01,3.578,0.009,0.009,4840.0,200.0,200.0,6.3,1.0,1.0,-0.4,0.2,0.2,3.342,0.004,0.004,0.02249,0.00028,0.00028,,RGB,,,Benbakoura21,,,,,EB,38.76,0.065,True,True,0.002455,2.9e-05,2.9e-05,0.24137,0.00091,0.00091,3.1491884439628115,0.8094526317547764,3.029271987173381,3.280026920146406,2.441642964850422,3.454022151082964
7491,7520,KIC11235323_B,0.989,0.002,0.002,1.544,0.004,0.004,6319.0,254.0,254.0,3.42,0.55,0.55,-0.4,0.2,0.2,4.06,0.0,0.0,0.2687,0.0022,0.0022,,,,,Benbakoura21,,,,,EB,38.76,0.065,True,True,0.0002105,2.6e-06,2.6e-06,0.10611,0.00041,0.00041,1.652169096299595,0.04622541468734884,1.607048476387925,1.6987062026250246,1.563124026484954,1.7347640599348617
7493,7522,HD187669_A,1.504,0.004,0.004,11.33,0.28,0.28,4650.0,80.0,80.0,53.9,3.9,3.9,-0.25,0.1,0.1,2.507,0.02,0.02,0.001034,7.7e-05,7.7e-05,,RGB,,,Helminiak15,,,,,EB,120.51,0.04,True,True,0.00268,0.0002,0.0002,0.2482,0.0061,0.0061,4.094840282030812,0.3761713231680816,3.814435367619578,4.430688373083292,3.433477655517334,4.717470854173265
7494,7523,HD187669_B,1.505,0.004,0.004,22.62,0.5,0.5,4330.0,70.0,70.0,161.0,13.0,13.0,-0.25,0.1,0.1,1.907,0.019,0.019,0.00013,8.6e-06,8.6e-06,,RGB,,,Helminiak15,,,,,EB,120.51,0.04,True,True,0.0213,0.0014,0.0014,0.495,0.011,0.011,4.405265939653151,1.1030551948261915,4.066176603935274,5.0512408802278745,1.6510344806776878,5.486298652587915
12627,12658,TV_Cet_A,1.385,0.052,0.052,1.484,0.02,0.02,6902.0,150.0,150.0,4.5,0.41,0.41,-0.122,0.005,0.005,4.237,0.02,0.02,0.424,0.023,0.023,,MS,F2V,,Eker14+18,,,,,EB,25.15,0.25,True,True,0.000616,4.1e-05,4.1e-05,0.1526,0.0032,0.0032,1.4898584161210495,0.040043737220686736,1.449736652973269,1.5296424110089608,1.4199260999762278,1.5719073756649122
12628,12659,TV_Cet_B,1.265,0.051,0.051,1.221,0.01,0.01,6575.0,150.0,150.0,2.51,0.23,0.23,-0.122,0.005,0.005,4.367,0.019,0.019,0.695,0.033,0.033,,MS,F5V,,Eker14+18,,,,,EB,25.15,0.25,True,True,0.000397,2.3e-05,2.3e-05,0.1308,0.0024,0.0024,1.1756304689613015,0.033425274955284065,1.149036413460288,1.2036958703082692,1.1155206533250244,1.2329937050547655
12780,12813,BH_Vir_A,1.178,0.018,0.018,1.228,0.05,0.05,6100.0,100.0,100.0,1.88,0.2,0.2,-0.2839,0.0074,0.0074,4.331,0.036,0.036,0.636,0.078,0.078,,MS,F8V,,Eker14+18,,,,,EB,4.77,0.02,True,False,0.0502,0.0062,0.0062,0.662,0.027,0.027,1.100351949822352,0.03301863646383639,1.0711761705555705,1.1338218247406575,1.0432519089874062,1.1684440020194455
12781,12814,BH_Vir_B,1.05,0.015,0.015,1.118,0.04,0.04,5500.0,200.0,200.0,1.03,0.17,0.17,-0.2839,0.0074,0.0074,4.363,0.032,0.032,0.751,0.081,0.081,,MS,G5V,,Eker14+18,,,,,EB,4.77,0.02,True,False,0.0455,0.005,0.005,0.635,0.023,0.023,0.9432220644524771,0.15093622656555267,0.8946526294953706,1.002422655935216,0.6981085030414909,1.1209775843987206
12861,12894,KIC7177553_A,1.043,0.014,0.014,0.94,0.005,0.005,5800.0,130.0,130.0,0.901,0.081,0.081,0.204,0.013,0.013,4.51,0.007,0.007,1.256,0.026,0.026,,MS,G2V,,Eker14+18,,,,,EB,36.76,0.15,True,True,5.15e-05,1.3e-06,1.3e-06,0.06663,0.00054,0.00054,0.8910134485072874,0.028618844719998007,0.866953957023228,0.9146672387476634,0.8421446355854008,0.94568728537683
12862,12895,KIC7177553_B,0.986,0.015,0.015,0.941,0.005,0.005,5740.0,140.0,140.0,0.866,0.085,0.085,0.204,0.013,0.013,4.485,0.008,0.008,1.183,0.026,0.026,,MS,G2V,,Eker14+18,,,,,EB,36.76,0.15,True,True,5.66e-05,1.5e-06,1.5e-06,0.06843,0.00056,0.00056,0.9118408814330675,0.03477265773221014,0.885828299893654,0.9360798700528442,0.8526985659835257,0.9810191515722032
12883,12916,KIC3230227_A,1.84,0.18,0.18,2.01,0.09,0.09,8000.0,30.0,30.0,14.9,1.4,1.4,-0.135,0.005,0.005,4.097,0.058,0.058,0.227,0.038,0.038,,MS,A6,,Eker14+18,,,,,EB,23.64,0.95,True,True,0.00189,0.0004,0.0004,0.221,0.015,0.015,2.3762917629127434,0.15911270711413972,2.2304174237380034,2.518060018598855,2.0974231359855326,2.6955497341364576
12884,12917,KIC3230227_B,1.73,0.17,0.17,1.68,0.08,0.08,8177.0,30.0,30.0,11.4,1.1,1.1,-0.135,0.005,0.005,4.226,0.059,0.059,0.365,0.063,0.063,,MS,A6,,Eker14+18,,,,,EB,23.64,0.95,True,True,0.00122,0.00027,0.00027,0.19,0.013,0.013,2.0788308471581773,0.18322163295775248,1.9398445735847842,2.2029907005068785,1.7983972020509955,2.329819249773823
12936,12969,V443_Cyg_A,1.2,0.2,0.2,1.3,0.2,0.2,6700.0,350.0,350.0,3.1,1.1,1.1,-0.213,0.025,0.025,4.29,0.152,0.152,0.55,0.27,0.27,,MS,F2/3V,,Eker14+18,,,,,EB,9.4,0.33,True,True,0.008,0.0043,0.0043,0.358,0.062,0.062,1.5051231508393113,1.345963092973074,1.2123025841067832,1.5840680919539778,0.8469392001182513,2.531192537650477
12937,12970,V443_Cyg_B,1.1,0.3,0.3,1.1,0.2,0.2,6200.0,550.0,550.0,1.61,0.82,0.82,-0.213,0.025,0.025,4.397,0.197,0.197,0.83,0.5,0.5,,MS,F8V,,Eker14+18,,,,,EB,9.4,0.33,True,True,0.0055,0.0034,0.0034,0.315,0.063,0.063,1.649602689790965,8.650211880499763,0.793573236711242,1.332359864929533,-1.6743721215487806,6.2975823047436945
12942,12975,V456_Cyg_A,1.86,0.06,0.06,1.68,0.02,0.02,7750.0,100.0,100.0,9.17,0.52,0.52,0.039,0.016,0.016,4.257,0.017,0.017,0.392,0.019,0.019,,MS,A7V,,Eker14+18,,,,,EB,5.88,0.06,True,False,0.0661,0.0039,0.0039,0.727,0.014,0.014,1.8175661697347698,0.06414501058803226,1.755375801520663,1.8730754247907613,1.6846097061099738,1.939697059325124
12943,12976,V456_Cyg_B,1.58,0.05,0.05,1.47,0.02,0.02,6755.0,400.0,400.0,4.05,0.97,0.97,0.039,0.016,0.016,4.302,0.018,0.018,0.497,0.026,0.026,,MS,F3V,,Eker14+18,,,,,EB,5.88,0.06,True,False,0.0575,0.0036,0.0036,0.685,0.014,0.014,1.3777562295104873,0.7123694407235317,1.2627875706001854,1.4138179776997986,1.0489554729803043,1.6193240751100737
13013,13046,BLG-305487_A,1.06,0.02,0.02,19.27,0.28,0.28,4248.0,375.0,440.0,108.0,41.0,41.0,0.1,0.53,0.67,1.893,0.013,0.013,0.0001481,7e-06,7e-06,,RGB,K0,,Suchomska22,,,,,EB,168.37,0.998,True,True,0.00458,0.00024,0.00024,0.2975,0.005,0.005,4.639549699005313,0.7269742457222141,4.256897544045053,5.211671109849316,2.327578387851355,5.78969378429232
13014,13047,BLG-305487_B,0.991,0.018,0.018,29.99,0.24,0.24,3984.0,242.0,254.0,203.0,51.0,51.0,0.01,0.39,0.34,1.48,0.005,0.005,3.67e-05,1.1e-06,1.1e-06,,AGB,K2,,Suchomska22,,,,,EB,168.37,0.998,True,True,0.01923,0.0007,0.0007,0.4774,0.0056,0.0056,4.828230552610915,1.05941619550114,4.300409548141217,5.666736913956001,1.7091954607159823,6.235876545681742
13015,13048,BLG-116218_A,0.969,0.012,0.012,16.73,0.28,0.28,4233.0,204.0,196.0,81.0,15.0,15.0,-0.52,0.28,0.33,1.978,0.015,0.015,0.000207,1.1e-05,1.1e-05,,RGB,K2,,Suchomska22,,,,,EB,98.168,0.369,True,False,0.01614,0.00086,0.00086,0.4512,0.0079,0.0079,4.570966106154162,0.5561886992032361,4.2028234354952465,5.030301399539916,3.59439647413668,5.512548506776001
13016,13049,BLG-116218_B,0.983,0.012,0.012,22.06,0.26,0.26,4083.0,143.0,135.0,121.0,17.0,17.0,-0.41,0.21,0.24,1.744,0.009,0.009,9.16e-05,3.4e-06,3.4e-06,,RGB,K3,,Suchomska22,,,,,EB,98.168,0.369,True,False,0.0362,0.0014,0.0014,0.5911,0.0077,0.0077,4.650172265530042,1.0034160381089376,4.280928398034765,5.298741219011838,2.320521557410598,5.7989770003579615
