original_row,Seq,SIMBAD_ID,M,eM1,eM2,R,eR1,eR2,Teff,eTeff1,eTeff2,L,eL1,eL2,Meta,eMeta1,eMeta2,logg,elogg1,elogg2,rho,erho1,erho2,cutoff,class,type,pla,catalog,e_M,e_R,e_Teff,e_L,mode,orbit_a,eOrbit_a,detached,well_detached,oblateness,eoblateness1,eoblateness2,fill_factor,efill_factor1,efill_factor2,mass_pred,mass_sigma,mass_p16,mass_p84,mass_p02_5,mass_p97_5
22,23,NGTS-EB-8_A,0.25,0.005,0.004,0.255,0.004,0.005,3500.0,100.0,200.0,0.0088,0.001,0.002,0.0,0.5,0.5,5.023,0.02,0.016,15.08,0.77,0.92,,MS,M,,OBrien25,,,,,EB,8.43,0.02,True,True,7.72e-05,4.5e-06,4.5e-06,0.0766,0.0014,0.0014,1.2553206417305192,11.611837440666214,0.8408844634514393,1.444502510261867,-0.1532764030954689,2.429877214696037
23,24,NGTS-EB-8_B,0.208,0.005,0.004,0.233,0.006,0.005,3300.0,100.0,100.0,0.0058,0.00076,0.00075,0.0,0.5,0.5,5.021,0.02,0.022,16.4,1.3,1.1,,MS,M,,OBrien25,,,,,EB,8.43,0.02,True,True,7.9e-05,5.9e-06,5.9e-06,0.0761,0.0019,0.0019,1.1794297492415704,5.407761261354322,0.8320969722538404,1.4595968178473187,-0.2598771846684769,2.5311843198738666
36,37,TIC278683641_A,1.273,0.007,0.007,1.612,0.003,0.003,5940.0,110.0,110.0,2.92,0.14,0.14,0.2907,0.0039,0.0039,4.128,0.001,0.001,0.3039,0.0024,0.0024,,MS,F/G,,CakirliDec25,,,,,EB,13.5,0.021,True,True,0.003129,2.6e-05,2.6e-05,0.26718,0.00073,0.00073,1.2253462256418344,0.0516673146372486,1.1781599923218067,1.2725110092525334,1.1227900528456913,1.326375588264275
37,38,TIC278683641_B,0.589,0.002,0.002,0.585,0.001,0.001,3653.0,97.0,97.0,0.06,0.01,0.01,0.2907,0.0039,0.0039,4.674,0.001,0.001,2.942,0.018,0.018,,MS,M,,CakirliDec25,,,,,EB,13.5,0.021,True,True,0.0005059,4.6e-06,4.6e-06,0.13776,0.00039,0.00039,1.068414319679825,2.851665626205729,0.788068846217393,1.387128045644375,-0.11844241612359764,2.35859430066289
40,41,KIC9656397_A,1.15,0.15,0.09,1.09,0.16,0.16,6270.0,140.0,130.0,1.66,0.51,0.49,-0.089,0.041,0.041,4.38,0.04,0.04,0.89,0.41,0.4,,MS,F2,,Xu26,,,,,EB,204.0,20.0,True,True,5e-07,2.7e-07,2.7e-07,0.0141,0.0026,0.0026,1.1299373284883185,0.06809387599314702,1.0958408951512035,1.1646068380723615,1.0228630198633628,1.2388706586111844
41,42,KIC9656397_B,1.16,0.19,0.14,1.09,0.16,0.15,6360.0,140.0,130.0,1.76,0.54,0.51,-0.089,0.041,0.041,4.38,0.04,0.04,0.9,0.42,0.39,,MS,F2,,Xu26,,,,,EB,204.0,20.0,True,True,4.9e-07,2.6e-07,2.6e-07,0.0141,0.0025,0.0025,1.1608066877145293,0.059136616151820434,1.1272466016901115,1.1928908921697055,1.0635130369372066,1.2560198382999324
42,43,LL_Aqr_A,1.1947,0.0009,0.0009,1.318,0.0013,0.0013,6242.0,51.0,51.0,2.38,0.08,0.08,0.04,0.05,0.05,4.2755,0.0009,0.0009,0.5218,0.0016,0.0016,,MS,F9,,Miller26,,,,,EB,40.744,0.007,True,True,9.731e-05,3e-07,3e-07,0.082618,8.5e-05,8.5e-05,1.2062742671453481,0.02609490004426352,1.1820577114838982,1.2307769871977705,1.1548549607551724,1.2574894427873862
43,44,LL_Aqr_B,1.0334,0.0006,0.0006,0.9927,0.0008,0.0008,5839.0,45.0,45.0,1.03,0.03,0.03,0.05,0.08,0.08,4.4587,0.0008,0.0008,1.0564,0.0026,0.0026,,MS,G3,,Miller26,,,,,EB,40.744,0.007,True,True,5.244e-05,1.4e-07,1.4e-07,0.06649,5.7e-05,5.7e-05,1.0142885065656544,0.01712256296733753,0.9985647355314914,1.0303419718525269,0.9795805775087341,1.0471926371884284
44,45,V570_Per_A,1.4569,0.0094,0.01,1.543,0.012,0.009,6556.0,64.0,26.0,3.96,0.22,0.11,0.18,0.03,0.01,4.225,0.009,0.009,0.3966,0.0096,0.0075,,MS,F3,,Yucel26,,,,,EB,9.118,0.016,True,True,0.01477,0.00033,0.00033,0.4395,0.0032,0.0032,1.4028015609790734,0.03841558569296745,1.3676714577639935,1.4369971336945304,1.3176864557288113,1.4742900502326453
45,46,V570_Per_B,1.3579,0.0094,0.0089,1.377,0.013,0.015,6468.0,32.0,21.0,2.99,0.12,0.1,0.17,0.01,0.01,4.293,0.011,0.011,0.52,0.015,0.017,,MS,F5,,Yucel26,,,,,EB,9.118,0.016,True,True,0.01175,0.00037,0.00037,0.405,0.0043,0.0043,1.3388992211315784,0.041780884388866006,1.302628730136149,1.3738878265720327,1.2516663407119921,1.4212012093949133
48,49,BEPOP-3_A,1.084,0.026,0.026,1.386,0.01,0.01,6065.0,36.0,36.0,2.35,0.03,0.03,-0.02,0.1,0.1,4.1895,0.0041,0.0041,0.407,0.013,0.013,,MS,F9,,Maxted25,,,,,EB,26.0,0.16,True,True,0.0001921,6.1e-06,6.1e-06,0.1057,0.0011,0.0011,1.1345680808296732,0.026053988133209274,1.1095483136262945,1.1592874767208414,1.082074818499848,1.1858710474254728
49,50,BEPOP-3_B,0.262,0.004,0.004,0.274,0.002,0.002,3191.0,32.0,32.0,0.01,0.0,0.0,-0.02,0.1,0.1,4.979,0.0016,0.0016,12.74,0.34,0.34,,MS,M,,Maxted25,,,,,EB,26.0,0.16,True,True,1.324e-05,5.2e-07,5.2e-07,0.03974,0.00049,0.00049,1.3459605571385493,66.85611562781845,0.8276347027546909,1.4739381520686048,-0.18517091780027956,2.4426961697411893
50,51,TIC189069314_A,1.126,0.069,0.069,1.439,0.047,0.047,6286.0,108.0,108.0,2.9,0.09,0.09,-0.32,0.03,0.03,4.17,0.01,0.01,0.378,0.044,0.044,,MS,,,MWang25,,,,,EB,14.49,0.01,True,True,0.00278,0.00033,0.00033,0.2528,0.0095,0.0095,1.1100696233090839,0.04084398174088809,1.0718166487069485,1.1487055380002749,1.0278371443088088,1.1921666609350523
51,52,TIC189069314_B,0.96,0.054,0.054,1.023,0.035,0.035,5739.0,117.0,117.0,1.01,0.04,0.04,-0.32,0.03,0.03,4.4,0.03,0.03,0.9,0.1,0.1,,MS,,,MWang25,,,,,EB,14.49,0.01,True,True,0.00129,0.00016,0.00016,0.1933,0.0076,0.0076,0.8612450314368408,0.12453568830291824,0.7724730295334453,0.948922658157213,0.6145754271149302,1.1084446343962513
52,53,TIC54759992_A,1.236,0.042,0.042,1.255,0.028,0.028,6733.0,126.0,126.0,2.9,0.09,0.09,-0.53,0.03,0.03,4.33,0.01,0.01,0.625,0.047,0.047,,MS,,,MWang25,,,,,EB,9.62,0.05,True,True,0.0062,0.00046,0.00046,0.3304,0.008,0.008,1.1602615375194383,0.05256773081448821,1.1145509413336765,1.2067412024497663,1.057698976906704,1.2632201156201595
53,54,TIC54759992_B,1.03,0.011,0.011,0.98,0.035,0.035,5619.0,139.0,139.0,0.86,0.04,0.04,-0.53,0.03,0.03,4.48,0.03,0.03,1.09,0.12,0.12,,MS,,,MWang25,,,,,EB,9.62,0.05,True,True,0.00395,0.00044,0.00044,0.28,0.01,0.01,0.791969032170271,0.26334389731255853,0.6580714769884187,0.9296494458668069,0.3079822271930392,1.2611850382393148
54,55,TIC46299496_A,1.123,0.028,0.028,1.13,0.018,0.018,6056.0,113.0,113.0,1.54,0.04,0.04,-0.56,0.03,0.03,4.38,0.01,0.01,0.778,0.042,0.042,,MS,,,MWang25,,,,,EB,11.99,0.01,True,True,0.00256,0.00014,0.00014,0.2451,0.0044,0.0044,0.8902060553900637,0.04090104502921211,0.8518424986305064,0.9279652619734452,0.8067693492101808,0.9717941660419871
55,56,TIC46299496_B,1.053,0.026,0.026,1.02,0.04,0.04,5926.0,120.0,120.0,1.15,0.05,0.05,-0.56,0.03,0.03,4.44,0.02,0.02,0.99,0.12,0.12,,MS,,,MWang25,,,,,EB,11.99,0.01,True,True,0.00209,0.00025,0.00025,0.2279,0.0091,0.0091,0.8482587420848139,0.0595643466661656,0.7965097614102369,0.9002283594240468,0.7273919358883321,0.9679477342030911
56,57,TIC369605666_A,0.995,0.014,0.014,1.041,0.036,0.036,6116.0,108.0,108.0,1.36,0.05,0.05,-0.05,0.01,0.01,4.4,0.03,0.03,0.882,0.092,0.092,,MS,,,MWang25,,,,,EB,10.17,0.01,True,True,0.00299,0.00032,0.00032,0.2591,0.0092,0.0092,1.0837387699249785,0.03345473210670744,1.0565112785849415,1.1106833819239315,1.0163613184579896,1.149576963422264
57,58,TIC369605666_B,0.827,0.024,0.024,0.789,0.044,0.044,5486.0,116.0,116.0,0.51,0.04,0.03,-0.05,0.01,0.01,4.56,0.05,0.05,1.68,0.29,0.29,,MS,,,MWang25,,,,,EB,10.17,0.01,True,True,0.00175,0.0003,0.0003,0.214,0.012,0.012,0.9099737284370716,1.6953278924671773,0.7318823379196738,1.043666540467915,0.020962064077758923,1.8441615793818815
58,59,TIC431925451_A,1.426,0.079,0.079,1.488,0.09,0.09,6989.0,131.0,131.0,4.74,0.3,0.29,-0.2,0.02,0.02,4.25,0.05,0.05,0.433,0.082,0.082,,MS,,,MWang25,,,,,EB,14.19,0.01,True,True,0.00367,0.0007,0.0007,0.276,0.017,0.017,1.3656653912759267,0.4503585392439352,1.3253150262117472,1.41735708356756,1.2024552186044237,1.5473402193772945
59,60,TIC431925451_B,1.404,0.061,0.061,1.481,0.087,0.087,6614.0,145.0,145.0,3.82,0.24,0.23,-0.2,0.02,0.02,4.24,0.07,0.07,0.432,0.078,0.078,,MS,,,MWang25,,,,,EB,14.19,0.01,True,True,0.00371,0.00069,0.00069,0.276,0.017,0.017,1.2730622337011426,0.5125090285797648,1.2283214224311156,1.3178115082500501,1.0332254627393076,1.5202519922366013
60,61,TIC100520485_A,1.218,0.015,0.015,1.639,0.041,0.041,6090.0,127.0,127.0,3.31,0.1,0.1,-0.42,0.05,0.05,4.08,0.02,0.02,0.277,0.021,0.021,,MS,,,MWang25,,,,,EB,16.45,0.01,True,True,0.00276,0.00021,0.00021,0.2524,0.0064,0.0064,1.0348525553794026,0.07579819797518152,0.9701509440082509,1.0999660334848202,0.8744599689421918,1.1843708700893298
61,62,TIC100520485_B,1.015,0.015,0.015,1.14,0.044,0.044,6209.0,144.0,144.0,1.73,0.09,0.08,-0.42,0.05,0.05,4.33,0.03,0.03,0.685,0.08,0.08,,MS,,,MWang25,,,,,EB,16.45,0.01,True,True,0.00124,0.00015,0.00015,0.1908,0.0074,0.0074,0.9932008799576963,0.05988366296377756,0.9519302126494061,1.0347217253816272,0.8716696367996387,1.1136137133810418
62,63,TIC126323537_A,1.145,0.047,0.047,1.666,0.027,0.027,6787.0,133.0,133.0,5.28,0.14,0.13,-0.53,0.05,0.05,4.05,0.01,0.01,0.248,0.016,0.016,,MS,,,MWang25,,,,,EB,8.34,0.01,True,True,0.0256,0.0015,0.0015,0.527,0.01,0.01,1.2542370439474186,0.0736278000758673,1.2023814941479372,1.30686367320631,1.1140351673091775,1.3893291733527242
63,64,TIC126323537_B,1.141,0.016,0.016,1.481,0.049,0.049,6605.0,189.0,189.0,3.74,0.14,0.14,-0.53,0.05,0.05,4.15,0.02,0.02,0.351,0.035,0.035,,MS,,,MWang25,,,,,EB,8.34,0.01,True,True,0.0181,0.0019,0.0019,0.469,0.016,0.016,1.1581606393020116,0.10477750508181716,1.1117335073974879,1.2048856307520934,1.011432827299825,1.291922708458876
64,65,TIC327361036_A,1.443,0.022,0.022,2.146,0.094,0.094,7553.0,126.0,126.0,12.45,0.59,0.56,0.08,0.04,0.04,3.93,0.04,0.04,0.146,0.019,0.019,,MS,,,MWang25,,,,,EB,19.1,0.27,True,True,0.00414,0.00058,0.00058,0.288,0.013,0.013,1.6020466428730211,0.8125708830447916,1.4787293872391942,1.7513991274322398,1.208578624146198,1.8806575689628697
65,66,TIC327361036_B,1.272,0.021,0.021,1.19,0.063,0.063,7585.0,191.0,191.0,4.23,0.25,0.24,0.08,0.04,0.04,4.39,0.05,0.05,0.75,0.12,0.12,,MS,,,MWang25,,,,,EB,19.1,0.27,True,True,0.00086,0.00014,0.00014,0.1693,0.0093,0.0093,1.4622602144835672,2.169501851468957,1.3422267557011784,1.5373772161316834,1.0642574351715746,1.7616958599353225
66,67,TIC446092483_A,1.342,0.019,0.019,2.194,0.069,0.069,6336.0,120.0,120.0,6.07,0.21,0.21,-0.25,0.01,0.01,3.88,0.03,0.03,0.127,0.012,0.012,,MS,,,MWang25,,,,,EB,26.92,0.05,True,True,0.00189,0.00018,0.00018,0.2202,0.007,0.007,1.2784265145319584,0.060272019243602995,1.2338896846038945,1.3229488790766766,1.1560974639596509,1.3974661049400676
67,68,TIC446092483_B,1.486,0.028,0.028,1.459,0.077,0.077,6096.0,111.0,111.0,2.41,0.14,0.13,-0.25,0.01,0.01,4.28,0.04,0.04,0.478,0.076,0.076,,MS,,,MWang25,,,,,EB,26.92,0.05,True,True,0.000473,7.5e-05,7.5e-05,0.1398,0.0074,0.0074,1.0416366379173594,0.05933951394538976,1.0026427683734132,1.0812929139784027,0.9299354312315384,1.1546740304763419
68,69,TIC39022841_A,0.856,0.048,0.048,0.929,0.059,0.059,5914.0,101.0,101.0,0.95,0.06,0.06,-0.19,0.03,0.03,4.44,0.02,0.02,1.07,0.21,0.21,,MS,,,MWang25,,,,,EB,21.59,0.19,True,True,0.000265,5.3e-05,5.3e-05,0.1146,0.0076,0.0076,0.9513691784637889,0.035509611428149825,0.920274118108041,0.9829211066940952,0.8767490609292897,1.020262894556218
69,70,TIC39022841_B,0.892,0.037,0.037,1.074,0.087,0.087,6071.0,102.0,102.0,1.41,0.12,0.11,-0.19,0.03,0.03,4.33,0.03,0.03,0.72,0.18,0.18,,MS,,,MWang25,,,,,EB,21.59,0.19,True,True,0.000384,9.6e-05,9.6e-05,0.13,0.011,0.011,1.0211929342868975,0.03597699158234297,0.9907616878070595,1.0521069698565504,0.9488919306796552,1.0921649260490043
76,77,KIC11769146_A,1.001,0.007,0.007,0.968,0.002,0.002,5800.0,150.0,150.0,0.95,0.09,0.08,0.0,0.25,0.25,4.467,0.001,0.001,1.104,0.01,0.01,,MS,,,OzdarcanFeb25,,,,,EB,222.4,0.5,True,True,2.328e-07,2.8e-09,2.8e-09,0.011059,4.2e-05,4.2e-05,0.9886821026176106,0.0785918697639003,0.9293148853281471,1.0461277472938508,0.8335431107359536,1.147130302118804
77,78,KIC11769146_B,0.846,0.006,0.006,0.785,0.002,0.002,5180.0,150.0,150.0,0.4,0.05,0.04,0.0,0.25,0.25,4.575,0.001,0.001,1.749,0.018,0.018,,MS,,,OzdarcanFeb25,,,,,EB,222.4,0.5,True,True,1.625e-07,2.1e-09,2.1e-09,0.009685,4e-05,4e-05,0.8708130232679112,0.520452681468633,0.7661128640386186,0.9616282914571124,0.396842806591417,1.320638421557469
78,79,KIC8610483_A,0.92,0.02,0.02,1.461,0.01,0.01,5700.0,150.0,150.0,2.0,0.2,0.2,-0.25,0.25,0.25,4.07,0.004,0.004,0.295,0.0088,0.0088,,MS,,,OzdarcanFeb25,,,,,EB,68.7,0.4,True,True,3.1e-05,1.1e-06,1.1e-06,0.05612,0.00064,0.00064,0.9574285861036733,0.11383375344153121,0.8760319999447547,1.03748408146473,0.7287810374003548,1.1884556795582035
79,80,KIC8610483_B,0.92,0.02,0.02,1.329,0.009,0.009,5751.0,150.0,150.0,1.7,0.2,0.2,-0.25,0.25,0.25,4.153,0.004,0.004,0.392,0.012,0.012,,MS,,,OzdarcanFeb25,,,,,EB,68.7,0.4,True,True,2.333e-05,8.5e-07,8.5e-07,0.05105,0.00058,0.00058,0.9420194490798698,0.10288345268334725,0.8641342831051494,1.0196421640209752,0.7288154619152628,1.1473337294533499
80,81,KIC8868907_A,1.032,0.005,0.005,1.318,0.002,0.002,5800.0,150.0,150.0,1.8,0.2,0.2,0.0,0.25,0.25,4.2115,0.0009,0.0009,0.4507,0.003,0.003,,MS,,,OzdarcanFeb25,,,,,EB,148.6,0.2,True,True,1.757e-06,1.3e-08,1.3e-08,0.021801,5.3e-05,5.3e-05,1.0351888053641534,0.08215478859825834,0.9710476200967252,1.1009901692715431,0.861271387130907,1.2010499859548454
81,83,KIC9948002_A,1.25,0.03,0.03,1.82,0.01,0.01,6100.0,150.0,150.0,4.2,0.4,0.4,0.0,0.25,0.25,4.015,0.004,0.004,0.2073,0.006,0.006,,MS,,,OzdarcanFeb25,,,,,EB,115.1,0.8,True,True,8.66e-06,2.9e-07,2.9e-07,0.03731,0.00039,0.00039,1.2337212439041043,0.06595727144324783,1.1777074420336502,1.2908870043256948,1.10680001920444,1.3631470000236126
82,84,KIC9948002_B,0.75,0.01,0.01,0.707,0.005,0.005,4734.0,150.0,150.0,0.22,0.03,0.03,0.0,0.25,0.25,4.613,0.004,0.004,2.122,0.053,0.053,,MS,,,OzdarcanFeb25,,,,,EB,115.1,0.8,True,True,1.145e-06,4.4e-08,4.4e-08,0.0183,0.00022,0.00022,0.9301761625739381,2.082320258521366,0.7213276637078341,1.0475562135550014,0.10532490571157807,1.7812727826884567
83,85,TIC17303250_A,0.714,0.004,0.004,0.768,0.004,0.004,5135.0,80.0,80.0,0.369,0.023,0.023,-0.04,0.15,0.15,4.38,0.28,0.28,1.576,0.026,0.026,,MS,K1,,Pan25,,,,,EB,17.46,0.03,True,True,0.0002688,4.7e-06,4.7e-06,0.11541,0.00067,0.00067,1.0479683694355102,27.64627819868884,0.7164103275510448,1.0000803284534332,-0.32913251901544666,2.0579334162834053
84,86,TIC17303250_B,0.696,0.004,0.004,0.752,0.004,0.004,5070.0,135.0,135.0,0.337,0.036,0.036,-0.06,0.15,0.15,4.46,0.28,0.28,1.637,0.028,0.028,,MS,K2,,Pan25,,,,,EB,17.46,0.03,True,True,0.0002628,4.7e-06,4.7e-06,0.11433,0.00067,0.00067,0.9209388414533024,4.812122953975423,0.7041257961148648,0.993290773792354,-0.28503003680145383,2.1424195334764304
85,87,TIC196817076_A,0.989,0.001,0.001,0.788,0.005,0.005,5285.0,150.0,150.0,0.436,0.05,0.05,-0.05,0.15,0.15,4.28,0.27,0.27,2.021,0.039,0.039,,MS,K0,,Pan25,,,,,EB,30.15,0.15,True,True,4.96e-05,1.3e-06,1.3e-06,0.06609,0.00057,0.00057,0.8224868926186679,7.476717101995573,0.7402734072836191,1.0086982556882456,-0.3268721922718518,2.1484059433523
86,88,TIC196817076_B,0.818,0.011,0.011,0.762,0.005,0.005,5200.0,155.0,155.0,0.382,0.046,0.046,0.02,0.13,0.13,4.14,0.39,0.39,1.849,0.044,0.044,,MS,K1,,Pan25,,,,,EB,30.15,0.15,True,True,6.07e-05,1.6e-06,1.6e-06,0.0697,0.00062,0.00062,0.8662626285770412,32.11208778946966,0.7738960496140248,1.045650447700205,-0.2181091765912463,2.0357044291160666
87,89,TIC219488423_A,0.565,0.016,0.016,0.564,0.007,0.007,4870.0,90.0,90.0,0.161,0.013,0.013,-0.55,0.12,0.12,4.55,0.15,0.15,3.15,0.15,0.15,,MS,K3,,Pan25,,,,,EB,25.95,0.13,True,True,3.26e-05,1.7e-06,1.7e-06,0.05712,0.00093,0.00093,0.9841336963110526,13.593046301067318,0.6529554103572738,1.0191165504176252,-0.5961018779624598,2.138654605900868
88,90,TIC219488423_B,0.555,0.016,0.016,0.564,0.006,0.006,4680.0,120.0,120.0,0.137,0.014,0.014,-0.54,0.13,0.13,4.6,0.18,0.18,3.09,0.13,0.13,,MS,K4,,Pan25,,,,,EB,25.95,0.13,True,True,3.36e-05,1.6e-06,1.6e-06,0.05759,0.00086,0.00086,0.8619449226675886,4.449994613825807,0.6804913798377514,1.0880877509598923,-0.43121274698901185,2.1926506781019355
89,91,TIC252991035_A,0.736,0.009,0.009,0.741,0.005,0.005,5540.0,140.0,140.0,0.466,0.048,0.048,-0.21,0.15,0.15,4.3,0.13,0.13,1.809,0.043,0.043,,MS,G8,,Pan25,,,,,EB,17.54,0.06,True,True,0.0002398,6.4e-06,6.4e-06,0.11107,0.00095,0.00095,0.9440746188231365,5.884889794933083,0.7188104792070563,1.0066941508125287,-0.5453668650995901,2.2268236506681798
90,92,TIC252991035_B,0.724,0.009,0.009,0.688,0.005,0.005,5370.0,130.0,130.0,0.355,0.035,0.035,-0.2,0.14,0.14,4.44,0.12,0.12,2.223,0.056,0.056,,MS,G9,,Pan25,,,,,EB,17.54,0.06,True,True,0.0001971,5.5e-06,5.5e-06,0.10391,0.00093,0.00093,0.7773830407454762,4.2955349551004165,0.6640704221776896,0.9865437256024516,-0.6056353357799696,2.3797764179912018
91,93,TIC344753509_A,0.743,0.005,0.005,0.729,0.006,0.006,5520.0,120.0,120.0,0.445,0.039,0.039,-0.11,0.12,0.12,4.39,0.09,0.09,1.918,0.049,0.049,,MS,G8,,Pan25,,,,,EB,18.49,0.04,True,True,0.0001975,5.3e-06,5.3e-06,0.10405,0.00091,0.00091,0.8324316551131649,4.883196063455201,0.6926232051630619,1.0516361103373577,-0.7168995649122252,2.3958234121142357
92,94,TIC344753509_B,0.743,0.005,0.005,0.756,0.005,0.005,5175.0,155.0,155.0,0.369,0.045,0.045,-0.1,0.1,0.1,4.49,0.12,0.12,1.72,0.036,0.036,,MS,K2,,Pan25,,,,,EB,18.49,0.04,True,True,0.0002203,4.9e-06,4.9e-06,0.1079,0.00079,0.00079,0.8896915243022819,13.28136601113078,0.676014838019212,0.9872262041534337,-0.743058322195225,2.275473777364231
93,95,TIC72696540_A,1.267,0.011,0.011,2.365,0.043,0.043,5965.0,120.0,120.0,6.38,0.56,0.56,0.04,0.1,0.1,4.21,0.12,0.12,0.0958,0.0053,0.0053,,Subgiant,F9,,Pan25,,,,,EB,23.07,0.05,True,True,0.0035,0.0002,0.0002,0.2712,0.005,0.005,1.2637025156101533,1.2247692695488919,1.1955168359180268,1.3526255565429914,0.6965218737683654,1.8208477745824092
94,96,TIC72696540_B,1.281,0.011,0.011,2.517,0.035,0.035,5230.0,150.0,150.0,4.27,0.5,0.5,0.03,0.13,0.13,3.9,0.4,0.4,0.0803,0.0034,0.0034,,Subgiant,K0,,Pan25,,,,,EB,23.07,0.05,True,True,0.00415,0.00018,0.00018,0.2872,0.0041,0.0041,0.9424753175823206,7.579783269352088,0.9017273351747165,1.1577135894709456,-0.06847648570745071,2.091341199228002
111,113,KIC6147573_A,0.98,0.01,0.01,1.007,0.005,0.005,5699.0,100.0,100.0,0.95,0.12,0.1,-0.003,0.031,0.031,4.422,0.003,0.003,0.96,0.017,0.017,,MS,G3,,Ozdarcan24,,,,,EB,46.0,0.2,True,True,3.381e-05,7.7e-07,7.7e-07,0.05777,0.00043,0.00043,0.95664538642614,0.03592640077067983,0.9257948104260166,0.9871614499157537,0.8840322434929551,1.028887788240289
113,115,KIC8543278_A,0.827,0.007,0.007,0.746,0.004,0.004,5270.0,90.0,90.0,0.39,0.05,0.04,-0.166,0.028,0.028,4.611,0.004,0.004,1.992,0.036,0.036,,MS,K0,,Ozdarcan24,,,,,EB,18.64,0.05,True,True,0.0001812,3.7e-06,3.7e-06,0.10172,0.00068,0.00068,0.8313375023645699,0.09952320180813999,0.782301288885023,0.8812809959876875,0.6815659712565093,1.024437726101804
115,117,KIC9762519_A,0.92,0.02,0.02,0.916,0.008,0.008,5750.0,90.0,90.0,0.83,0.1,0.09,-0.447,0.028,0.028,4.48,0.005,0.005,1.197,0.041,0.041,,MS,G7,,Ozdarcan24,,,,,EB,18.9,0.1,True,True,0.000294,1.2e-05,1.2e-05,0.1199,0.0015,0.0015,0.8286995208426637,0.030232086126423113,0.8023267374160229,0.8550217388197262,0.7669498322403822,0.8899744720233083
169,171,KIC4932691_A,1.597,0.024,0.024,1.75,0.01,0.01,7580.0,450.0,450.0,9.12,0.77,0.71,-0.4937,0.0108,0.0108,4.155,0.003,0.003,0.298,0.0068,0.0068,,MS,,,CakirliApr25,,,,,EB,43.0,0.21,True,True,0.0002138,6.2e-06,6.2e-06,0.10691,0.00098,0.00098,1.3449987088687372,4.8882212910092635,1.279153327139593,1.4818661884636637,0.8196354705811147,1.9214522172020267
170,172,KIC4932691_B,1.565,0.027,0.027,1.652,0.009,0.009,6935.0,1200.0,1200.0,7.21,1.05,0.92,-0.4937,0.0108,0.0108,4.196,0.004,0.004,0.3471,0.0082,0.0082,,MS,,,CakirliApr25,,,,,EB,43.0,0.21,True,True,0.0001858,5.3e-06,5.3e-06,0.10186,0.00092,0.00092,1.1484997627817524,17.313653775403633,1.1583333964042695,1.3811671351070558,0.4410497094122592,2.0532056516806976
197,199,HAT-TR-318-007_A,0.448,0.011,0.011,0.4548,0.0035,0.0036,3190.0,110.0,110.0,0.02,0.0,0.0,0.298,0.08,0.08,4.774,0.0056,0.0058,4.76,0.16,0.16,,MS,"M3,71+/-0,69",,Hartman18,,,,,EB,8.436,0.06,True,True,0.000346,1.3e-05,1.3e-05,0.1275,0.0016,0.0016,1.1871809679344463,3.565667928386755,0.814450881287378,1.462721715612102,-0.17591460561017194,2.395291635046825
198,200,HAT-TR-318-007_B,0.2721,0.0041,0.0042,0.2913,0.0023,0.0024,3100.0,110.0,110.0,0.01,0.0,0.0,0.298,0.08,0.08,4.9442,0.0038,0.0039,11.01,0.31,0.32,,MS,"M5,01+/-0,73",,Hartman18,,,,,EB,8.436,0.06,True,True,0.0002013,8.2e-06,8.2e-06,0.1026,0.0013,0.0013,1.0990195346062122,6.537901088203826,0.8385463648027435,1.4650144691826998,-0.08605793799752068,2.441611516166852
199,201,"PTFEB132,707+19,810_A",0.3953,0.002,0.002,0.363,0.008,0.008,3260.0,70.0,70.0,0.01,0.0,0.0,0.14,0.04,0.04,4.92,0.02,0.02,8.26,0.55,0.55,,MS,"M3,5±0,2",,Kraus17,,,,,EB,11.77,0.01,True,True,5.91e-05,3.9e-06,3.9e-06,0.0709,0.0016,0.0016,1.1689708649279138,3.9915519945750697,0.8237183233936465,1.452367266419463,-0.1423661254961616,2.4433450269454062
200,202,"PTFEB132,707+19,810_B",0.2098,0.0014,0.0014,0.272,0.012,0.012,3120.0,80.0,80.0,0.01,0.0,0.0,0.14,0.04,0.04,4.89,0.04,0.04,10.4,1.4,1.4,,MS,"M4,3±0,7",,Kraus17,,,,,EB,11.77,0.01,True,True,6.79e-05,9e-06,9e-06,0.071,0.0031,0.0031,1.0457951987597116,9.554901357067664,0.8180737821374335,1.4709326716100855,-0.3504072536425102,2.4920417153197985
207,211,HD24465_A,1.337,0.008,0.008,1.444,0.004,0.004,6250.0,100.0,100.0,2.87,0.18,0.18,0.3,0.15,0.15,4.245,0.0036,0.0036,0.444,0.0045,0.0045,,MS,F8,,MartinDec24,,,,,EB,18.3,0.04,True,True,0.0005348,5.9e-06,5.9e-06,0.14789,0.00055,0.00055,1.2812700068639309,0.04377293929537566,1.23878643548592,1.3236489223905403,1.188351599565829,1.3631628879821367
208,212,HD24465_B,0.2302,0.00092,0.00092,0.24235,0.00069,0.00069,3114.0,32.0,32.0,0.00498,0.00021,0.00021,0.3,0.15,0.15,5.029,0.007,0.007,16.17,0.15,0.15,,MS,M,,MartinDec24,,,,,EB,18.3,0.04,True,True,3.628e-05,4.6e-07,4.6e-07,0.05484,0.00023,0.00023,1.2275624105943026,7.648424066247006,0.8392650461254673,1.474693964414646,-0.14698950267786529,2.509667317072556
209,213,CU_Cnc_A,0.4358,0.0008,0.0008,0.4317,0.0052,0.0052,3160.0,150.0,150.0,0.02,0.0,0.0,0.2,0.2,0.2,4.804,0.011,0.011,5.42,0.2,0.2,,MS,M,,Hahlin24,,,,,EB,7.8,0.007,True,True,0.00051,1.9e-05,1.9e-05,0.1432,0.0017,0.0017,1.2152284289393473,7.147266151776155,0.8281983503021905,1.4544822997864812,-0.151524832954697,2.4692616376481045
210,214,CU_Cnc_B,0.3998,0.0014,0.0014,0.3908,0.0094,0.0094,3125.0,150.0,150.0,0.01,0.0,0.0,0.2,0.2,0.2,4.854,0.021,0.021,6.7,0.48,0.48,,MS,M,,Hahlin24,,,,,EB,7.8,0.007,True,True,0.000435,3.1e-05,3.1e-05,0.1349,0.0032,0.0032,1.2006654608025678,4.138711300214534,0.8404616915678627,1.4602257987799196,-0.14530251008443165,2.4978832380131557
216,223,HD22064_A,1.345,0.031,0.031,1.554,0.014,0.014,6763.0,40.0,40.0,4.55,0.06,0.06,-0.1812,0.0058,0.0058,4.184,0.006,0.006,0.358,0.013,0.013,,MS,F2,,Maxted23,,,,,EB,22.9,0.7,True,True,0.000546,5.3e-05,5.3e-05,0.1495,0.0048,0.0048,1.3535605676821418,0.059039716715833225,1.3104063678199285,1.397030429768122,1.2322873473073468,1.4712802375362544
217,224,HD22064_B,0.576,0.01,0.01,0.595,0.008,0.008,3700.0,315.0,315.0,0.07,0.0,0.0,-0.1812,0.0058,0.0058,4.65,0.01,0.01,2.73,0.12,0.12,,MS,M,,Maxted23,,,,,EB,22.9,0.7,True,True,0.000117,1.2e-05,1.2e-05,0.0842,0.0029,0.0029,1.0826584870369924,18.330089999342963,0.8063333536238332,1.3610758479728897,-0.13803535813584672,2.269262680989453
277,284,KIC7037405_A,1.17,0.02,0.02,14.0,0.093,0.093,4500.0,80.0,80.0,72.4,5.2,5.2,-0.27,0.1,0.1,2.2131,0.0067,0.0067,0.000426,1.1e-05,1.1e-05,,BL,,,Brogaard18,,,,,EB,193.8,0.89,True,True,0.001165,3.4e-05,3.4e-05,0.1884,0.0017,0.0017,1.332829384673476,2.562080880407482,1.1222790748170932,1.4906057988243397,0.5990828234692219,1.9207637743963166
278,285,KIC7037405_B,1.11,0.011,0.011,1.746,0.014,0.014,6094.0,138.0,148.0,3.79,0.35,0.37,-0.27,0.1,0.1,3.999,0.0071,0.0071,0.2085,0.0054,0.0054,,MS,,,Brogaard18,,,,,EB,193.8,0.89,True,True,2.459e-06,7.9e-08,7.9e-08,0.02407,0.00025,0.00025,1.121797548918453,0.09002574090189933,1.0506373302466725,1.1939715414227696,0.9349493760221046,1.3020490279330104
279,286,KIC9540226_A,1.378,0.038,0.038,13.06,0.16,0.16,4680.0,80.0,80.0,73.7,5.4,5.4,-0.23,0.1,0.1,2.345,0.1,0.1,0.000619,2.8e-05,2.8e-05,,RGB,,,Brogaard18,,,,,EB,176.0,1.3,True,True,0.001029,5e-05,5e-05,0.1824,0.0029,0.0029,1.2500940553500097,4.433659198958212,1.1368811168013588,1.419305741698801,0.5798651705836372,1.8682536468029491
280,287,KIC9540226_B,1.002,0.015,0.015,1.014,0.014,0.014,6157.0,131.0,131.0,1.33,0.12,0.12,-0.23,0.1,0.1,4.427,0.1,0.1,0.961,0.042,0.042,,MS,,,Brogaard18,,,,,EB,176.0,1.3,True,True,8.01e-07,4.3e-08,4.3e-08,0.01638,0.00028,0.00028,1.0079166058826063,2.5712302516844567,0.9327558042286211,1.1255676328992992,0.1996338263679855,1.7691344784315464
283,290,KIC8430105_A,1.254,0.014,0.014,7.475,0.032,0.03,4990.0,80.0,80.0,31.2,2.0,2.0,-0.46,0.1,0.1,2.7892,0.0032,0.0034,0.003002,5.1e-05,4.9e-05,,RGB,,,Thomsen22,,,,,EB,85.18,0.26,True,True,0.001566,2.8e-05,2.8e-05,0.2105,0.0012,0.0012,1.2483553106839786,1.348241927030498,1.0251829777653627,1.4627464010948596,0.36390308602526783,2.1039226846397767
284,291,KIC8430105_B,0.8134,0.005,0.005,0.7494,0.0042,0.0039,5655.0,80.0,80.0,0.517,0.03,0.03,-0.46,0.1,0.1,4.599,0.0037,0.0041,1.933,0.035,0.032,,MS,,,Thomsen22,,,,,EB,85.18,0.26,True,True,3.146e-06,6.8e-08,6.8e-08,0.02572,0.00018,0.00018,0.8239756140496917,0.04247684689872536,0.7875153942569655,0.8607164514910974,0.7469648031209188,0.9154329790300897
285,292,KIC8552540_A,1.153,0.036,0.036,1.41,0.022,0.022,6060.0,200.0,200.0,2.4,0.33,0.33,0.038,0.009,0.009,4.202,0.012,0.012,0.411,0.023,0.023,,MS,F9,,Helminiak19,,,,,EB,5.619,0.054,True,False,0.044,0.0028,0.0028,0.635,0.013,0.013,1.1570214054324517,0.04683563455761051,1.1227440836010412,1.1894609078768998,1.072177254671942,1.2499585953025907
289,296,KIC9641031_A,1.2102,0.0076,0.0076,1.244,0.0023,0.0023,6260.0,120.0,120.0,2.14,0.18,0.17,-0.437,0.012,0.012,4.331,0.016,0.016,0.6286,0.0053,0.0053,,MS,,,Helminiak19,,,,,EB,9.145,0.016,True,True,0.006724,6.4e-05,6.4e-05,0.3401,0.001,0.001,1.0134441161728938,0.03536769054635629,0.9811720955908134,1.0456899506422979,0.9434834666338707,1.0857176408025744
290,297,KIC9641031_B,0.9512,0.0039,0.0039,0.9,0.024,0.024,5490.0,240.0,240.0,0.66,0.13,0.11,-0.437,0.012,0.012,4.508,0.023,0.023,1.3,0.1,0.1,,MS,,,Helminiak19,,,,,EB,9.145,0.016,True,True,0.00374,0.0003,0.0003,0.2747,0.0074,0.0074,0.7955747791261897,0.1683887151207544,0.7423854906101481,0.8465293092415079,0.574989886599275,1.0113427732159164
291,298,KIC10191056_Aa,1.564,0.012,0.012,1.976,0.022,0.022,6584.3,155.3,155.3,6.61,0.64,0.64,0.122,0.007,0.007,4.041,0.009,0.009,0.2027,0.0069,0.0069,,MS,,,Helminiak19,,,,,EB,10.938,0.033,True,True,0.01753,0.00064,0.00064,0.4659,0.0056,0.0056,1.4838425609392414,0.04593083419742849,1.4441197209245553,1.5228664436322057,1.3952665480783528,1.572801528675822
292,299,KIC10191056_Ab,1.413,0.016,0.016,1.659,0.03,0.03,6584.3,155.3,155.3,4.66,0.47,0.47,0.122,0.007,0.007,4.149,0.016,0.016,0.309,0.017,0.017,,MS,,,Helminiak19,,,,,EB,10.938,0.033,True,True,0.01221,0.00069,0.00069,0.4097,0.0076,0.0076,1.4124050489485267,0.04446958340998266,1.3735869962262444,1.4505253773753048,1.3292464841318303,1.4965631197811442
293,300,KIC10583181_A,1.559,0.036,0.036,1.882,0.014,0.014,6730.0,140.0,140.0,6.67,0.57,0.57,-0.23,0.007,0.007,4.082,0.005,0.005,0.2339,0.0075,0.0075,,MS,,,Helminiak19,,,,,EB,11.095,0.075,True,True,0.0109,0.0004,0.0004,0.4024,0.0047,0.0047,1.3736469393283965,0.056498784137794425,1.3352393061943921,1.4125189568767302,1.2803444450337145,1.466511766508258
294,301,KIC10583181_B,0.96,0.016,0.016,0.98,0.01,0.01,5754.7,127.2,127.2,0.949,0.086,0.086,-0.23,0.007,0.007,4.438,0.007,0.007,1.02,0.036,0.036,,MS,,,Helminiak19,,,,,EB,11.095,0.075,True,True,0.00333,0.00015,0.00015,0.2615,0.0037,0.0037,0.8931023253181842,0.07060065369787531,0.8359372567149956,0.9503608895065915,0.7506919251384215,1.0379016776868146
295,302,KIC10987439_A,0.9862,0.0034,0.0034,0.932,0.015,0.015,6477.8,161.7,161.7,1.38,0.14,0.14,-0.158,0.012,0.012,4.493,0.014,0.014,1.218,0.059,0.059,,MS,,,Helminiak19,,,,,EB,27.352,0.029,True,True,0.0001725,8.4e-06,8.4e-06,0.098,0.0016,0.0016,1.1557108763349075,0.05364887186123869,1.1187365116657066,1.1907037920197507,1.0641154890993938,1.2546158926246676
296,303,KIC10987439_B,1.4215,0.0045,0.0045,1.512,0.031,0.031,6490.0,90.0,90.0,3.55,0.25,0.25,-0.158,0.012,0.012,4.232,0.018,0.018,0.411,0.025,0.025,,MS,,,Helminiak19,,,,,EB,27.352,0.029,True,True,0.000411,2.5e-05,2.5e-05,0.1345,0.0028,0.0028,1.251813482517287,0.02521086359737633,1.2274288330593897,1.2761031507532175,1.2018204156616539,1.302056716391635
297,304,KIC11922782_A,1.067,0.01,0.01,1.501,0.057,0.057,5990.0,110.0,110.0,2.61,0.27,0.27,-0.223,0.012,0.012,4.114,0.033,0.033,0.316,0.036,0.036,,MS,,,Helminiak19,,,,,EB,12.056,0.034,True,True,0.00514,0.00059,0.00059,0.311,0.012,0.012,1.050120287622625,0.06599284199952381,0.9954124238438835,1.102882827530515,0.919311929532818,1.1866508867161503
298,305,KIC11922782_B,0.836,0.006,0.006,0.849,0.063,0.063,5862.8,122.6,122.6,0.77,0.13,0.13,-0.223,0.012,0.012,4.503,0.064,0.064,1.37,0.3,0.3,,MS,,,Helminiak19,,,,,EB,12.056,0.034,True,True,0.00137,0.00031,0.00031,0.197,0.015,0.015,0.880448878824078,4.612600483868373,0.8085109056762169,1.0426781369691813,0.21758275090397025,1.5981973066798487
7274,7281,KIC5359678_A,1.32,0.06,0.06,1.52,0.04,0.04,6500.0,50.0,50.0,3.72,0.56,0.49,-0.104,0.046,0.046,4.2,0.079,0.079,0.376,0.034,0.034,,MS,F,,Xiong23,,,,,EB,19.19,0.16,True,True,0.00141,0.00013,0.00013,0.2014,0.0059,0.0059,1.3006120912444696,1.1909813546789252,1.2516503815257503,1.3309502950560383,1.0929707545334906,1.4766359960621063
7275,7282,KIC5359678_B,1.12,0.0,0.0,1.05,0.05,0.05,5980.0,22.0,22.0,1.27,0.31,0.25,-0.104,0.046,0.046,4.544,0.07,0.07,0.97,0.14,0.14,,MS,F,,Xiong23,,,,,EB,19.19,0.16,True,True,0.000603,9e-05,9e-05,0.15,0.0074,0.0074,1.0128683179172882,0.5045092853157247,0.9590700080882907,1.0661969371232782,0.671243591637388,1.3230306361279116
7276,7283,KIC8301013_A,1.29,0.02,0.02,1.45,0.01,0.01,6144.0,100.0,100.0,2.7,0.44,0.38,-0.019,0.035,0.035,4.22,0.01,0.01,0.423,0.011,0.011,,MS,F,,Xiong23,,,,,EB,15.2,0.1,True,True,0.00249,0.00012,0.00012,0.2434,0.0035,0.0035,1.1728648021352208,0.03134096259191429,1.1422057960232403,1.2031335759920876,1.1117441796163772,1.2350080670994252
7277,7284,KIC8301013_B,1.11,0.05,0.05,1.2,0.01,0.01,5966.0,97.0,97.0,1.64,0.27,0.24,-0.019,0.035,0.035,4.33,0.02,0.02,0.642,0.033,0.033,,MS,F,,Xiong23,,,,,EB,15.2,0.1,True,True,0.001792,9.1e-05,9.1e-05,0.2157,0.0033,0.0033,1.062142454251338,0.03114020211454377,1.0330727472589842,1.0912801009383932,0.9992848429403753,1.1237548185479096
7278,7285,KIC5444392_A,1.208,0.003,0.003,1.482,0.106,0.106,6012.74,23.74,23.74,2.59,1.02,0.73,0.142,0.014,0.014,4.105,0.022,0.022,0.371,0.08,0.08,,MS,,,Xiong23,,,,,EB,7.55,0.1,True,False,0.0256,0.0056,0.0056,0.525,0.038,0.038,1.2073811872253855,0.02898584394833105,1.1805135210385571,1.2334111357078692,1.146162137690579,1.2627589849322567
7279,7286,KIC5444392_B,1.281,0.003,0.003,1.905,0.083,0.083,5767.75,21.55,21.55,3.62,0.81,0.66,0.142,0.014,0.014,3.985,0.051,0.051,0.185,0.024,0.024,,MS,,,Xiong23,,,,,EB,7.55,0.1,True,False,0.0494,0.0068,0.0068,0.657,0.03,0.03,1.1698725369178002,0.07606057520620245,1.1400276480122495,1.1996929028981669,1.0718976846013717,1.2655742338556895
7280,7287,EPIC201637354_A,1.065,0.031,0.031,1.24,0.101,0.101,5940.85,32.41,32.41,1.73,0.79,0.54,-0.303,0.031,0.031,4.157,0.053,0.053,0.56,0.14,0.14,,MS,,,Xiong23,,,,,EB,12.14,0.085,True,False,0.00334,0.00083,0.00083,0.267,0.022,0.022,0.9704858144990417,0.0748776510453682,0.9434480567379888,0.9997022372906578,0.8682359953823052,1.0794894198396485
7281,7288,EPIC201637354_B,1.027,0.031,0.031,2.824,0.266,0.266,4482.1,131.76,131.76,2.9,1.94,1.16,-0.303,0.031,0.031,3.547,0.08,0.08,0.046,0.013,0.013,,MS,,,Xiong23,,,,,EB,12.14,0.085,True,False,0.042,0.012,0.012,0.619,0.059,0.059,1.0740969499587725,2.337085796278506,0.8008565797420361,1.321305802851894,-0.1688593380774456,2.28919662120396
7282,7295,EPIC211396167_A,0.746,0.011,0.011,0.661,0.083,0.083,4697.68,43.23,43.23,0.19,0.15,0.08,-0.224,0.17,0.17,4.13,0.2,0.2,2.58,0.97,0.97,,MS,,,Xiong23,,,,,EB,13.036,0.045,True,True,0.00042,0.00016,0.00016,0.134,0.017,0.017,0.8191140570204806,5.216110299071851,0.7007376371136905,1.0995579246112677,-0.22635275949794267,2.097568876609174
7283,7296,EPIC211396167_B,0.756,0.011,0.011,0.873,0.173,0.173,4658.78,123.6,123.6,0.32,0.51,0.2,-0.224,0.17,0.17,4.434,0.26,0.26,1.14,0.68,0.68,,MS,,,Xiong23,,,,,EB,13.036,0.045,True,True,0.00096,0.00057,0.00057,0.176,0.035,0.035,0.8894266353645521,4.156321009538304,0.6772992708933302,1.072983160340078,-0.420904995074305,2.124652865013692
7284,7297,EPIC211563123_A,1.148,0.009,0.009,2.081,0.105,0.105,5971.97,10.79,10.79,4.97,1.3,1.03,-0.234,0.01,0.01,3.8,0.04,0.04,0.127,0.019,0.019,,MS,,,Xiong23,,,,,EB,37.217,0.069,True,True,0.000567,8.6e-05,8.6e-05,0.1478,0.0075,0.0075,1.1740457078424897,0.05328532178671501,1.1439448872931866,1.2048277267346368,1.0835667919092844,1.2599450869139432
7285,7298,EPIC211563123_B,1.157,0.009,0.009,2.15,0.161,0.161,5665.94,84.29,84.29,4.3,1.93,1.33,-0.234,0.01,0.01,3.836,0.078,0.078,0.116,0.026,0.026,,MS,,,Xiong23,,,,,EB,37.217,0.069,True,True,0.00062,0.00014,0.00014,0.152,0.011,0.011,1.0399175689355968,1.2418804922771367,0.9754874085496676,1.1405187421933762,0.5298087320624837,1.618260671573894
7286,7301,EPIC211902535_A,1.922,0.064,0.064,2.097,0.252,0.252,5808.92,21.47,21.47,4.52,3.35,1.92,0.1,0.02,0.02,3.935,0.035,0.035,0.208,0.075,0.075,,MS,,,Xiong23,,,,,EB,31.41,0.22,True,True,0.00115,0.00042,0.00042,0.185,0.022,0.022,1.2053400582182243,0.037049211647525886,1.1752437981030501,1.2362295125094944,1.1305402364554196,1.2777120337519474
7287,7302,EPIC211902535_B,2.398,0.064,0.064,2.792,0.214,0.214,5950.8,152.67,152.67,8.81,4.65,3.04,0.1,0.02,0.02,3.926,0.098,0.098,0.11,0.026,0.026,,MS,,,Xiong23,,,,,EB,31.41,0.22,True,True,0.0019,0.00044,0.00044,0.223,0.017,0.017,1.3329140293473172,1.2728933044933233,1.2597934757821105,1.4181485899101576,0.863739210565921,1.8068679533840064
7288,7305,NSVS_6318847_A,1.079,0.026,0.026,1.324,0.031,0.031,6005.93,25.97,25.97,2.06,0.25,0.22,-0.14,0.024,0.024,4.223,0.043,0.043,0.465,0.035,0.035,,MS,,,Xiong23,,,,,EB,4.893,0.031,True,False,0.054,0.0042,0.0042,0.681,0.017,0.017,1.0524286275127497,0.03630924720593845,1.0308237249664138,1.074420877385231,0.9894255647000301,1.1190375670443735
7289,7306,NSVS_6318847_B,0.871,0.026,0.026,0.921,0.061,0.061,5139.65,43.58,43.58,0.53,0.2,0.14,-0.14,0.024,0.024,4.449,0.087,0.087,1.11,0.22,0.22,,MS,,,Xiong23,,,,,EB,4.893,0.031,True,False,0.0256,0.0052,0.0052,0.522,0.035,0.035,0.8119567847784265,2.6114977427441923,0.6987896772056592,0.9533123059201849,-0.25873519038927667,1.8434475670278394
7290,7307,UCAC4_473-001351_A,1.105,0.023,0.023,1.46,0.186,0.186,5897.59,25.76,25.76,2.32,1.86,1.03,0.079,0.024,0.024,4.173,0.043,0.043,0.36,0.14,0.14,,MS,,,Xiong23,,,,,EB,25.18,0.13,True,True,0.00055,0.00021,0.00021,0.147,0.019,0.019,1.1248249242218875,0.0387030789267438,1.0995729083320362,1.1497518536861722,1.0578283171535503,1.191269010766
7291,7308,UCAC4_473-001351_B,0.932,0.023,0.023,1.882,0.239,0.239,6119.73,295.09,295.09,4.48,4.86,2.33,0.079,0.024,0.024,3.857,0.126,0.126,0.14,0.053,0.053,,MS,,,Xiong23,,,,,EB,25.18,0.13,True,True,0.00155,0.00059,0.00059,0.205,0.026,0.026,1.3231389129419495,6.112545459583798,1.220061699088697,1.4075069541142722,0.7918092788437929,1.8747549313867424
7292,7309,EPIC220398184_A,0.444,0.011,0.011,0.517,0.026,0.026,3631.17,89.92,89.92,0.04,0.02,0.01,-0.498,0.107,0.107,4.656,0.149,0.149,3.21,0.49,0.49,,MS,,,Xiong23,,,,,EB,7.803,0.046,True,True,0.00092,0.00014,0.00014,0.1739,0.0089,0.0089,1.077674421749338,4.7548362604547245,0.7861850266450887,1.4004684334575752,-0.2833123766013789,2.3143545940417805
7293,7310,EPIC220398184_B,0.433,0.011,0.011,0.488,0.041,0.041,3637.21,19.92,19.92,0.04,0.02,0.01,-0.498,0.107,0.107,4.687,0.11,0.11,3.73,0.94,0.94,,MS,,,Xiong23,,,,,EB,7.803,0.046,True,True,0.0008,0.0002,0.0002,0.166,0.014,0.014,1.033609259354244,9.960666050230612,0.788068698389142,1.4132487153203228,-0.35508062710330585,2.404450794930834
7294,7311,TYC_18-662-1_A,0.959,0.014,0.014,1.694,0.009,0.009,5562.42,22.66,22.66,2.48,0.11,0.11,0.045,0.019,0.019,3.987,0.036,0.036,0.1973,0.0043,0.0043,,MS,,,Xiong23,,,,,EB,9.27,0.03,True,False,0.02146,0.00053,0.00053,0.4944,0.0038,0.0038,1.0373223606044497,0.06813457344830756,1.0067627398378733,1.0672022216250052,0.9414879571493052,1.1338939943013455
7295,7312,TYC_18-662-1_B,1.068,0.014,0.014,2.997,0.057,0.057,3874.73,16.86,16.86,1.82,0.19,0.17,0.045,0.019,0.019,3.513,0.015,0.015,0.0397,0.0023,0.0023,,MS,,,Xiong23,,,,,EB,9.27,0.03,True,False,0.1,0.006,0.006,0.833,0.016,0.016,1.0878594645069755,3.087352563195997,0.7551867553231305,1.3848421940541398,0.05117539838677778,2.2696646331521104
7296,7313,"ASASSN-V_J010440,99+051109,8_A",0.811,0.002,0.002,0.737,0.071,0.071,5212.25,31.08,31.08,0.36,0.2,0.13,-0.074,0.029,0.029,4.658,0.051,0.051,2.03,0.59,0.59,,MS,,,Xiong23,,,,,EB,19.17,0.011,True,True,0.00019,5.5e-05,5.5e-05,0.1025,0.0099,0.0099,0.8723178051253526,1.4394581117468284,0.7692929910691169,0.9411741556349245,0.3685328547142348,1.4027041184913225
7297,7314,"ASASSN-V_J010440,99+051109,8_B",0.847,0.002,0.002,1.082,0.059,0.059,4881.07,55.75,55.75,0.6,0.19,0.14,-0.074,0.029,0.029,4.297,0.068,0.068,0.67,0.11,0.11,,MS,,,Xiong23,,,,,EB,19.17,0.011,True,True,0.00056,9.2e-05,9.2e-05,0.1475,0.008,0.008,0.917646535126491,12.978324507429232,0.7097623999160305,1.0229272686159998,-0.20677797943821272,1.9382919715090723
7298,7317,TYC_3700-1036-1_A,1.989,0.026,0.026,3.908,0.436,0.436,7326.09,20.39,20.39,39.63,26.59,15.91,0.177,0.019,0.019,3.832,0.034,0.034,0.033,0.011,0.011,,MS,,,Xiong23,,,,,EB,18.544,0.056,True,False,0.031,0.01,0.01,0.562,0.063,0.063,1.5792655000813713,0.46937837320766745,1.4205500444506747,1.7654909573978677,0.889895041992931,1.8850146900366989
7299,7318,TYC_3700-1036-1_B,2.078,0.026,0.026,3.156,0.417,0.417,7191.09,227.7,227.7,23.99,23.11,11.77,0.177,0.019,0.019,3.757,0.151,0.151,0.066,0.026,0.026,,MS,,,Xiong23,,,,,EB,18.544,0.056,True,False,0.0153,0.0061,0.0061,0.445,0.059,0.059,1.5236145815659001,1.7480067937168122,1.4023108128232955,1.657443887699855,1.0260428799071026,1.801389089495206
7300,7319,V*_NW_Cam_A,1.141,0.009,0.009,2.128,0.027,0.027,6851.09,74.75,74.75,8.99,1.1,0.98,0.047,0.072,0.072,3.859,0.123,0.123,0.1184,0.0046,0.0046,,MS,,,Xiong23,,,,,EB,5.971,0.012,False,False,0.134,0.0053,0.0053,0.918,0.012,0.012,1.5540125420135582,0.857267235372366,1.4970991019026478,1.616983130544278,1.2000876747814202,1.8606341192981788
7301,7320,V*_NW_Cam_B,1.025,0.009,0.009,1.649,0.051,0.051,6795.18,24.87,24.87,5.22,0.83,0.72,0.047,0.072,0.072,4.014,0.034,0.034,0.229,0.021,0.021,,MS,,,Xiong23,,,,,EB,5.971,0.012,False,False,0.074,0.0069,0.0069,0.747,0.023,0.023,1.475802380802578,0.09140024250599038,1.4179874238092587,1.530983271041392,1.3156034552367382,1.624431582875783
7302,7321,"ZTF_J034350,31+515137,1_A",1.061,0.043,0.043,1.487,0.154,0.154,5901.86,73.94,73.94,2.42,1.53,0.94,0.026,0.055,0.055,4.323,0.093,0.093,0.32,0.1,0.1,,MS,,,Xiong23,,,,,EB,9.015,0.094,True,True,0.0126,0.004,0.004,0.419,0.044,0.044,1.0504460845943786,5.494308496320408,1.0096780856749215,1.1553940767002568,0.5277447638741617,1.6429884340763927
7303,7322,"ZTF_J034350,31+515137,1_B",0.893,0.043,0.043,1.721,0.292,0.292,5284.07,132.16,132.16,2.08,2.62,1.16,0.026,0.055,0.055,3.917,0.171,0.171,0.175,0.09,0.09,,MS,,,Xiong23,,,,,EB,9.015,0.094,True,True,0.026,0.013,0.013,0.524,0.089,0.089,0.9853785036111178,5.654897029590125,0.8575642540916221,1.113395662055067,-0.14957709538903682,2.118437622868417
7304,7323,UCAC4_576-009710_A,1.265,0.009,0.009,1.131,0.161,0.161,6164.53,14.12,14.12,1.67,1.55,0.8,-0.087,0.013,0.013,4.272,0.023,0.023,0.87,0.37,0.37,,MS,,,Xiong23,,,,,EB,11.81,0.02,True,True,0.0028,0.0012,0.0012,0.251,0.036,0.036,1.1129598711655697,0.036837443276275944,1.084316839733031,1.1414573244522614,1.0382171266750928,1.1868086664546835
7305,7324,UCAC4_576-009710_B,1.233,0.009,0.009,2.0,0.139,0.139,5132.08,274.89,274.89,2.5,2.0,1.11,-0.087,0.013,0.013,3.924,0.077,0.077,0.154,0.032,0.032,,MS,,,Xiong23,,,,,EB,11.81,0.02,True,True,0.016,0.0033,0.0033,0.45,0.031,0.031,0.8658022295300434,6.189528874677056,0.8513326018354803,1.0796915300520762,0.3036779687893387,1.5882463853047792
7306,7325,V*_NO_Per_A,3.348,0.092,0.092,3.986,0.322,0.322,14293.94,500.0,500.0,598.41,381.08,232.82,0.0,0.0,0.0,3.76,0.1,0.1,0.053,0.013,0.013,,MS,,,Xiong23,,,,,EB,24.31,0.18,True,True,0.0117,0.0029,0.0029,0.409,0.033,0.033,1.6175787688783725,1.1757333750040222,1.4109817697979183,1.8572644990047222,0.8868311733942432,2.060427158397425
7307,7326,V*_NO_Per_B,2.601,0.092,0.092,2.158,0.618,0.618,12168.73,1095.0,1095.0,92.04,344.47,72.64,0.0,0.0,0.0,4.184,0.443,0.443,0.26,0.22,0.22,,MS,,,Xiong23,,,,,EB,24.31,0.18,True,True,0.0028,0.0024,0.0024,0.248,0.071,0.071,1.3355798104916867,2.7564040714144356,1.1924734501488998,1.5283318854124108,0.8924215461503623,1.6573536519666634
7308,7327,V*_V1250_Tau_A,1.238,0.004,0.004,1.914,0.092,0.092,6512.94,20.18,20.18,5.94,1.49,1.19,0.021,0.019,0.019,4.064,0.033,0.033,0.177,0.025,0.025,,MS,,,Xiong23,,,,,EB,9.16,0.007,True,False,0.0294,0.0042,0.0042,0.551,0.027,0.027,1.422495607646221,0.04390406431020983,1.3853178248497076,1.459178637818825,1.3335065833467785,1.5104298330388677
7309,7328,V*_V1250_Tau_B,1.238,0.004,0.004,1.659,0.119,0.119,6503.42,111.53,111.53,4.44,1.96,1.36,0.021,0.019,0.019,4.09,0.088,0.088,0.271,0.058,0.058,,MS,,,Xiong23,,,,,EB,9.16,0.007,True,False,0.0191,0.0041,0.0041,0.478,0.034,0.034,1.3669786236487995,0.3322839152452246,1.3132639473508971,1.4199798175897933,1.210149198682136,1.534332893076307
7310,7329,UCAC4_571-012856_A,2.061,0.013,0.013,3.631,0.159,0.159,8053.73,69.2,69.2,50.0,12.08,9.73,-0.108,0.038,0.038,3.907,0.058,0.058,0.0431,0.0057,0.0057,,MS,,,Xiong23,,,,,EB,15.97,0.027,True,False,0.0309,0.0041,0.0041,0.566,0.025,0.025,1.5733309752085856,1.0741876954409122,1.3847304087173897,1.800715657239646,0.902195620430871,1.948125421054428
7311,7330,UCAC4_571-012856_B,1.587,0.013,0.013,1.814,0.101,0.101,7234.18,90.6,90.6,8.13,2.64,1.99,-0.108,0.038,0.038,4.121,0.073,0.073,0.266,0.044,0.044,,MS,,,Xiong23,,,,,EB,15.97,0.027,True,False,0.00585,0.00098,0.00098,0.319,0.018,0.018,1.513779601900433,0.5598267670011889,1.4268815343614962,1.5812944043468693,1.2323644967000278,1.729451452044046
7312,7331,HD285001_A,1.324,0.016,0.016,2.399,0.078,0.078,6692.25,14.63,14.63,10.4,1.71,1.47,-0.108,0.013,0.013,3.998,0.024,0.024,0.0959,0.0094,0.0094,,MS,,,Xiong23,,,,,EB,14.957,0.039,True,True,0.0153,0.0015,0.0015,0.441,0.014,0.014,1.461224051458595,0.08943288449765174,1.4107410364853519,1.511310428662094,1.280790004761255,1.6186648686322864
7313,7332,HD285001_B,1.573,0.016,0.016,1.699,0.202,0.202,6300.44,79.4,79.4,4.1,3.08,1.76,-0.108,0.013,0.013,4.174,0.162,0.162,0.32,0.11,0.11,,MS,,,Xiong23,,,,,EB,14.957,0.039,True,True,0.0041,0.0015,0.0015,0.288,0.034,0.034,1.2304561573848731,1.6486395727013725,1.1689579904542722,1.3110294426345446,0.7207813556533529,1.767744596119053
7314,7333,UCAC4_586-021001_A,7.904,0.081,0.081,3.015,0.347,0.347,23496.27,500.0,500.0,2500.35,1900.0,1080.0,0.244,0.0,0.0,4.028,0.1,0.1,0.288,0.1,0.1,,MS,,,Xiong23,,,,,EB,27.92,0.076,True,True,0.0033,0.0012,0.0012,0.269,0.031,0.031,1.4611895621931081,29.00837893129113,1.4115311944628903,2.158587316459463,0.8653674804464463,2.581484163474665
7315,7334,UCAC4_586-021001_B,6.154,0.081,0.081,4.085,0.246,0.246,25690.12,957.88,957.88,6550.0,3640.0,2340.0,0.244,0.0,0.0,4.004,0.103,0.103,0.09,0.016,0.016,,MS,,,Xiong23,,,,,EB,27.92,0.076,True,True,0.0124,0.0022,0.0022,0.409,0.025,0.025,1.5720861060523765,1.2885727454336964,1.4285545403490383,1.7904249887310721,0.8569760181733532,1.9543071019252567
7316,7335,UCAC4_570-022931_A,1.271,0.04,0.04,2.225,0.151,0.151,6436.53,24.81,24.81,7.66,2.84,2.07,0.063,0.023,0.023,4.05,0.041,0.041,0.115,0.024,0.024,,MS,,,Xiong23,,,,,EB,15.9,0.12,True,True,0.0083,0.0017,0.0017,0.363,0.025,0.025,1.4353176856992587,0.045053735201800074,1.3978858651376043,1.473557737810752,1.3441852141645605,1.5229548044833106
7317,7336,UCAC4_570-022931_B,1.174,0.04,0.04,0.934,0.204,0.204,6672.47,227.47,227.47,1.56,2.92,1.02,0.063,0.023,0.023,4.566,0.344,0.344,1.44,0.95,0.95,,MS,,,Xiong23,,,,,EB,15.9,0.12,True,True,0.0007,0.00046,0.00046,0.158,0.035,0.035,0.7171501376765372,64.29334161526087,1.1759891083040903,1.3844135880888808,0.45865252105590504,2.052894706500022
7318,7337,V*_MW_Aur_A,1.412,0.11,0.11,2.279,0.426,0.426,7007.88,68.71,68.71,11.3,15.56,6.54,-0.039,0.036,0.036,4.016,0.057,0.057,0.119,0.068,0.068,,MS,,,Xiong23,,,,,EB,35.85,0.71,True,True,0.00074,0.00042,0.00042,0.162,0.031,0.031,1.510537114767808,0.424038978599774,1.4303849222675509,1.5832742276792937,1.2241134247814993,1.6644947300071289
7319,7338,V*_MW_Aur_B,1.215,0.11,0.11,1.475,0.403,0.403,6804.39,384.03,384.03,4.21,12.2,3.13,-0.039,0.036,0.036,4.185,0.343,0.343,0.38,0.31,0.31,,MS,,,Xiong23,,,,,EB,35.85,0.71,True,True,0.00025,0.00021,0.00021,0.112,0.031,0.031,1.2980850382832672,3.9640362580449517,1.231580781791208,1.4484170610498874,0.96281674949284,1.7783731858388274
7322,7341,V*_LO_Gem_A,1.589,0.007,0.007,2.312,0.174,0.174,6474.07,13.87,13.87,8.47,3.52,2.49,0.083,0.012,0.012,3.974,0.023,0.023,0.129,0.029,0.029,,MS,,,Xiong23,,,,,EB,10.544,0.011,True,False,0.0333,0.0075,0.0075,0.576,0.043,0.043,1.4739799936068703,0.054901477444819075,1.4320534902753603,1.5154513245584795,1.3585628624861814,1.5815806300185378
7323,7342,V*_LO_Gem_B,1.552,0.007,0.007,1.515,0.236,0.236,5769.75,113.98,113.98,2.29,2.51,1.2,0.083,0.012,0.012,4.267,0.223,0.223,0.45,0.21,0.21,,MS,,,Xiong23,,,,,EB,10.544,0.011,True,False,0.0097,0.0046,0.0046,0.381,0.059,0.059,1.114527744091148,3.035876202160387,0.9604998419050321,1.1801705192813243,0.06177095389961776,2.1790022879430198
7324,7343,TYC_1325-1849-1_A,3.019,0.004,0.004,4.782,0.34,0.34,11289.0,500.0,500.0,334.97,229.97,136.36,-0.275,0.0,0.0,4.28,0.1,0.1,0.0276,0.0059,0.0059,,MS,,,Xiong23,,,,,EB,41.144,0.012,True,True,0.0055,0.0012,0.0012,0.313,0.022,0.022,1.4269985072942506,0.9730661352620734,1.31602576233797,1.5780610732910394,0.8817301261763457,1.7006836208904692
7325,7344,TYC_1325-1849-1_B,3.311,0.004,0.004,6.434,0.641,0.641,12765.3,693.58,693.58,990.83,963.51,488.49,-0.275,0.0,0.0,3.341,0.101,0.101,0.0124,0.0037,0.0037,,MS,,,Xiong23,,,,,EB,41.144,0.012,True,True,0.0115,0.0034,0.0034,0.404,0.04,0.04,1.4967791361011347,1.679032238726759,1.3520775004391128,1.7144811820550343,0.8629339421231339,1.8495124698671566
7326,7345,UCAC4_624-030041_A,0.614,0.003,0.003,0.573,0.016,0.016,3824.03,67.43,67.43,0.06,0.01,0.01,-0.196,0.044,0.044,4.508,0.07,0.07,3.26,0.27,0.27,,MS,,,Xiong23,,,,,EB,4.073,0.0039,True,False,0.00915,0.00077,0.00077,0.373,0.01,0.01,1.029245641857789,4.491731302680329,0.7374937295214766,1.3442351559839683,-0.2251498242737836,2.378296929399909
7327,7346,UCAC4_624-030041_B,0.629,0.002,0.002,0.971,0.017,0.017,3674.99,18.27,18.27,0.15,0.01,0.01,-0.196,0.044,0.044,4.262,0.02,0.02,0.687,0.036,0.036,,MS,,,Xiong23,,,,,EB,4.073,0.0039,True,False,0.0428,0.0023,0.0023,0.626,0.011,0.011,1.0837476598718698,5.088532814202145,0.7360145041485296,1.3684903581443026,-0.1447012645202753,2.219937306000458
7328,7347,LS_V_+23_42_A,3.261,0.014,0.014,2.621,0.078,0.078,13658.64,500.0,500.0,215.77,94.68,65.81,-0.971,0.0,0.0,3.88,0.1,0.1,0.181,0.016,0.016,,MS,,,Xiong23,,,,,EB,11.777,0.013,True,False,0.0303,0.0027,0.0027,0.561,0.017,0.017,1.4568208639555527,0.6693131749417915,1.321645924549842,1.62647330402071,0.840564546664895,1.767626066449271
7329,7348,LS_V_+23_42_B,2.667,0.014,0.014,2.299,0.102,0.102,13684.85,317.81,317.81,167.11,57.28,42.66,-0.971,0.0,0.0,4.14,0.067,0.067,0.219,0.029,0.029,,MS,,,Xiong23,,,,,EB,11.777,0.013,True,False,0.0282,0.0038,0.0038,0.54,0.024,0.024,1.5534204852430051,1.2874135983174213,1.324851811802225,1.827733688559949,0.8541897526457715,2.0333390557677022
7330,7349,UCAC4_550-027392_A,6.407,0.039,0.039,3.662,0.136,0.136,18240.68,500.0,500.0,1339.68,475.84,351.12,0.172,0.0,0.0,3.804,0.1,0.1,0.13,0.015,0.015,,MS,,,Xiong23,,,,,EB,16.262,0.027,True,False,0.0289,0.0032,0.0032,0.554,0.021,0.021,1.64269818800832,4.3277373371732155,1.4436656537192432,2.0150237934941964,0.8526828091572609,2.3115677001407193
7331,7350,UCAC4_550-027392_B,4.678,0.039,0.039,2.059,0.215,0.215,17151.0,835.72,835.72,330.37,307.89,159.37,0.172,0.0,0.0,4.48,0.222,0.222,0.54,0.17,0.17,,MS,,,Xiong23,,,,,EB,16.262,0.027,True,False,0.0085,0.0027,0.0027,0.36,0.038,0.038,1.4622790615080703,3.292587215849813,1.3610961773153034,1.665920878765279,0.8692122804336684,1.7968723429752156
7332,7351,UCAC4_545-027987_A,2.036,0.065,0.065,2.788,0.097,0.097,9644.6,81.42,81.42,60.67,11.77,9.86,0.07,0.036,0.036,3.685,0.027,0.027,0.094,0.01,0.01,,MS,,,Xiong23,,,,,EB,13.54,0.1,True,False,0.0284,0.0032,0.0032,0.545,0.02,0.02,1.7440874526558736,0.9712890419547257,1.4448671625066458,2.0877930994404617,0.9134968836348533,2.409394684695321
7333,7352,UCAC4_545-027987_B,2.058,0.065,0.065,0.789,0.033,0.033,8919.18,276.57,276.57,3.55,1.46,1.04,0.07,0.036,0.036,4.957,0.048,0.048,4.19,0.54,0.54,,MS,,,Xiong23,,,,,EB,13.54,0.1,True,False,0.000632,8.4e-05,8.4e-05,0.1534,0.0067,0.0067,1.375895103215358,5.494607280516648,1.192484666958473,1.5271675592011968,0.6707163156306256,1.8553216121062717
7334,7353,V*_TV_Mon_A,2.024,0.04,0.04,2.357,0.187,0.187,7530.58,135.53,135.53,16.11,7.94,5.32,0.244,0.126,0.126,4.103,0.21,0.21,0.155,0.037,0.037,,MS,,,Xiong23,,,,,EB,14.27,0.12,True,False,0.0041,0.001,0.001,0.287,0.024,0.024,1.5506466917756485,1.555871348140551,1.452541443367003,1.6965356469859452,1.155703937577808,1.8277657811113783
7335,7354,V*_TV_Mon_B,0.21,0.04,0.04,2.869,0.151,0.151,5022.67,106.95,106.95,4.72,1.72,1.26,0.244,0.126,0.126,2.844,0.015,0.015,0.0089,0.0022,0.0022,,MS,,,Xiong23,,,,,EB,14.27,0.12,True,False,0.207,0.051,0.051,0.962,0.074,0.074,1.2896760584263487,2.4306781214575683,1.0114581169431467,1.4590551182055278,0.2956590811633839,2.188470144959001
7336,7355,TYC_1332-131-1_A,1.2,0.014,0.014,2.412,0.21,0.21,6082.8,7.88,7.88,7.18,3.54,2.37,-0.078,0.006,0.006,3.992,0.011,0.011,0.086,0.022,0.022,,MS,,,Xiong23,,,,,EB,12.375,0.033,True,True,0.0256,0.0067,0.0067,0.525,0.046,0.046,1.268725691939259,0.05049917901805164,1.2295771850218635,1.3093199263170319,1.1698378818359227,1.3663347727394142
7337,7356,TYC_1332-131-1_B,1.309,0.014,0.014,1.551,0.159,0.159,6017.11,128.33,128.33,2.84,1.9,1.14,-0.078,0.006,0.006,4.173,0.133,0.133,0.35,0.11,0.11,,MS,,,Xiong23,,,,,EB,12.375,0.033,True,True,0.0059,0.0018,0.0018,0.324,0.033,0.033,1.012158400594709,6.871939559405399,1.028845042302476,1.2069295997859009,0.24859564724821476,1.888951097937304
7338,7357,"ASASSN-V_J063123,82+192341,9_A",1.583,0.057,0.057,1.724,0.048,0.048,6418.18,51.45,51.45,4.55,0.72,0.62,-0.258,0.037,0.037,4.185,0.062,0.062,0.309,0.028,0.028,,MS,,,Xiong23,,,,,EB,6.75,0.075,True,False,0.0336,0.0035,0.0035,0.588,0.02,0.02,1.2268207573054066,0.10764849673652471,1.193054900586724,1.2610158746948756,1.1096890033126166,1.341869983801028
7339,7358,"ASASSN-V_J063123,82+192341,9_B",0.842,0.057,0.057,1.337,0.068,0.068,5227.08,56.71,56.71,1.2,0.35,0.27,-0.258,0.037,0.037,4.111,0.038,0.038,0.352,0.059,0.059,,MS,,,Xiong23,,,,,EB,6.75,0.075,True,False,0.0427,0.0073,0.0073,0.608,0.034,0.034,0.8502089129517775,0.8496955809552309,0.7758865855036507,0.9417519964641075,0.4896262208183216,1.232186664022748
7340,7359,UCAC4_555-031577_A,1.151,0.04,0.04,1.572,0.144,0.144,6546.17,39.09,39.09,4.09,2.17,1.42,-0.384,0.027,0.027,4.124,0.044,0.044,0.296,0.082,0.082,,MS,,,Xiong23,,,,,EB,11.46,0.11,True,True,0.0066,0.0018,0.0018,0.338,0.031,0.031,1.21485134585092,0.06102466119049863,1.172023740024766,1.258268753094357,1.1015181662188964,1.3286985682898766
7341,7360,UCAC4_555-031577_B,0.85,0.04,0.04,1.132,0.11,0.11,5736.81,52.19,52.19,1.25,0.72,0.46,-0.384,0.027,0.027,4.259,0.114,0.114,0.59,0.17,0.17,,MS,,,Xiong23,,,,,EB,11.46,0.11,True,True,0.004,0.0012,0.0012,0.28,0.028,0.028,0.9139737484810938,5.423258744668137,0.7549425179798975,0.9652991667765134,-0.1495913246273912,1.7723393287411384
7342,7361,"ASASSN-V_J064057,24+213910,5_A",1.657,0.023,0.023,1.681,0.058,0.058,8477.5,7.25,7.25,13.15,2.26,1.93,-0.604,0.01,0.01,4.05,0.02,0.02,0.349,0.036,0.036,,MS,,,Xiong23,,,,,EB,10.915,0.034,True,True,0.0124,0.0013,0.0013,0.413,0.014,0.014,1.7809697970087237,31.23887896761871,1.2935778153102113,1.7337136292785962,0.8056280309949639,1.939430512529207
7343,7362,"ASASSN-V_J064057,24+213910,5_B",1.775,0.023,0.023,0.933,0.089,0.089,8718.72,416.29,416.29,4.54,3.91,2.1,-0.604,0.01,0.01,4.747,0.184,0.184,2.19,0.63,0.63,,MS,,,Xiong23,,,,,EB,10.915,0.034,True,True,0.00191,0.00055,0.00055,0.222,0.021,0.021,1.1778595032387624,7.039157079665874,1.0673324843178467,1.4221714858086016,0.548698701886063,1.9897563170913775
7344,7363,"ZTF_J064726,39+223431,6_A",1.407,0.011,0.011,1.501,0.05,0.05,6193.17,39.2,39.2,2.99,0.53,0.45,-0.25,0.11,0.11,4.09,0.08,0.08,0.416,0.042,0.042,,MS,,,Xiong23,,,,,EB,6.616,0.013,True,False,0.0335,0.0034,0.0034,0.579,0.019,0.019,1.1421674280378533,1.3523925233900447,1.088851182809414,1.1680465985322415,0.9228567605463452,1.3303335322581
7345,7364,"ZTF_J064726,39+223431,6_B",1.214,0.011,0.011,0.868,0.027,0.027,5654.33,57.49,57.49,0.7,0.13,0.11,-0.25,0.11,0.11,4.644,0.05,0.05,1.86,0.17,0.17,,MS,,,Xiong23,,,,,EB,6.616,0.013,True,False,0.0082,0.00077,0.00077,0.358,0.011,0.011,0.8778268034775212,0.22340879025008023,0.8193779967254089,0.9395933767708766,0.6253638318045421,1.138803938050536
7346,7369,LINEAR_6147366_A,0.623,0.013,0.013,0.584,0.064,0.064,4598.76,78.49,78.49,0.14,0.1,0.06,-0.558,0.057,0.057,3.927,0.097,0.097,3.1,1.0,1.0,,MS,,,Xiong23,,,,,EB,2.71,0.013,True,False,0.032,0.011,0.011,0.569,0.063,0.063,1.122884489587731,9.585718697139297,0.70209098123662,1.217343074664452,-0.308314809122388,2.201498486910338
7347,7370,LINEAR_6147366_B,0.624,0.013,0.013,0.756,0.04,0.04,4190.45,78.81,78.81,0.16,0.06,0.04,-0.558,0.057,0.057,4.475,0.066,0.066,1.44,0.23,0.23,,MS,,,Xiong23,,,,,EB,2.71,0.013,True,False,0.07,0.011,0.011,0.736,0.039,0.039,1.0474218960330777,5.828981173868493,0.7200816721727261,1.266351264621698,-0.4279281420751247,2.3160445741889863
7348,7371,LINEAR_23079661_A,0.568,0.011,0.011,0.76,0.074,0.074,3772.83,66.75,66.75,0.11,0.06,0.04,-0.2,0.0,0.0,4.823,0.11,0.11,1.29,0.38,0.38,,MS,,,Xiong23,,,,,EB,7.873,0.039,True,True,0.00258,0.00076,0.00076,0.246,0.024,0.024,1.1247742518981685,3.652999202493977,0.7790630302788977,1.3774944131662272,-0.24182490248918,2.3773871608313817
7349,7372,LINEAR_23079661_B,0.489,0.011,0.011,0.713,0.158,0.158,3742.5,114.96,114.96,0.09,0.17,0.06,-0.2,0.0,0.0,4.421,0.259,0.259,1.35,0.9,0.9,,MS,,,Xiong23,,,,,EB,7.873,0.039,True,True,0.0027,0.0018,0.0018,0.247,0.055,0.055,1.0751362695548263,3.943895271486667,0.7402708493563905,1.3603498724581506,-0.1400486665540087,2.4330416989120325
7350,7373,UCAC4_637-047265_A,0.669,0.004,0.004,0.727,0.029,0.029,4536.85,73.08,73.08,0.2,0.05,0.04,-0.276,0.07,0.07,4.519,0.12,0.12,1.74,0.21,0.21,,MS,,,Xiong23,,,,,EB,2.9793,0.0043,True,False,0.0459,0.0055,0.0055,0.64,0.026,0.026,0.8442443127764074,6.1975666128774725,0.6796610271390368,1.1131413076036238,-0.47544460653079246,2.1549592464713454
7351,7374,UCAC4_637-047265_B,0.652,0.004,0.004,0.449,0.033,0.033,4255.39,140.6,140.6,0.06,0.03,0.02,-0.276,0.07,0.07,4.946,0.125,0.125,7.2,1.6,1.6,,MS,,,Xiong23,,,,,EB,2.9793,0.0043,True,False,0.0113,0.0025,0.0025,0.4,0.029,0.029,1.1003705169644942,11.3952664339041,0.7487950132069121,1.2834916621641517,-0.44435598763078,2.257943083391877
7352,7375,"ASASSN-V_J172607,12+564531,5_A",1.069,0.04,0.04,1.272,0.241,0.241,5845.57,42.64,42.64,1.7,2.38,0.99,-0.114,0.041,0.041,4.366,0.07,0.07,0.52,0.3,0.3,,MS,,,Xiong23,,,,,EB,14.41,0.13,True,True,0.0021,0.0012,0.0012,0.23,0.044,0.044,0.9834261067186224,0.364425949842928,0.9341365056813583,1.0300628299715004,0.6695335110764039,1.2944940355916315
7353,7376,"ASASSN-V_J172607,12+564531,5_B",1.017,0.04,0.04,1.452,0.246,0.246,6131.13,282.37,282.37,2.69,3.85,1.58,-0.114,0.041,0.041,4.121,0.199,0.199,0.33,0.17,0.17,,MS,,,Xiong23,,,,,EB,14.41,0.13,True,True,0.0034,0.0018,0.0018,0.269,0.046,0.046,1.152704513129375,1.852863193979632,1.0608559709043328,1.2432026280451323,0.363725694124213,1.9364169506658206
7354,7379,UCAC4_625-128029_A,1.187,0.007,0.007,1.825,0.149,0.149,6016.9,32.34,32.34,3.94,1.82,1.24,-0.105,0.02,0.02,4.239,0.03,0.03,0.195,0.048,0.048,,MS,,,Xiong23,,,,,EB,19.905,0.03,True,True,0.00215,0.00053,0.00053,0.232,0.019,0.019,1.1222362011515779,0.02685209765413799,1.096924827533163,1.1477352236252283,1.0715079100338674,1.1774071096971364
7355,7380,UCAC4_625-128029_B,0.986,0.007,0.007,1.905,0.247,0.247,5495.31,43.96,43.96,2.99,2.46,1.35,-0.105,0.02,0.02,3.872,0.132,0.132,0.143,0.055,0.055,,MS,,,Xiong23,,,,,EB,19.905,0.03,True,True,0.0033,0.0013,0.0013,0.264,0.034,0.034,1.1206705370789205,14.39241499377503,0.9091476666997373,1.1141365225476123,0.11890925500395048,1.8350058256518262
7356,7381,V*_V714_And_A,1.617,0.103,0.103,2.459,0.046,0.046,6227.49,10.93,10.93,8.2,0.75,0.69,0.168,0.01,0.01,4.078,0.018,0.018,0.1088,0.0092,0.0092,,MS,,,Xiong23,,,,,EB,18.13,0.3,True,True,0.00696,0.00075,0.00075,0.343,0.011,0.011,1.454448199690054,0.04494521040132377,1.415373682077168,1.4960414475508885,1.3806921030190873,1.5526396081363325
7357,7382,V*_V714_And_B,1.344,0.103,0.103,1.717,0.026,0.026,6396.25,36.37,36.37,4.45,0.41,0.37,0.168,0.01,0.01,4.096,0.057,0.057,0.266,0.024,0.024,,MS,,,Xiong23,,,,,EB,18.13,0.3,True,True,0.00318,0.00034,0.00034,0.2609,0.0085,0.0085,1.3933791407326919,0.04424895277109212,1.3595216316442844,1.426772433528464,1.3065993922727723,1.470096645792763
7358,7383,UCAC4_662-053425_A,0.702,0.005,0.005,0.865,0.128,0.128,4632.54,53.85,53.85,0.31,0.31,0.15,-0.097,0.04,0.04,4.297,0.068,0.068,1.08,0.48,0.48,,MS,,,Xiong23,,,,,EB,4.4945,0.0074,True,False,0.024,0.01,0.01,0.512,0.076,0.076,0.9461433069806285,8.630002323862506,0.6970336500393158,1.0909308986880297,-0.22167124004548164,2.064143197352646
7359,7384,UCAC4_662-053425_B,0.725,0.005,0.005,0.968,0.072,0.072,4604.01,140.35,140.35,0.38,0.21,0.14,-0.097,0.04,0.04,4.326,0.091,0.091,0.8,0.18,0.18,,MS,,,Xiong23,,,,,EB,4.4945,0.0074,True,False,0.0314,0.007,0.007,0.564,0.042,0.042,0.3033322243869197,66.25299589437489,0.6809002204819677,1.1218318105643577,-0.5544458988953572,2.3374880349037097
7360,7385,UCAC4_665-061158_A,0.712,0.007,0.007,0.817,0.057,0.057,4747.23,73.64,73.64,0.31,0.13,0.09,-0.208,0.058,0.058,4.401,0.095,0.095,1.31,0.27,0.27,,MS,,,Xiong23,,,,,EB,5.554,0.014,True,True,0.0086,0.0018,0.0018,0.369,0.026,0.026,0.9129392607952375,3.902750201302117,0.6652154954757865,1.0495480794330445,-0.46595074461316505,2.180210586932395
7361,7386,UCAC4_665-061158_B,0.566,0.007,0.007,0.719,0.116,0.116,3579.6,119.26,119.26,0.08,0.09,0.04,-0.208,0.058,0.058,4.477,0.202,0.202,1.52,0.74,0.74,,MS,,,Xiong23,,,,,EB,5.554,0.014,True,True,0.0084,0.0041,0.0041,0.36,0.058,0.058,1.1187937253922147,2.448626389066551,0.7645472432985586,1.402681203211585,-0.2215969990931132,2.354587856669586
7362,7389,V*_V644_Aur_A,1.017,0.012,0.012,1.495,0.052,0.052,6510.0,10.0,10.0,3.62,0.63,0.54,-0.26,0.0,0.0,4.15,0.0,0.0,0.304,0.032,0.032,,MS,,,Xiong23,,,,,EB,4.557,0.012,True,False,0.118,0.012,0.012,0.875,0.031,0.031,1.2422621672621352,0.14138852783445652,1.152635131191765,1.3325730918740408,0.968167516447442,1.5255866269621419
7363,7390,V*_V644_Aur_B,1.067,0.012,0.012,0.729,0.057,0.057,6450.22,102.21,102.21,0.83,0.39,0.27,-0.26,0.0,0.0,4.74,0.133,0.133,2.75,0.65,0.65,,MS,,,Xiong23,,,,,EB,4.557,0.012,True,False,0.0127,0.003,0.003,0.418,0.033,0.033,0.9889882145048773,10.348047715432847,0.9931305567593948,1.2613710456122922,0.14605462188703447,2.1305265619465135
7364,7391,"ZTF_J022141,06+584544,6_A",0.65,0.018,0.018,1.41,0.293,0.293,5790.44,50.01,50.01,2.01,3.25,1.24,-0.47,0.033,0.033,3.715,0.053,0.053,0.23,0.14,0.14,,MS,,,Xiong23,,,,,EB,6.05,0.042,True,False,0.038,0.023,0.023,0.6,0.12,0.12,1.0553246008642192,0.1347683406157303,0.9770014304778426,1.1329589689175588,0.8764859583811773,1.2664713162114722
7365,7392,"ZTF_J022141,06+584544,6_B",0.585,0.018,0.018,0.822,0.315,0.315,4947.58,244.21,244.21,0.36,1.89,0.31,-0.47,0.033,0.033,4.374,0.457,0.457,1.1,1.2,1.2,,MS,,,Xiong23,,,,,EB,6.05,0.042,True,False,0.009,0.01,0.01,0.37,0.14,0.14,1.1940610595719563,42.77854282669862,0.6558332645074249,0.9864067602640658,-0.5032327396032683,2.1947924074305836
7366,7393,"ZTF_J063215,09+034952,0_A",1.822,0.022,0.022,3.555,0.138,0.138,7867.34,179.46,179.46,43.65,13.89,10.54,-0.112,0.168,0.168,3.938,0.284,0.284,0.0406,0.0047,0.0047,,MS,,,Xiong23,,,,,EB,11.251,0.032,True,False,0.101,0.012,0.012,0.832,0.033,0.033,1.5774516216767163,6.890871564234101,1.3767904692281658,1.6869311928850528,0.8923223694457794,1.8134613491416367
7367,7394,"ZTF_J063215,09+034952,0_B",1.802,0.022,0.022,1.476,0.065,0.065,7441.63,337.48,337.48,6.03,3.57,2.24,-0.112,0.168,0.168,4.335,0.067,0.067,0.56,0.074,0.074,,MS,,,Xiong23,,,,,EB,11.251,0.032,True,False,0.00734,0.00098,0.00098,0.347,0.015,0.015,1.349666096868589,1.8505604751401454,1.2521380772941122,1.4744642717885557,0.9099866638633406,1.893109004301033
7368,7395,"ZTF_J130159,39+540458,5_A",0.923,0.043,0.043,1.413,0.105,0.105,6383.82,17.57,17.57,2.99,1.22,0.87,-0.289,0.016,0.016,4.15,0.029,0.029,0.327,0.075,0.075,,MS,,,Xiong23,,,,,EB,5.277,0.051,True,False,0.076,0.017,0.017,0.748,0.057,0.057,1.166391821868156,0.05614934305400184,1.119611292332258,1.211953618844322,1.0556072465527293,1.2753265384286259
7369,7396,"ZTF_J130159,39+540458,5_B",1.181,0.043,0.043,0.433,0.034,0.034,5681.34,123.69,123.69,0.18,0.09,0.06,-0.289,0.016,0.016,5.236,0.154,0.154,14.5,3.5,3.5,,MS,,,Xiong23,,,,,EB,5.277,0.051,True,False,0.00147,0.00035,0.00035,0.205,0.016,0.016,1.0787690962512373,6.422100678304348,0.8043967481993155,1.2931666213759898,-0.25720426560960574,2.3076946912200267
7370,7397,"ASAS_J051753-5406,0_A",1.3094,0.0051,0.0051,1.9288,0.003,0.003,6462.0,43.0,43.0,5.83,0.15,0.15,0.0,0.2,0.2,3.9836,0.0012,0.0012,0.1825,0.0011,0.0011,,MS,F,,Miller22,,,,,EB,49.718,0.09,True,True,0.0001629,1.3e-06,1.3e-06,0.09823,0.00026,0.00026,1.385357152125116,0.0554066965273819,1.3342957033475529,1.4371825033472456,1.2744641411112414,1.4959566519930645
7371,7398,"ASAS_J051753-5406,0_B",1.0896,0.0034,0.0034,1.1815,0.0037,0.0037,6331.0,43.0,43.0,2.02,0.06,0.06,0.0,0.2,0.2,4.3297,0.0026,0.0026,0.6606,0.0065,0.0065,,MS,F,,Miller22,,,,,EB,49.718,0.09,True,True,5.023e-05,5.8e-07,5.8e-07,0.06544,0.00025,0.00025,1.1954911444202032,0.033134690981056356,1.164282993716921,1.226824982920292,1.1282949903241242,1.260189409626056
7372,7399,HD96609_A,2.66,0.009,0.009,2.74,0.003,0.003,9660.51,106.27,106.27,59.0,6.3,5.7,0.02,0.06,0.06,3.987,0.001,0.001,0.12931,0.00061,0.00061,,MS,B9-A0,,Xiong23,,,,,EB,28.23,0.06,True,True,0.00222,1.7e-05,1.7e-05,0.23605,0.0006,0.0006,1.6698001566784606,1.335872820261847,1.4174611659539753,2.0060520444277854,0.9026172058842242,2.274816174703646
7373,7400,HD96609_B,1.84,0.004,0.004,1.697,0.002,0.002,8953.65,107.44,107.44,16.7,1.9,1.7,0.02,0.06,0.06,4.243,0.002,0.002,0.3765,0.0016,0.0016,,MS,A2,,Xiong23,,,,,EB,28.23,0.06,True,True,0.0009497,7.7e-06,7.7e-06,0.17299,0.00045,0.00045,1.5497448549943618,8.477313867413141,1.3952564374872491,1.8637800761003696,0.9676686999998725,2.0568409866403736
7378,7405,"ASAS_J231922-0852,2_A",1.136,0.001,0.001,1.64,0.004,0.004,6266.14,18.8,18.8,3.74,0.11,0.11,-0.39,0.07,0.07,4.064,0.005,0.005,0.2575,0.0019,0.0019,,MS,,,Xiong23,,,,,EB,18.04,0.015,True,True,0.0022,1.7e-05,1.7e-05,0.23341,0.00061,0.00061,1.1227829993883416,0.07439202558604893,1.063841743479141,1.1812560262050824,0.9711045779689544,1.26923098445241
7379,7406,"ASAS_J231922-0852,2_B",1.006,0.001,0.001,1.11,0.01,0.01,6237.35,43.66,43.66,1.68,0.13,0.12,-0.39,0.07,0.07,4.35,0.018,0.018,0.736,0.02,0.02,,MS,,,Xiong23,,,,,EB,18.04,0.015,True,True,0.000828,2.3e-05,2.3e-05,0.167,0.0015,0.0015,1.0108426420264034,0.022493577672815897,0.9900160325423262,1.0316809098950313,0.9661224330935956,1.0564301017464002
7380,7407,"ASAS_J171750-1915,3_A",1.357,0.001,0.001,1.676,0.003,0.003,6531.31,58.78,58.78,4.61,0.4,0.37,0.04,0.12,0.12,4.122,0.003,0.003,0.2882,0.0016,0.0016,,MS,F,,Xiong23,,,,,EB,12.564,0.009,True,True,0.007597,4.4e-05,4.4e-05,0.35133,0.00068,0.00068,1.3809744447320864,0.041936235552572414,1.34060119997272,1.421557584428427,1.2995274004111865,1.4657061014185022
7381,7408,"ASAS_J171750-1915,3_B",1.345,0.001,0.001,1.648,0.003,0.003,6501.3,58.51,58.51,4.38,0.38,0.35,0.04,0.12,0.12,4.133,0.003,0.003,0.3005,0.0017,0.0017,,MS,F,,Xiong23,,,,,EB,12.564,0.009,True,True,0.007325,4.3e-05,4.3e-05,0.34687,0.00068,0.00068,1.365328346136,0.040118075206110576,1.3259401449526975,1.4048572719461276,1.2858241154472416,1.4455660068679468
7382,7409,"ASAS_J163903-2847,2_A",1.421,0.002,0.002,2.157,0.003,0.003,6637.43,33.19,33.19,8.15,0.38,0.37,-0.19,0.16,0.16,3.923,0.002,0.002,0.14159,0.00062,0.00062,,MS,,,Xiong23,,,,,EB,47.0,0.04,True,True,0.0002624,1.3e-06,1.3e-06,0.11529,0.00019,0.00019,1.4303373422037542,0.09896213319900762,1.359025317554205,1.502991318365656,1.2255311420802273,1.6200869085555851
7383,7410,"ASAS_J163903-2847,2_B",1.141,0.001,0.001,1.224,0.002,0.002,6591.74,164.79,164.79,2.55,0.66,0.53,-0.19,0.16,0.16,4.32,0.003,0.003,0.6222,0.0031,0.0031,,MS,,,Xiong23,,,,,EB,47.0,0.04,True,True,6.81e-05,3.9e-07,3.9e-07,0.07232,0.00014,0.00014,1.2284331111012232,0.06381656074663461,1.1890265600294132,1.2652923281624258,1.1245720066667682,1.3317373267304369
7384,7411,"ASAS_J085002+1752,5_A",1.326,0.001,0.001,1.571,0.011,0.011,6561.45,91.86,91.86,4.12,0.59,0.52,-0.01,0.27,0.27,4.168,0.014,0.014,0.342,0.0072,0.0072,,MS,,,Xiong23,,,,,EB,18.076,0.012,True,True,0.002431,5.1e-05,5.1e-05,0.2386,0.0017,0.0017,1.338946400931227,0.04385468509212018,1.297021758275272,1.3811293336910093,1.2491846628907581,1.422276044082871
7385,7412,"ASAS_J085002+1752,5_B",1.573,0.001,0.001,3.222,0.018,0.018,5727.96,103.1,103.1,10.1,1.8,1.6,-0.01,0.27,0.27,3.619,0.011,0.011,0.04703,0.00079,0.00079,,MS,,,Xiong23,,,,,EB,18.076,0.012,True,True,0.01596,0.00027,0.00027,0.4526,0.0025,0.0025,1.348547800843461,0.11492227657656218,1.2644256768499604,1.432484779697088,1.1235592447616507,1.563285236327873
7386,7413,"ASAS_J060505+2032,1_A",1.716,0.01,0.01,2.048,0.004,0.004,7413.1,185.33,185.33,11.43,2.96,2.35,-0.12,0.31,0.31,4.05,0.003,0.003,0.1998,0.0017,0.0017,,MS,,,Xiong23,,,,,EB,10.46,0.05,True,True,0.02398,0.00041,0.00041,0.5154,0.0029,0.0029,1.491180517809072,0.6667523658063228,1.4115621456561134,1.590367674338239,1.2417275307810087,1.7057959411954895
7387,7414,"ASAS_J060505+2032,1_B",1.697,0.012,0.012,2.008,0.005,0.005,7413.1,163.09,163.09,11.0,2.5,2.0,-0.12,0.31,0.31,4.062,0.004,0.004,0.2096,0.0022,0.0022,,MS,,,Xiong23,,,,,EB,10.46,0.05,True,True,0.02301,0.00041,0.00041,0.5079,0.0029,0.0029,1.5101589917349838,0.3644212402163612,1.421530560769563,1.5983059167852236,1.2555402043158403,1.7065860487024562
7388,7417,NGTS_0002-29_A,0.398,0.001,0.001,0.404,0.002,0.002,3372.87,16.86,16.86,0.019,0.001,0.001,0.04,0.04,0.04,4.826,0.01,0.01,6.036,0.091,0.091,,MS,,,Xiong23,,,,,EB,3.8239,0.0099,True,True,0.002472,4.2e-05,4.2e-05,0.246,0.0014,0.0014,1.2453644635338765,28.132995561491843,0.7957334904581723,1.4291650141171444,-0.20347119258313784,2.3100452822717923
7389,7418,NGTS_0002-29_B,0.224,0.001,0.001,0.276,0.002,0.002,3228.49,19.37,19.37,0.00746,0.00053,0.0005,0.04,0.04,0.04,4.908,0.017,0.017,10.65,0.24,0.24,,MS,,,Xiong23,,,,,EB,3.8239,0.0099,True,True,0.001965,4.6e-05,4.6e-05,0.2184,0.0017,0.0017,1.1550031987433285,2.765626387600784,0.8192646721217398,1.455692895747793,-0.07103973859497127,2.4971548270062645
7390,7419,"ASAS_J090232-5653,4_A",1.436,0.007,0.007,1.527,0.003,0.003,7030.72,98.43,98.43,5.14,0.71,0.62,-0.15,0.13,0.13,4.201,0.006,0.006,0.4033,0.0031,0.0031,,MS,,,Xiong23,,,,,EB,44.75,0.17,True,True,0.0001235,1.8e-06,1.8e-06,0.08912,0.00041,0.00041,1.4124082080565685,0.05729394792023462,1.3635946098885385,1.4620769735744026,1.3004381226623125,1.5187716527528765
7391,7420,"ASAS_J090232-5653,4_B",1.372,0.008,0.008,1.392,0.003,0.003,6683.44,100.25,100.25,3.48,0.52,0.45,-0.15,0.13,0.13,4.244,0.007,0.007,0.5087,0.0044,0.0044,,MS,,,Xiong23,,,,,EB,44.75,0.17,True,True,0.0001006,1.5e-06,1.5e-06,0.08295,0.00039,0.00039,1.3024266184926239,0.036410041209008794,1.2676455085827214,1.3366670855275906,1.229025692728601,1.373767734413189
7392,7421,EPIC219511354_A,0.912,0.006,0.006,0.92,0.007,0.007,5035.01,65.46,65.46,0.491,0.065,0.057,0.07,0.03,0.03,4.47,0.016,0.016,1.171,0.028,0.028,,MS,K,,Xiong23,,,,,EB,6.979,0.052,True,True,0.0068,0.00022,0.00022,0.3398,0.0037,0.0037,0.8697450002972615,0.30098176525483544,0.7908238336322364,0.9462274837370598,0.6180598646830004,1.1676006324239765
7393,7422,EPIC219511354_B,0.822,0.007,0.007,0.851,0.007,0.007,4688.13,56.26,56.26,0.316,0.039,0.035,0.07,0.03,0.03,4.494,0.017,0.017,1.334,0.035,0.035,,MS,K,,Xiong23,,,,,EB,6.979,0.052,True,True,0.00636,0.00022,0.00022,0.3296,0.0037,0.0037,0.8784055123010592,1.5269616703027526,0.7395562885621039,1.036592914879398,0.31633724647622097,1.5394703207265692
7394,7423,TIC172900988_A,1.228,0.0,0.0,1.383,0.001,0.001,6053.41,42.37,42.37,2.31,0.15,0.14,0.34,0.34,0.34,4.249,0.002,0.002,0.4642,0.001,0.001,,MS,F9,,Xiong23,,,,,EB,186.569,0.071,True,True,1.2906e-06,3.2e-09,3.2e-09,0.019468,1.6e-05,1.6e-05,1.1942919465038742,0.045471993901332726,1.150118502013958,1.2369739125867656,1.092663798470767,1.2721470804761483
7395,7424,TIC172900988_B,1.202,0.0,0.0,1.314,0.001,0.001,5984.12,41.89,41.89,2.0,0.13,0.12,0.34,0.34,0.34,4.281,0.001,0.001,0.5298,0.0012,0.0012,,MS,G0,,Xiong23,,,,,EB,186.569,0.071,True,True,1.1455e-06,2.9e-09,2.9e-09,0.018678,1.6e-05,1.6e-05,1.1666942645673808,0.04033999987735265,1.1295966588121795,1.2038533372387046,1.0707939261652915,1.2329094336239883
7406,7435,BN_Scl_A,1.407,0.001,0.001,1.834,0.003,0.003,6309.57,18.93,18.93,4.81,0.13,0.13,-0.23,0.06,0.06,4.059,0.003,0.003,0.2281,0.0011,0.0011,,MS,F7,,Xiong23,,,,,EB,13.8252,0.0063,True,True,0.006827,3.5e-05,3.5e-05,0.34047,0.00058,0.00058,1.2360052460674167,0.06807492872159121,1.1809809493898173,1.2905359218414867,1.1008475652254262,1.3733245956780522
7407,7436,BN_Scl_B,1.244,0.001,0.001,1.38,0.004,0.004,6237.35,31.19,31.19,2.6,0.13,0.12,-0.23,0.06,0.06,4.256,0.006,0.006,0.4734,0.0041,0.0041,,MS,F8,,Xiong23,,,,,EB,13.8252,0.0063,True,True,0.003541,3.1e-05,3.1e-05,0.27101,0.0008,0.0008,1.1104266774257845,0.033482818962898786,1.0809492087960386,1.1397260156501348,1.04163546779224,1.1776984282131637
7408,7437,AL_Ari_A,1.164,0.001,0.001,1.372,0.004,0.004,6367.96,25.47,25.47,2.79,0.11,0.11,-0.42,0.08,0.08,4.229,0.005,0.005,0.4507,0.004,0.004,,MS,F6,,Xiong23,,,,,EB,12.9503,0.0014,True,True,0.003166,2.8e-05,2.8e-05,0.26466,0.00077,0.00077,1.0900240284448346,0.06314506008621133,1.035466926238098,1.1439047361240362,0.9616245880341984,1.213776366211367
7409,7438,AL_Ari_B,0.911,0.0,0.0,0.905,0.003,0.003,5559.04,27.8,27.8,0.705,0.035,0.033,-0.42,0.08,0.08,4.458,0.008,0.008,1.229,0.012,0.012,,MS,G7,,Xiong23,,,,,EB,12.9503,0.0014,True,True,0.001344,1.3e-05,1.3e-05,0.19525,0.00065,0.00065,0.7990439869629106,0.025696037807676788,0.7775295306524346,0.8196137894190887,0.7504683303481073,0.8492545308307445
7412,7441,NGC_2506_V4_A,1.478,0.003,0.003,2.3,0.006,0.006,6823.39,40.94,40.94,10.33,0.61,0.58,-0.36,0.1,0.1,3.884,0.007,0.007,0.12148,0.00098,0.00098,,MS,,,Xiong23,,,,,EB,11.87,0.02,True,True,0.02055,0.0002,0.0002,0.4924,0.0016,0.0016,1.42695069837205,0.12581254648441464,1.3348215347101482,1.5146926456885779,1.1569656227391292,1.6496821026877122
7413,7442,NGC_2506_V4_B,1.25,0.004,0.004,1.534,0.008,0.008,6823.39,40.94,40.94,4.6,0.28,0.27,-0.36,0.1,0.1,4.163,0.012,0.012,0.3463,0.0055,0.0055,,MS,,,Xiong23,,,,,EB,11.87,0.02,True,True,0.00797,0.00013,0.00013,0.3545,0.002,0.002,1.3101584652305849,0.07683972253905558,1.2493646275585608,1.3702080930606395,1.146025209113811,1.4656384054683074
7416,7445,47_Tuc_E32_A,0.862,0.002,0.002,1.183,0.001,0.001,6025.6,18.08,18.08,1.66,0.05,0.05,-0.71,0.1,0.1,4.227,0.002,0.002,0.5207,0.0018,0.0018,,MS,,,Xiong23,,,,,EB,59.46,0.1,True,True,2.456e-05,1.5e-07,1.5e-07,0.05201,0.00011,0.00011,0.8697896514878667,0.05068371967470262,0.8325418887939319,0.9070573037062979,0.7735651764951423,0.9625832469303156
7417,7446,47_Tuc_E32_B,0.827,0.002,0.002,1.004,0.002,0.002,5956.62,17.87,17.87,1.15,0.03,0.03,-0.71,0.1,0.1,4.352,0.003,0.003,0.8172,0.0053,0.0053,,MS,,,Xiong23,,,,,EB,59.46,0.1,True,True,1.604e-05,1.3e-07,1.3e-07,0.04499,0.00012,0.00012,0.8310198600292156,0.03657135397680239,0.8041796007318874,0.8582910473311979,0.7567558639397968,0.8958017537276398
7418,7447,KIC2557430_A,1.69,0.013,0.013,1.88,0.009,0.009,7046.93,77.52,77.52,7.85,0.86,0.77,-0.02,0.11,0.11,4.116,0.009,0.009,0.2543,0.0041,0.0041,,MS,F,,Xiong23,,,,,EB,7.03,0.01,True,False,0.05172,0.00087,0.00087,0.6711,0.0037,0.0037,1.5149503644387796,0.06049022590236756,1.4608427744161918,1.5693169192241452,1.3868981776841778,1.6223370771064451
7419,7448,KIC2557430_B,1.35,0.009,0.009,1.23,0.013,0.013,6053.41,302.67,302.67,1.83,1.08,0.68,-0.02,0.11,0.11,4.386,0.019,0.019,0.725,0.024,0.024,,MS,F,,Xiong23,,,,,EB,7.03,0.01,True,False,0.02074,0.00069,0.00069,0.4865,0.0053,0.0053,1.0927348724036507,0.08837154262787839,1.036053475440441,1.1496027490266416,0.9367552429093383,1.2553300678678425
7420,7449,EPIC219552514_A,1.509,0.026,0.026,2.505,0.013,0.013,6180.16,43.26,43.26,8.26,0.59,0.55,0.07,0.03,0.03,3.822,0.009,0.009,0.096,0.0022,0.0022,,MS,F7,,Xiong23,,,,,EB,10.69,0.13,True,False,0.02256,0.00094,0.00094,0.5168,0.0071,0.0071,1.4413591223853635,0.034342481845307096,1.410756751111662,1.4727322676422332,1.3735121117388422,1.5102304667093147
7421,7450,EPIC219552514_B,0.649,0.006,0.006,0.652,0.006,0.006,4008.67,72.16,72.16,0.099,0.018,0.015,0.07,0.03,0.03,4.624,0.012,0.012,2.342,0.068,0.068,,MS,K,,Xiong23,,,,,EB,10.69,0.13,True,False,0.001506,7.4e-05,7.4e-05,0.1975,0.0032,0.0032,1.0642703914860419,5.414058454455252,0.7442298453576393,1.2806234137725212,-0.05303489759792799,2.138377709692321
7424,7453,KIC7821010_A,1.277,0.007,0.007,1.276,0.005,0.005,6714.29,67.14,67.14,2.99,0.3,0.27,0.1,0.08,0.08,4.332,0.007,0.007,0.6147,0.008,0.008,,MS,,,Xiong23,,,,,EB,47.83,0.2,True,True,5.9e-05,1.1e-06,1.1e-06,0.06969,0.00042,0.00042,1.3577538291374713,0.038052794260042405,1.3226487209536721,1.393464943543489,1.278331730141514,1.4285464767914224
7425,7454,KIC7821010_B,1.221,0.007,0.007,1.21,0.006,0.006,6561.45,72.18,72.18,2.45,0.27,0.24,0.1,0.08,0.08,4.359,0.009,0.009,0.689,0.011,0.011,,MS,,,Xiong23,,,,,EB,47.83,0.2,True,True,5.41e-05,1.1e-06,1.1e-06,0.06745,0.00045,0.00045,1.3038794842984764,0.0310134461240978,1.2747446151255362,1.3327426819105923,1.2393604802754155,1.3636162502347648
7426,7455,KIC3439031_A,1.226,0.001,0.001,1.407,0.001,0.001,6531.31,97.97,97.97,3.25,0.48,0.42,0.1,0.13,0.13,4.23,0.001,0.001,0.4402,0.001,0.001,,MS,F,,Xiong23,,,,,EB,18.646,0.13,True,True,0.001386,2.9e-05,2.9e-05,0.1992,0.0014,0.0014,1.328057853956927,0.04096810584750613,1.2884098684287861,1.3671781343107916,1.2456925476772576,1.407730404600288
7427,7456,KIC3439031_B,1.227,0.001,0.001,1.403,0.001,0.001,6531.31,97.97,97.97,3.23,0.48,0.42,0.1,0.13,0.13,4.233,0.002,0.002,0.4443,0.001,0.001,,MS,F,,Xiong23,,,,,EB,18.646,0.13,True,True,0.001372,2.9e-05,2.9e-05,0.1985,0.0014,0.0014,1.32759722832785,0.03965998532229499,1.2893383797317968,1.365420277128761,1.2466982093096615,1.4044284739239659
7428,7457,KIC10031808_A,1.741,0.004,0.004,2.59,0.009,0.009,7112.14,49.78,49.78,15.5,1.1,1.0,-0.11,0.08,0.08,3.852,0.006,0.006,0.1002,0.0011,0.0011,,MS,,,Xiong23,,,,,EB,26.905,0.054,True,True,0.00295,3.7e-05,3.7e-05,0.2559,0.0011,0.0011,1.5637602566709725,0.16679177625096267,1.449917175294398,1.6739846176410667,1.2224583842581158,1.7684946067960314
7429,7458,KIC10031808_B,1.798,0.006,0.006,3.027,0.006,0.006,6839.12,47.87,47.87,18.1,1.2,1.1,-0.11,0.08,0.08,3.731,0.004,0.004,0.06483,0.00044,0.00044,,MS,,,Xiong23,,,,,EB,26.905,0.054,True,True,0.004473,4.1e-05,4.1e-05,0.29474,0.00087,0.00087,1.556427777246273,0.14365114959474862,1.4529784737329219,1.6559945546851995,1.2149992288640965,1.7462084537327267
7430,7459,EPIC219568666_A,1.121,0.006,0.006,1.178,0.003,0.003,6137.62,42.96,42.96,1.77,0.12,0.11,0.07,0.03,0.03,4.346,0.005,0.005,0.6858,0.0064,0.0064,,MS,F8,,Xiong23,,,,,EB,27.086,0.089,True,True,0.0001917,2.5e-06,2.5e-06,0.1045,0.00045,0.00045,1.1546104543639524,0.01992660094703258,1.1364016188253223,1.1726170666470528,1.1141399929337488,1.1945742757647162
7431,7460,EPIC219568666_B,0.733,0.002,0.002,0.64,0.007,0.007,4497.8,44.98,44.98,0.151,0.017,0.015,0.07,0.03,0.03,4.69,0.022,0.022,2.796,0.092,0.092,,MS,,,Xiong23,,,,,EB,27.086,0.089,True,True,6.05e-05,2.1e-06,2.1e-06,0.06893,0.00079,0.00079,0.9390572918194318,2.365933551093467,0.7335600555966668,1.1260763278596595,0.09589554999916339,1.7664215032286024
7432,7461,AL_Dor_A,1.102,0.0,0.0,1.092,0.001,0.001,6053.41,30.27,30.27,1.44,0.07,0.06,-0.1,0.04,0.04,4.404,0.002,0.002,0.8463,0.0023,0.0023,,MS,F9,,Xiong23,,,,,EB,33.1727,0.0065,True,True,0.00011505,3.2e-07,3.2e-07,0.086893,8.1e-05,8.1e-05,1.0446850619789894,0.020738190165984133,1.0278698393354087,1.061431846728457,1.0028754130320403,1.0860975986174142
7433,7462,AL_Dor_B,1.103,0.0,0.0,1.098,0.001,0.001,6053.41,30.27,30.27,1.46,0.07,0.07,-0.1,0.04,0.04,4.399,0.002,0.002,0.8332,0.0023,0.0023,,MS,F9,,Xiong23,,,,,EB,33.1727,0.0065,True,True,0.00011679,3.3e-07,3.3e-07,0.087334,8.1e-05,8.1e-05,1.0456283427560333,0.020534393912010656,1.028802210626553,1.0627251918459684,1.0033463407102754,1.0871604055587964
7434,7463,"ASAS_J073507-0905,7_A",1.452,0.015,0.015,1.635,0.005,0.005,6397.35,44.78,44.78,4.04,0.28,0.26,-0.27,0.08,0.08,4.173,0.005,0.005,0.3322,0.0046,0.0046,,MS,F,,Xiong23,,,,,EB,7.06,0.05,True,False,0.02583,0.00064,0.00064,0.538,0.0044,0.0044,1.2055907173005622,0.041511825730234035,1.1662357010601836,1.2451546832613976,1.1210112451808152,1.2859588181567367
7435,7464,"ASAS_J073507-0905,7_B",0.808,0.006,0.006,0.819,0.005,0.005,4365.16,48.02,48.02,0.22,0.025,0.022,-0.27,0.08,0.08,4.519,0.01,0.01,1.471,0.029,0.029,,MS,K,,Xiong23,,,,,EB,7.06,0.05,True,False,0.00824,0.00025,0.00025,0.3521,0.0035,0.0035,1.7338781313807463,86.88098301580251,0.7188720790012058,1.1435732947975488,0.0728768029424127,1.7784376185802293
7436,7465,"ASAS_J065134-2211,5_A",0.956,0.005,0.005,0.997,0.002,0.002,5495.41,43.96,43.96,0.817,0.062,0.058,0.09,0.13,0.13,4.421,0.003,0.003,0.9647,0.0077,0.0077,,MS,,,Xiong23,,,,,EB,20.18,0.07,True,True,0.000297,3.8e-06,3.8e-06,0.12065,0.00051,0.00051,0.933434063990163,0.022971996878670534,0.9135411453741994,0.9531933048307043,0.8923899082936855,0.9823819749063988
7437,7466,"ASAS_J065134-2211,5_B",0.674,0.002,0.002,0.69,0.003,0.003,3971.92,47.66,47.66,0.107,0.013,0.011,0.09,0.13,0.13,4.589,0.009,0.009,2.052,0.027,0.027,,MS,,,Xiong23,,,,,EB,20.18,0.07,True,True,0.000172,3e-06,3e-06,0.09795,0.00056,0.00056,1.1132378885844583,12.125115888093926,0.7493070799326044,1.2917821859095266,0.012282371565882239,2.1851827080915256
7438,7467,EPIC219394517_A,1.078,0.001,0.001,1.055,0.005,0.005,5929.25,41.5,41.5,1.2,0.1,0.1,0.07,0.03,0.03,4.425,0.009,0.009,0.918,0.013,0.013,,MS,G0,,Xiong23,,,,,EB,18.954,0.012,True,True,0.0005508,7.9e-06,7.9e-06,0.14652,0.0007,0.0007,1.057075789364657,0.01552416783214201,1.0428016056080114,1.0712079483075114,1.02538962071631,1.0870487081052396
7439,7468,EPIC219394517_B,1.066,0.001,0.001,1.042,0.005,0.005,5874.89,41.12,41.12,1.2,0.1,0.1,0.07,0.03,0.03,4.43,0.01,0.01,0.942,0.014,0.014,,MS,G1,,Xiong23,,,,,EB,18.954,0.012,True,True,0.0005403,7.9e-06,7.9e-06,0.14546,0.00071,0.00071,1.0393151938721135,0.015400367565175417,1.0253635401491077,1.0532773263618438,1.007591681275193,1.0687926451927197
7442,7471,WASP_0639-32_A,1.155,0.002,0.002,1.834,0.01,0.01,6324.12,18.97,18.97,4.85,0.18,0.18,-0.33,0.1,0.1,3.974,0.011,0.011,0.1872,0.0031,0.0031,,Subgiant,F,,Xiong23,,,,,EB,26.964,0.031,True,True,0.000753,1.3e-05,1.3e-05,0.1647,0.00092,0.00092,1.2069286713154113,0.07111755779864842,1.146942800861215,1.2675033862802838,1.0635428032379337,1.3477903803029352
7443,7472,WASP_0639-32_B,0.783,0.001,0.001,0.729,0.003,0.003,5395.11,32.37,32.37,0.406,0.025,0.024,-0.33,0.1,0.1,4.607,0.01,0.01,2.021,0.025,0.025,,MS,K,,Xiong23,,,,,EB,26.964,0.031,True,True,8.79e-05,1.1e-06,1.1e-06,0.07818,0.00034,0.00034,0.8115598494075792,0.058765510139477665,0.7794576503064631,0.8451886564026504,0.7317400942074014,0.9185693210151237
7444,7473,"PTFEB_132,707+19,810_A",0.395,0.001,0.001,0.363,0.003,0.003,3258.37,39.1,39.1,0.0134,0.0017,0.0015,0.14,0.04,0.04,4.915,0.019,0.019,8.26,0.21,0.21,,MS,"M3,5±0,2",,Xiong23,,,,,EB,11.77,0.01,True,True,5.91e-05,1.5e-06,1.5e-06,0.07097,0.00059,0.00059,1.4145511243120463,29.9140863479277,0.819020128396845,1.4578553686083806,-0.14592686360614476,2.447240979826723
7445,7474,"PTFEB_132,707+19,810_B",0.21,0.001,0.001,0.272,0.005,0.005,3118.89,46.78,46.78,0.0063,0.0011,0.001,0.14,0.04,0.04,4.891,0.039,0.039,10.44,0.58,0.58,,MS,"M4,3±0,7",,Xiong23,,,,,EB,11.77,0.01,True,True,6.78e-05,3.8e-06,3.8e-06,0.0709,0.0013,0.0013,1.0510329036318111,9.342846778578132,0.8306067759751697,1.4668305853106773,-0.06472290701247878,2.435322128700291
7446,7475,Tyc_5227-1023-1_A,0.956,0.007,0.007,1.388,0.004,0.004,6353.31,88.95,88.95,2.83,0.39,0.34,-0.63,0.11,0.11,4.13,0.01,0.01,0.3575,0.0041,0.0041,,MS,F7,,Xiong23,,,,,EB,13.54,0.07,True,True,0.003132,6e-05,6e-05,0.2627,0.0017,0.0017,1.0363790483258442,0.0496231893276979,0.9886857987996321,1.0843958188821017,0.9343309910192862,1.132024720477026
7447,7476,Tyc_5227-1023-1_B,0.839,0.005,0.005,0.977,0.004,0.004,5929.25,94.87,94.87,1.1,0.2,0.1,-0.63,0.11,0.11,4.38,0.01,0.01,0.9,0.012,0.012,,MS,,,Xiong23,,,,,EB,13.54,0.07,True,True,0.001346,2.9e-05,2.9e-05,0.1963,0.0014,0.0014,0.8355318858265488,0.03372340297841128,0.8034600035753061,0.8677025521888739,0.7678709845010889,0.9019689530752387
7448,7477,NGC_2506_V5_A,0.945,0.004,0.003,0.68,0.04,0.04,5690.0,140.0,120.0,0.437,0.067,0.063,-0.36,0.01,0.01,4.75,0.05,0.05,3.01,0.53,0.53,,MS,,,Knudstrup20,,,,,EB,9.04,0.1,True,True,0.0011,0.0002,0.0002,0.186,0.011,0.011,0.8765480025276543,1.1899111106283815,0.7279105376932887,1.0419914508918569,0.015259383429455788,1.7485718433132715
7449,7478,NGC_2506_V5_B,0.707,0.004,0.003,0.61,0.021,0.016,4940.0,110.0,60.0,0.2,0.022,0.014,-0.36,0.01,0.01,4.72,0.03,0.02,3.11,0.32,0.25,,MS,,,Knudstrup20,,,,,EB,9.04,0.1,True,True,0.00126,0.00012,0.00012,0.1906,0.0062,0.0062,0.8443115555125789,0.839839440487484,0.715415998403119,0.9704487538195402,0.25628009132341767,1.4606451384778332
7450,7479,OGLE_LMC-ECL-01866_A,3.56,0.02,0.02,26.79,0.52,0.52,5300.0,80.0,80.0,510.0,37.0,37.0,-0.49,0.17,0.17,2.134,0.017,0.017,0.000185,1.1e-05,1.1e-05,,BL,G3,,Graczyk18,,,,,EB,322.3,0.8,True,True,0.00185,0.00011,0.00011,0.2192,0.0043,0.0043,1.4134620423581497,2.5693768855259385,1.1781864901146606,1.6298083784415165,0.8537338396730676,1.759721853323152
7451,7480,OGLE_LMC-ECL-01866_B,3.55,0.031,0.031,47.11,0.5,0.5,4495.0,60.0,60.0,816.0,47.0,47.0,-0.49,0.17,0.17,1.642,0.009,0.009,3.4e-05,1.1e-06,1.1e-06,,RGB,"K1,5",,Graczyk18,,,,,EB,322.3,0.8,True,True,0.01009,0.00034,0.00034,0.386,0.0043,0.0043,1.374701938125881,8.188862871470489,1.1814317009046096,1.5748523819249762,0.8724838518107374,1.732818529191788
7452,7481,OGLE_LMC-ECL-03160_A,1.792,0.016,0.016,17.03,0.28,0.28,4930.0,100.0,100.0,154.0,14.0,14.0,-0.68,0.18,0.18,2.229,0.014,0.014,0.000363,1.8e-05,1.8e-05,,HB/RC,G7,,Graczyk18,,,,,EB,182.2,0.5,True,False,0.00264,0.00014,0.00014,0.247,0.0042,0.0042,1.3171367078596108,1.9336530699712844,1.1632487003351504,1.5368454910049094,0.742600674184132,1.7224066616054998
7453,7482,OGLE_LMC-ECL-03160_B,1.802,0.018,0.018,37.42,0.24,0.24,4450.0,70.0,70.0,495.0,32.0,32.0,-0.68,0.18,0.18,1.548,0.005,0.005,3.439e-05,7.5e-07,7.5e-07,,HB/RC,K2,,Graczyk18,,,,,EB,182.2,0.5,True,False,0.0278,0.00065,0.00065,0.5413,0.0041,0.0041,1.3726030402857319,0.8696793188990631,1.1736131292673186,1.5807316448435402,0.8481577183715852,1.7478172533030722
7454,7483,OGLE_LMC-ECL-06575_A,4.167,0.022,0.022,43.93,0.43,0.43,4920.0,80.0,80.0,1020.0,69.0,69.0,-0.46,0.1,0.1,1.773,0.008,0.008,4.92e-05,1.5e-06,1.5e-06,,HB,G6,,Graczyk18,,,,,EB,280.0,0.5,True,True,0.01202,0.00037,0.00037,0.41,0.0042,0.0042,1.3985792025313017,0.8228046548678891,1.178125981926362,1.6148532552865775,0.8843584282560454,1.7470891154572241
7455,7484,OGLE_LMC-ECL-06575_B,3.989,0.026,0.026,46.75,0.43,0.43,4645.0,60.0,60.0,918.0,50.0,50.0,-0.46,0.1,0.1,1.699,0.008,0.008,3.9e-05,1.1e-06,1.1e-06,,RGB,K0,,Graczyk18,,,,,EB,280.0,0.5,True,True,0.01554,0.00045,0.00045,0.4451,0.0043,0.0043,1.326631654534363,3.0850317177673685,1.1781628820866952,1.5577837589149535,0.8818308792139624,1.694579208001583
7456,7485,OGLE_LMC-ECL-09114_A,3.304,0.023,0.023,26.33,0.34,0.34,5230.0,60.0,60.0,467.0,25.0,25.0,-0.38,0.12,0.12,2.116,0.011,0.011,0.000181,7.1e-06,7.1e-06,,,G4III,,Graczyk18,,,,,EB,281.5,0.8,True,True,0.00257,0.0001,0.0001,0.2451,0.0033,0.0033,1.3995864952353791,1.1170455697445494,1.1823969290910987,1.6133551204570744,0.8569036290426827,1.7350546227457562
7457,7486,OGLE_LMC-ECL-09114_B,3.205,0.025,0.025,18.79,0.37,0.37,5425.0,110.0,110.0,275.0,25.0,25.0,-0.38,0.12,0.12,2.396,0.017,0.017,0.000483,2.9e-05,2.9e-05,,,G2III,,Graczyk18,,,,,EB,281.5,0.8,True,True,0.000982,5.9e-05,5.9e-05,0.1774,0.0036,0.0036,1.3794063881566614,1.6085675911429742,1.1821693962621704,1.6134301742602686,0.8329791515105027,1.7299863539823903
7458,7487,OGLE_LMC-ECL-09660_A,2.981,0.013,0.013,23.66,0.21,0.21,5250.0,65.0,65.0,383.0,20.0,20.0,-0.46,0.1,0.1,2.165,0.008,0.008,0.0002251,6.1e-06,6.1e-06,,,G3III,,Graczyk18,,,,,EB,232.4,0.3,True,True,0.003416,9.3e-05,9.3e-05,0.269,0.0024,0.0024,1.3742098117997257,0.893716424849206,1.1809028678276834,1.587293989043332,0.865248022718635,1.7082520551671416
7459,7488,OGLE_LMC-ECL-09660_B,2.997,0.012,0.012,44.4,0.26,0.26,4685.0,95.0,95.0,856.0,70.0,70.0,-0.46,0.1,0.1,1.62,0.005,0.005,3.424e-05,6.2e-07,6.2e-07,,,K0III,,Graczyk18,,,,,EB,232.4,0.3,True,True,0.02238,0.00042,0.00042,0.5036,0.0031,0.0031,1.3937132703494743,0.7657366077289102,1.1766810433428103,1.6211209337044585,0.838098380694785,1.765958839794844
7460,7489,OGLE_LMC-ECL-09678_A,2.4,0.029,0.029,13.77,0.16,0.16,5230.0,80.0,80.0,128.0,8.0,8.0,-0.38,0.16,0.16,2.54,0.01,0.01,0.000919,3.4e-05,3.4e-05,,,G4III,,Graczyk18,,,,,EB,169.1,0.6,True,True,0.001827,7.1e-05,7.1e-05,0.2179,0.0028,0.0028,1.3489420099146918,2.9182447457901968,1.1726600905682318,1.555473575360876,0.7914908105960377,1.6960056238915673
7461,7490,OGLE_LMC-ECL-09678_B,2.549,0.031,0.031,30.6,0.28,0.28,4705.0,90.0,90.0,413.0,33.0,33.0,-0.38,0.16,0.16,1.873,0.008,0.008,8.9e-05,2.7e-06,2.7e-06,,,G9III,,Graczyk18,,,,,EB,169.1,0.6,True,True,0.01821,0.00059,0.00059,0.4711,0.005,0.005,1.339278455467414,4.032122311703653,1.186056209605322,1.6044119486146167,0.8273972776940836,1.7522761001637812
7462,7491,OGLE_LMC-ECL-10567_A,3.333,0.029,0.029,24.6,0.29,0.29,5065.0,100.0,100.0,359.0,30.0,30.0,-0.7,0.1,0.1,2.179,0.01,0.01,0.0002239,8.2e-06,8.2e-06,,HB,G6,,Graczyk18,,,,,EB,189.1,0.5,True,True,0.00684,0.00026,0.00026,0.3398,0.0042,0.0042,1.3179507992142834,2.7381962957171577,1.1684662641059138,1.506601467539433,0.8377434261322558,1.6617663659835267
7463,7492,OGLE_LMC-ECL-10567_B,3.184,0.026,0.026,36.64,0.25,0.25,4715.0,75.0,75.0,598.0,39.0,39.0,-0.7,0.1,0.1,1.813,0.006,0.006,6.47e-05,1.4e-06,1.4e-06,,RGB,G9,,Graczyk18,,,,,EB,189.1,0.5,True,True,0.02432,0.00058,0.00058,0.5167,0.004,0.004,1.307877378231805,2.7761939965140523,1.1683384391578002,1.5031824169395462,0.8801704568852641,1.6468074100501484
7464,7493,OGLE_LMC-ECL-230659_A,3.598,0.038,0.038,32.83,0.22,0.22,5000.0,70.0,70.0,607.0,35.0,35.0,-0.24,0.11,0.11,1.962,0.005,0.005,0.0001017,2.3e-06,2.3e-06,,,G6III,,Graczyk18,,,,,EB,679.0,2.0,True,True,0.0003506,8.6e-06,8.6e-06,0.1262,0.001,0.001,1.3948102811307421,1.3841283786841758,1.2028236742465788,1.6298624322360602,0.8600209925253279,1.7649846121975885
7465,7494,OGLE_LMC-ECL-230659_B,3.429,0.03,0.03,23.4,0.31,0.31,5030.0,100.0,100.0,316.0,26.0,26.0,-0.24,0.11,0.11,2.235,0.011,0.011,0.000268,1.1e-05,1.1e-05,,,G6III,,Graczyk18,,,,,EB,679.0,2.0,True,True,0.0001371,5.8e-06,5.8e-06,0.092,0.0013,0.0013,1.3825983646169504,1.5007420276850885,1.2019491020675954,1.5929626640015897,0.8414682009094525,1.7144913275301081
7466,7495,OGLE_LMC-ECL-12669_A,1.843,0.029,0.029,24.17,0.34,0.34,4630.0,85.0,85.0,242.0,19.0,19.0,-0.3,0.14,0.14,1.937,0.012,0.012,0.0001305,5.9e-06,5.9e-06,,,"K0,5III",,Graczyk18,,,,,EB,542.0,3.0,True,True,0.000301,1.5e-05,1.5e-05,0.1194,0.0019,0.0019,1.319273579254635,4.5023704934844035,1.187475298193552,1.5745240613257876,0.7735405477923563,1.7252650605624276
7467,7496,OGLE_LMC-ECL-12669_B,1.962,0.03,0.03,23.36,0.3,0.3,4715.0,95.0,95.0,243.0,21.0,21.0,-0.3,0.14,0.14,1.994,0.011,0.011,0.0001539,6.4e-06,6.4e-06,,,G9III,,Graczyk18,,,,,EB,542.0,3.0,True,True,0.000246,1.1e-05,1.1e-05,0.1121,0.0017,0.0017,1.380128587907964,1.6184079735120183,1.1867541488695912,1.5877616064567897,0.8399583734470738,1.7371216517438213
7468,7497,OGLE_LMC-ECL-12875_A,1.831,0.02,0.02,15.62,0.13,0.13,4845.0,100.0,100.0,121.0,10.0,10.0,-0.48,0.15,0.15,2.313,0.007,0.007,0.00048,1.3e-05,1.3e-05,,,G8III,,Graczyk18,,,,,EB,186.0,0.7,True,False,0.001931,5.9e-05,5.9e-05,0.2224,0.0022,0.0022,1.3249793559578786,1.8138267394007161,1.1633523468104057,1.5231098561778396,0.7602670905496564,1.7662000472443136
7469,7498,OGLE_LMC-ECL-12875_B,1.858,0.023,0.023,40.82,0.32,0.32,4385.0,110.0,110.0,555.0,56.0,56.0,-0.48,0.15,0.15,1.486,0.006,0.006,2.732e-05,7.3e-07,7.3e-07,,,"K2,5III",,Graczyk18,,,,,EB,186.0,0.7,True,False,0.03367,0.00098,0.00098,0.5772,0.0055,0.0055,1.4245708109201096,5.088714664637043,1.1767809071836561,1.6350325968224826,0.8288152590175368,1.7939181285489254
7470,7499,OGLE_LMC-ECL-12933_A,1.516,0.019,0.019,17.32,0.22,0.22,4900.0,200.0,200.0,156.0,26.0,26.0,-0.38,0.13,0.13,2.142,0.011,0.011,0.000292,1.2e-05,1.2e-05,,,G7III,,Graczyk18,,,,,EB,152.6,0.6,True,False,0.00471,0.0002,0.0002,0.2994,0.0041,0.0041,1.4215829588525222,1.0768904050625225,1.1734981376051576,1.6682010243689769,0.7525825781992398,1.8230606873170654
7471,7500,OGLE_LMC-ECL-12933_B,1.514,0.017,0.017,36.41,0.31,0.31,4470.0,150.0,150.0,477.0,64.0,64.0,-0.38,0.13,0.13,1.496,0.007,0.007,3.137e-05,8.8e-07,8.8e-07,,,K2III,,Graczyk18,,,,,EB,152.6,0.6,True,False,0.0438,0.0014,0.0014,0.6299,0.0064,0.0064,1.4248761280887754,1.3823979408380902,1.1823032728721092,1.7032221648763806,0.832815438508328,1.8761499592793878
7472,7501,OGLE_LMC-ECL-13360_A,3.95,0.024,0.024,30.46,0.38,0.38,5495.0,90.0,90.0,762.0,54.0,54.0,-0.3,0.1,0.1,2.067,0.011,0.011,0.0001398,5.3e-06,5.3e-06,,,G1II-III,,Graczyk18,,,,,EB,345.3,0.7,True,True,0.002262,8.7e-05,8.7e-05,0.2343,0.003,0.003,1.4373680699050364,1.5601020238545718,1.1971861145156653,1.6964717356906631,0.8829674992112057,1.834608502047596
7473,7502,OGLE_LMC-ECL-13360_B,4.06,0.024,0.024,39.46,0.35,0.35,5085.0,80.0,80.0,938.0,61.0,61.0,-0.3,0.1,0.1,1.854,0.008,0.008,6.61e-05,1.8e-06,1.8e-06,,,G4II-III,,Graczyk18,,,,,EB,345.3,0.7,True,True,0.00471,0.00013,0.00013,0.2997,0.0028,0.0028,1.40595084803187,1.1156563057380653,1.1907978623645878,1.6638402420887495,0.8278780633868111,1.8016976138735308
7474,7503,OGLE_LMC-ECL-13529_A,2.857,0.016,0.016,17.03,0.21,0.21,5295.0,75.0,75.0,205.0,13.0,13.0,-0.18,0.14,0.14,2.432,0.011,0.011,0.000578,2.2e-05,2.2e-05,,,G4III,,Graczyk18,,,,,EB,101.1,0.2,True,True,0.0152,0.00058,0.00058,0.4429,0.0056,0.0056,1.5987604511703155,20.109538259369707,1.2107454274271532,1.6125301545141435,0.8131491010523776,1.731283595510212
7475,7504,OGLE_LMC-ECL-13529_B,2.81,0.016,0.016,15.98,0.22,0.22,5260.0,90.0,90.0,176.0,13.0,13.0,-0.18,0.14,0.14,2.48,0.012,0.012,0.000689,2.9e-05,2.9e-05,,,G4III,,Graczyk18,,,,,EB,101.1,0.2,True,True,0.0129,0.00054,0.00054,0.4187,0.0059,0.0059,0.8967150957951382,56.30984498244275,1.2117165763980315,1.6016716212413924,0.8077375272878143,1.729901940091542
7476,7505,OGLE_LMC-ECL-15260_A,1.449,0.018,0.018,23.22,0.43,0.43,4810.0,130.0,130.0,260.0,30.0,30.0,-0.63,0.12,0.12,1.868,0.016,0.016,0.0001157,6.6e-06,6.6e-06,,RGB,G8,,Graczyk18,,,,,EB,174.5,0.7,True,False,0.00748,0.00044,0.00044,0.3497,0.0068,0.0068,1.3913234892536828,1.308043893795689,1.164966305530306,1.601455090885004,0.7896733750531071,1.7576482471080674
7477,7506,OGLE_LMC-ECL-15260_B,1.422,0.016,0.016,42.2,0.92,0.92,4420.0,85.0,85.0,612.0,54.0,54.0,-0.63,0.12,0.12,1.34,0.019,0.019,1.89e-05,1.3e-06,1.3e-06,,RGB,K2,,Graczyk18,,,,,EB,174.5,0.7,True,False,0.0463,0.0031,0.0031,0.641,0.014,0.014,1.3723481162157292,1.432732331771454,1.1704713531853013,1.5947817847584236,0.8494672362609533,1.7551493632707538
7478,7507,OGLE_LMC-ECL-18836_A,2.858,0.031,0.031,15.95,0.25,0.25,5155.0,100.0,100.0,162.0,14.0,14.0,-0.4,0.1,0.1,2.489,0.013,0.013,0.000704,3.4e-05,3.4e-05,,HB,G5,,Graczyk18,,,,,EB,241.2,0.9,True,True,0.000913,4.6e-05,4.6e-05,0.1735,0.0029,0.0029,1.354831114106364,1.603429435360156,1.171254082028643,1.5158014702212954,0.7634846992286469,1.679631129446259
7479,7508,OGLE_LMC-ECL-18836_B,2.784,0.036,0.036,30.87,0.33,0.33,4605.0,80.0,80.0,386.0,28.0,28.0,-0.4,0.1,0.1,1.904,0.009,0.009,9.46e-05,3.3e-06,3.3e-06,,RGB,K1,,Graczyk18,,,,,EB,241.2,0.9,True,True,0.0069,0.00025,0.00025,0.3398,0.0041,0.0041,1.3539757055536366,1.1866475766678408,1.1780312572185674,1.5312622130103704,0.8478726220092342,1.686929829251491
7480,7509,OGLE_LMC-ECL-21873_A,2.984,0.021,0.021,20.26,0.22,0.22,5265.0,75.0,75.0,284.0,17.0,17.0,-0.28,0.12,0.12,2.3,0.009,0.009,0.000359,1.2e-05,1.2e-05,,RGB,G4,,Graczyk18,,,,,EB,211.3,0.5,True,True,0.00292,0.0001,0.0001,0.2551,0.0029,0.0029,1.3962286589971622,1.8252315738998106,1.193188716939569,1.6075633067800543,0.8316557436714362,1.7280609595954857
7481,7510,OGLE_LMC-ECL-21873_B,3.093,0.024,0.024,24.67,0.24,0.24,5055.0,80.0,80.0,358.0,24.0,24.0,-0.28,0.12,0.12,2.144,0.008,0.008,0.000206,6.2e-06,6.2e-06,,RGB,G6,,Graczyk18,,,,,EB,211.3,0.5,True,True,0.00498,0.00016,0.00016,0.3056,0.0031,0.0031,1.496095166947056,10.620488280145068,1.196807276561941,1.6031366177885087,0.8741335490337419,1.7304262979666098
7482,7511,OGLE_LMC-ECL-24887_A,2.747,0.047,0.047,16.43,0.26,0.26,5130.0,80.0,80.0,168.0,12.0,12.0,-0.22,0.12,0.12,2.446,0.014,0.014,0.000619,3.1e-05,3.1e-05,,,G5III,,Graczyk18,,,,,EB,156.6,0.8,True,True,0.00397,0.00021,0.00021,0.282,0.0049,0.0049,1.3599064377191417,2.9661465523930035,1.1977511737496294,1.5598827359150687,0.7925150125118412,1.6869094206866266
7483,7512,OGLE_LMC-ECL-24887_B,2.976,0.045,0.045,17.83,0.3,0.3,5070.0,80.0,80.0,189.0,14.0,14.0,-0.22,0.12,0.12,2.409,0.014,0.014,0.000525,2.8e-05,2.8e-05,,,G6III,,Graczyk18,,,,,EB,156.6,0.8,True,True,0.00446,0.00025,0.00025,0.2951,0.0054,0.0054,1.3712021110924248,0.9213479021456846,1.2012650202641548,1.5535932426866021,0.8179733281110774,1.6799604972552336
7484,7513,OGLE_LMC-ECL-25658_A,2.231,0.024,0.024,21.4,0.15,0.15,4840.0,70.0,70.0,226.0,14.0,14.0,-0.48,0.13,0.13,2.126,0.006,0.006,0.0002276,5.4e-06,5.4e-06,,,G8III,,Graczyk18,,,,,EB,231.3,0.6,True,True,0.002552,6.5e-05,6.5e-05,0.2441,0.002,0.002,1.2442103157337066,11.617872416057782,1.171074325076435,1.5259878661479573,0.8001157111455035,1.6870013248511861
7485,7514,OGLE_LMC-ECL-25658_B,2.23,0.023,0.023,27.61,0.19,0.19,4720.0,75.0,75.0,341.0,22.0,22.0,-0.48,0.13,0.13,1.904,0.006,0.006,0.000106,2.4e-06,2.4e-06,,,G9III,,Graczyk18,,,,,EB,231.3,0.6,True,True,0.00548,0.00014,0.00014,0.3151,0.0026,0.0026,1.3565324232548326,0.9535390013223968,1.1757210672813547,1.5561536618142893,0.8106253734346025,1.7065706084999939
7486,7515,KIC5193386_A,1.39,0.03,0.03,4.49,0.05,0.05,4780.0,100.0,100.0,9.48,0.82,0.82,-0.36,0.06,0.06,3.274,0.004,0.004,0.01536,0.00061,0.00061,,RGB,,,Benbakoura21,,,,,EB,44.34,0.34,True,True,0.00292,0.00016,0.00016,0.2571,0.0044,0.0044,1.1965874209277623,1.6571978626510424,0.9751053455457187,1.4410361550777766,0.33030924894657326,2.10086230181369
7487,7516,KIC5193386_B,1.17,0.05,0.05,1.37,0.01,0.01,6622.0,127.0,127.0,3.25,0.25,0.25,-0.36,0.06,0.06,4.23,0.02,0.02,0.455,0.022,0.022,,,,,Benbakoura21,,,,,EB,44.34,0.34,True,True,0.0001094,5.5e-06,5.5e-06,0.0849,0.0013,0.0013,1.2047470096027912,0.037993820446864994,1.1736783910034942,1.236811078779253,1.1299106769035445,1.2797455673471843
7488,7517,KIC6307537_A,1.29,0.07,0.07,4.45,0.06,0.06,4960.0,240.0,240.0,10.8,2.1,2.1,0.0,0.4,0.4,3.25,0.01,0.01,0.01464,0.00099,0.00099,,RGB,,,Benbakoura21,,,,,EB,53.71,0.61,True,True,0.00157,0.00012,0.00012,0.2092,0.0048,0.0048,1.085717779251794,39.548395831813906,1.082587947461901,1.4849306298582126,0.5074428870463555,1.9451696792046917
7489,7518,KIC6307537_B,1.06,0.04,0.04,1.17,0.02,0.02,6387.0,306.0,306.0,2.05,0.4,0.4,0.0,0.4,0.4,4.33,0.02,0.02,0.662,0.042,0.042,,,,,Benbakoura21,,,,,EB,53.71,0.61,True,True,3.91e-05,3.2e-06,3.2e-06,0.0602,0.0015,0.0015,1.1954682910762766,0.13898660956286213,1.1254907842158979,1.2629178883840226,0.9826744027562413,1.4049825189367555
7490,7519,KIC11235323_A,1.03,0.01,0.01,3.578,0.009,0.009,4840.0,200.0,200.0,6.3,1.0,1.0,-0.4,0.2,0.2,3.342,0.004,0.004,0.02249,0.00028,0.00028,,RGB,,,Benbakoura21,,,,,EB,38.76,0.065,True,True,0.002455,2.9e-05,2.9e-05,0.24137,0.00091,0.00091,1.1474784667504154,3.7472105490340155,0.9551112951530523,1.390406566791228,0.4056289318216998,2.015597831574147
7491,7520,KIC11235323_B,0.989,0.002,0.002,1.544,0.004,0.004,6319.0,254.0,254.0,3.42,0.55,0.55,-0.4,0.2,0.2,4.06,0.0,0.0,0.2687,0.0022,0.0022,,,,,Benbakoura21,,,,,EB,38.76,0.065,True,True,0.0002105,2.6e-06,2.6e-06,0.10611,0.00041,0.00041,1.1338256580231234,0.09142520694976165,1.089969291400309,1.1778552426287798,0.9968454572110438,1.2719131964910313
7493,7522,HD187669_A,1.504,0.004,0.004,11.33,0.28,0.28,4650.0,80.0,80.0,53.9,3.9,3.9,-0.25,0.1,0.1,2.507,0.02,0.02,0.001034,7.7e-05,7.7e-05,,RGB,,,Helminiak15,,,,,EB,120.51,0.04,True,True,0.00268,0.0002,0.0002,0.2482,0.0061,0.0061,1.3224561857603196,3.118092225693447,1.101484756973136,1.4571102934251752,0.5597696292807816,1.9784753447054615
7494,7523,HD187669_B,1.505,0.004,0.004,22.62,0.5,0.5,4330.0,70.0,70.0,161.0,13.0,13.0,-0.25,0.1,0.1,1.907,0.019,0.019,0.00013,8.6e-06,8.6e-06,,RGB,,,Helminiak15,,,,,EB,120.51,0.04,True,True,0.0213,0.0014,0.0014,0.495,0.011,0.011,1.6702019530194723,37.52486003859025,1.1860542972147143,1.4953864550823337,0.7234538059399968,1.7265029196296566
12627,12658,TV_Cet_A,1.385,0.052,0.052,1.484,0.02,0.02,6902.0,150.0,150.0,4.5,0.41,0.41,-0.122,0.005,0.005,4.237,0.02,0.02,0.424,0.023,0.023,,MS,F2V,,Eker14+18,,,,,EB,25.15,0.25,True,True,0.000616,4.1e-05,4.1e-05,0.1526,0.0032,0.0032,1.3725303463896685,0.08364703905269552,1.3337651782086426,1.4099645660337152,1.2774917098467238,1.4706447769468196
12628,12659,TV_Cet_B,1.265,0.051,0.051,1.221,0.01,0.01,6575.0,150.0,150.0,2.51,0.23,0.23,-0.122,0.005,0.005,4.367,0.019,0.019,0.695,0.033,0.033,,MS,F5V,,Eker14+18,,,,,EB,25.15,0.25,True,True,0.000397,2.3e-05,2.3e-05,0.1308,0.0024,0.0024,1.237044064987305,0.039989431438529406,1.206279060440015,1.2668428105397749,1.1628411364315605,1.3107372808122637
12780,12813,BH_Vir_A,1.178,0.018,0.018,1.228,0.05,0.05,6100.0,100.0,100.0,1.88,0.2,0.2,-0.2839,0.0074,0.0074,4.331,0.036,0.036,0.636,0.078,0.078,,MS,F8V,,Eker14+18,,,,,EB,4.77,0.02,True,False,0.0502,0.0062,0.0062,0.662,0.027,0.027,1.0079827060699613,0.03987604804803068,0.977350557728509,1.0388790702599608,0.9284943342360084,1.0876651029031195
12781,12814,BH_Vir_B,1.05,0.015,0.015,1.118,0.04,0.04,5500.0,200.0,200.0,1.03,0.17,0.17,-0.2839,0.0074,0.0074,4.363,0.032,0.032,0.751,0.081,0.081,,MS,G5V,,Eker14+18,,,,,EB,4.77,0.02,True,False,0.0455,0.005,0.005,0.635,0.023,0.023,0.8286960424500741,0.3566234139499458,0.7508097822307032,0.905234204435806,0.4596980702740435,1.168300612022943
12861,12894,KIC7177553_A,1.043,0.014,0.014,0.94,0.005,0.005,5800.0,130.0,130.0,0.901,0.081,0.081,0.204,0.013,0.013,4.51,0.007,0.007,1.256,0.026,0.026,,MS,G2V,,Eker14+18,,,,,EB,36.76,0.15,True,True,5.15e-05,1.3e-06,1.3e-06,0.06663,0.00054,0.00054,1.048015780755712,0.06342568229580185,0.9974141625210887,1.0976138984271147,0.9173326297075574,1.1734231490165759
12862,12895,KIC7177553_B,0.986,0.015,0.015,0.941,0.005,0.005,5740.0,140.0,140.0,0.866,0.085,0.085,0.204,0.013,0.013,4.485,0.008,0.008,1.183,0.026,0.026,,MS,G2V,,Eker14+18,,,,,EB,36.76,0.15,True,True,5.66e-05,1.5e-06,1.5e-06,0.06843,0.00056,0.00056,1.0309794489115292,0.08044913062992226,0.968459047553665,1.0921145736487394,0.8698153219957772,1.192658598398266
12883,12916,KIC3230227_A,1.84,0.18,0.18,2.01,0.09,0.09,8000.0,30.0,30.0,14.9,1.4,1.4,-0.135,0.005,0.005,4.097,0.058,0.058,0.227,0.038,0.038,,MS,A6,,Eker14+18,,,,,EB,23.64,0.95,True,True,0.00189,0.0004,0.0004,0.221,0.015,0.015,1.5828363419079976,1.062255659735172,1.408435375521951,1.7787196909000142,1.0206837540154199,1.9287687714873496
12884,12917,KIC3230227_B,1.73,0.17,0.17,1.68,0.08,0.08,8177.0,30.0,30.0,11.4,1.1,1.1,-0.135,0.005,0.005,4.226,0.059,0.059,0.365,0.063,0.063,,MS,A6,,Eker14+18,,,,,EB,23.64,0.95,True,True,0.00122,0.00027,0.00027,0.19,0.013,0.013,1.648943678083009,9.883697423484213,1.378540139950758,1.7747126755353475,0.9705490575356955,1.9460437616483601
12936,12969,V443_Cyg_A,1.2,0.2,0.2,1.3,0.2,0.2,6700.0,350.0,350.0,3.1,1.1,1.1,-0.213,0.025,0.025,4.29,0.152,0.152,0.55,0.27,0.27,,MS,F2/3V,,Eker14+18,,,,,EB,9.4,0.33,True,True,0.008,0.0043,0.0043,0.358,0.062,0.062,1.2562098671782003,2.5501000473736357,1.147429529553217,1.3382962946117325,0.5306623251857129,2.038301595484144
12937,12970,V443_Cyg_B,1.1,0.3,0.3,1.1,0.2,0.2,6200.0,550.0,550.0,1.61,0.82,0.82,-0.213,0.025,0.025,4.397,0.197,0.197,0.83,0.5,0.5,,MS,F8V,,Eker14+18,,,,,EB,9.4,0.33,True,True,0.0055,0.0034,0.0034,0.315,0.063,0.063,1.1572076730554468,6.526699072031875,0.9383548461629716,1.1718188983230853,-0.07511355063903395,2.191019330026668
12942,12975,V456_Cyg_A,1.86,0.06,0.06,1.68,0.02,0.02,7750.0,100.0,100.0,9.17,0.52,0.52,0.039,0.016,0.016,4.257,0.017,0.017,0.392,0.019,0.019,,MS,A7V,,Eker14+18,,,,,EB,5.88,0.06,True,False,0.0661,0.0039,0.0039,0.727,0.014,0.014,1.5650978180912103,0.5780569149311102,1.432144082902476,1.7036362928715578,1.1664267144501128,1.8134585069003608
12943,12976,V456_Cyg_B,1.58,0.05,0.05,1.47,0.02,0.02,6755.0,400.0,400.0,4.05,0.97,0.97,0.039,0.016,0.016,4.302,0.018,0.018,0.497,0.026,0.026,,MS,F3V,,Eker14+18,,,,,EB,5.88,0.06,True,False,0.0575,0.0036,0.0036,0.685,0.014,0.014,1.328468567113719,2.38300629113056,1.244441268159886,1.4236758639579612,0.8187356040241306,1.8224811917442836
13013,13046,BLG-305487_A,1.06,0.02,0.02,19.27,0.28,0.28,4248.0,375.0,440.0,108.0,41.0,41.0,0.1,0.53,0.67,1.893,0.013,0.013,0.0001481,7e-06,7e-06,,RGB,K0,,Suchomska22,,,,,EB,168.37,0.998,True,True,0.00458,0.00024,0.00024,0.2975,0.005,0.005,1.4791101963163265,1.122566594783252,1.1809813047768316,1.8346218316112297,0.6526814920104205,2.090411904483306
13014,13047,BLG-305487_B,0.991,0.018,0.018,29.99,0.24,0.24,3984.0,242.0,254.0,203.0,51.0,51.0,0.01,0.39,0.34,1.48,0.005,0.005,3.67e-05,1.1e-06,1.1e-06,,AGB,K2,,Suchomska22,,,,,EB,168.37,0.998,True,True,0.01923,0.0007,0.0007,0.4774,0.0056,0.0056,1.4931751872940682,2.0773730926522527,1.2157005380718058,1.805489336292246,0.7416146650208486,2.0294892339625483
13015,13048,BLG-116218_A,0.969,0.012,0.012,16.73,0.28,0.28,4233.0,204.0,196.0,81.0,15.0,15.0,-0.52,0.28,0.33,1.978,0.015,0.015,0.000207,1.1e-05,1.1e-05,,RGB,K2,,Suchomska22,,,,,EB,98.168,0.369,True,False,0.01614,0.00086,0.00086,0.4512,0.0079,0.0079,1.4033177609893688,4.818736842218187,1.1054622313701512,1.648557602115394,0.5445780716674266,2.0356534027551647
13016,13049,BLG-116218_B,0.983,0.012,0.012,22.06,0.26,0.26,4083.0,143.0,135.0,121.0,17.0,17.0,-0.41,0.21,0.24,1.744,0.009,0.009,9.16e-05,3.4e-06,3.4e-06,,RGB,K3,,Suchomska22,,,,,EB,98.168,0.369,True,False,0.0362,0.0014,0.0014,0.5911,0.0077,0.0077,1.3969250041529524,6.140485058917458,1.153144936153691,1.6056828544480788,0.6695894287667254,1.8715699083352162
