original_row,Seq,SIMBAD_ID,M,eM1,eM2,R,eR1,eR2,Teff,eTeff1,eTeff2,L,eL1,eL2,Meta,eMeta1,eMeta2,logg,elogg1,elogg2,rho,erho1,erho2,cutoff,class,type,pla,catalog,e_M,e_R,e_Teff,e_L,mode,orbit_a,eOrbit_a,detached,well_detached,oblateness,eoblateness1,eoblateness2,fill_factor,efill_factor1,efill_factor2,rad_pred,rad_sigma,rad_p16,rad_p84,rad_p02_5,rad_p97_5
22,23,NGTS-EB-8_A,0.25,0.005,0.004,0.255,0.004,0.005,3500.0,100.0,200.0,0.0088,0.001,0.002,0.0,0.5,0.5,5.023,0.02,0.016,15.08,0.77,0.92,,MS,M,,OBrien25,,,,,EB,8.43,0.02,True,True,7.72e-05,4.5e-06,4.5e-06,0.0766,0.0014,0.0014,0.5668719158157415,0.07382752087094885,0.4900766157180198,0.6461080033811599,0.41467527580620517,0.6917652824769517
23,24,NGTS-EB-8_B,0.208,0.005,0.004,0.233,0.006,0.005,3300.0,100.0,100.0,0.0058,0.00076,0.00075,0.0,0.5,0.5,5.021,0.02,0.022,16.4,1.3,1.1,,MS,M,,OBrien25,,,,,EB,8.43,0.02,True,True,7.9e-05,5.9e-06,5.9e-06,0.0761,0.0019,0.0019,0.5551979639869642,0.08331018294919072,0.4713550530820049,0.6456672918131058,0.3727097129395038,0.6928474905858728
36,37,TIC278683641_A,1.273,0.007,0.007,1.612,0.003,0.003,5940.0,110.0,110.0,2.92,0.14,0.14,0.2907,0.0039,0.0039,4.128,0.001,0.001,0.3039,0.0024,0.0024,,MS,F/G,,CakirliDec25,,,,,EB,13.5,0.021,True,True,0.003129,2.6e-05,2.6e-05,0.26718,0.00073,0.00073,1.597948140815221,0.020251898878170478,1.5771636853748998,1.6184555979503996,1.5636328291386536,1.6359638160561367
37,38,TIC278683641_B,0.589,0.002,0.002,0.585,0.001,0.001,3653.0,97.0,97.0,0.06,0.01,0.01,0.2907,0.0039,0.0039,4.674,0.001,0.001,2.942,0.018,0.018,,MS,M,,CakirliDec25,,,,,EB,13.5,0.021,True,True,0.0005059,4.6e-06,4.6e-06,0.13776,0.00039,0.00039,0.6173805135227123,0.049529071023483334,0.5667991794201781,0.6695790033572594,0.5133653531275616,0.6973145798221017
40,41,KIC9656397_A,1.15,0.15,0.09,1.09,0.16,0.16,6270.0,140.0,130.0,1.66,0.51,0.49,-0.089,0.041,0.041,4.38,0.04,0.04,0.89,0.41,0.4,,MS,F2,,Xu26,,,,,EB,204.0,20.0,True,True,5e-07,2.7e-07,2.7e-07,0.0141,0.0026,0.0026,1.0941024706292641,0.0618985869480236,1.0344978617533565,1.155342982608957,0.9866625447269599,1.227114181848924
41,42,KIC9656397_B,1.16,0.19,0.14,1.09,0.16,0.15,6360.0,140.0,130.0,1.76,0.54,0.51,-0.089,0.041,0.041,4.38,0.04,0.04,0.9,0.42,0.39,,MS,F2,,Xu26,,,,,EB,204.0,20.0,True,True,4.9e-07,2.6e-07,2.6e-07,0.0141,0.0025,0.0025,1.1226518470665556,0.06476320510379527,1.0564124734722624,1.1876867995749412,0.9960748916524238,1.2397890975315145
42,43,LL_Aqr_A,1.1947,0.0009,0.0009,1.318,0.0013,0.0013,6242.0,51.0,51.0,2.38,0.08,0.08,0.04,0.05,0.05,4.2755,0.0009,0.0009,0.5218,0.0016,0.0016,,MS,F9,,Miller26,,,,,EB,40.744,0.007,True,True,9.731e-05,3e-07,3e-07,0.082618,8.5e-05,8.5e-05,1.2910534104463411,0.014219997337734496,1.277101514257946,1.3048883209555453,1.2639899736126154,1.317854602866089
43,44,LL_Aqr_B,1.0334,0.0006,0.0006,0.9927,0.0008,0.0008,5839.0,45.0,45.0,1.03,0.03,0.03,0.05,0.08,0.08,4.4587,0.0008,0.0008,1.0564,0.0026,0.0026,,MS,G3,,Miller26,,,,,EB,40.744,0.007,True,True,5.244e-05,1.4e-07,1.4e-07,0.06649,5.7e-05,5.7e-05,0.9050331367671124,0.0178684463114605,0.8873536656315554,0.9218061294229841,0.8717674792247817,0.9437211807779369
44,45,V570_Per_A,1.4569,0.0094,0.01,1.543,0.012,0.009,6556.0,64.0,26.0,3.96,0.22,0.11,0.18,0.03,0.01,4.225,0.009,0.009,0.3966,0.0096,0.0075,,MS,F3,,Yucel26,,,,,EB,9.118,0.016,True,True,0.01477,0.00033,0.00033,0.4395,0.0032,0.0032,1.53505266103812,0.020387216976339117,1.5161842104954755,1.5565242755779503,1.4965060832805321,1.5772788532048911
45,46,V570_Per_B,1.3579,0.0094,0.0089,1.377,0.013,0.015,6468.0,32.0,21.0,2.99,0.12,0.1,0.17,0.01,0.01,4.293,0.011,0.011,0.52,0.015,0.017,,MS,F5,,Yucel26,,,,,EB,9.118,0.016,True,True,0.01175,0.00037,0.00037,0.405,0.0043,0.0043,1.358374474457514,0.021767409935571348,1.3363995945358718,1.3799830093630563,1.3176103930582865,1.402599870687431
48,49,BEPOP-3_A,1.084,0.026,0.026,1.386,0.01,0.01,6065.0,36.0,36.0,2.35,0.03,0.03,-0.02,0.1,0.1,4.1895,0.0041,0.0041,0.407,0.013,0.013,,MS,F9,,Maxted25,,,,,EB,26.0,0.16,True,True,0.0001921,6.1e-06,6.1e-06,0.1057,0.0011,0.0011,1.3885335966282608,0.02243749696784786,1.366899871579425,1.4122488045257493,1.350361412544484,1.4319945075149607
49,50,BEPOP-3_B,0.262,0.004,0.004,0.274,0.002,0.002,3191.0,32.0,32.0,0.01,0.0,0.0,-0.02,0.1,0.1,4.979,0.0016,0.0016,12.74,0.34,0.34,,MS,M,,Maxted25,,,,,EB,26.0,0.16,True,True,1.324e-05,5.2e-07,5.2e-07,0.03974,0.00049,0.00049,0.49533388796021105,0.11576604183501035,0.3724263275700123,0.6188359020558145,0.2595847040713952,0.693593334495372
50,51,TIC189069314_A,1.126,0.069,0.069,1.439,0.047,0.047,6286.0,108.0,108.0,2.9,0.09,0.09,-0.32,0.03,0.03,4.17,0.01,0.01,0.378,0.044,0.044,,MS,,,MWang25,,,,,EB,14.49,0.01,True,True,0.00278,0.00033,0.00033,0.2528,0.0095,0.0095,1.4150577602950676,0.02302631016329556,1.391298021744579,1.437272783404865,1.3684409905222177,1.455073232453884
51,52,TIC189069314_B,0.96,0.054,0.054,1.023,0.035,0.035,5739.0,117.0,117.0,1.01,0.04,0.04,-0.32,0.03,0.03,4.4,0.03,0.03,0.9,0.1,0.1,,MS,,,MWang25,,,,,EB,14.49,0.01,True,True,0.00129,0.00016,0.00016,0.1933,0.0076,0.0076,0.9534329742956773,0.03922044853616361,0.9156998560383429,0.990936230973112,0.8686683326314698,1.026207898579912
52,53,TIC54759992_A,1.236,0.042,0.042,1.255,0.028,0.028,6733.0,126.0,126.0,2.9,0.09,0.09,-0.53,0.03,0.03,4.33,0.01,0.01,0.625,0.047,0.047,,MS,,,MWang25,,,,,EB,9.62,0.05,True,True,0.0062,0.00046,0.00046,0.3304,0.008,0.008,1.181893830740662,0.02467693027424284,1.1591260685900946,1.2072292876954456,1.1319586145057363,1.2330421640987081
53,54,TIC54759992_B,1.03,0.011,0.011,0.98,0.035,0.035,5619.0,139.0,139.0,0.86,0.04,0.04,-0.53,0.03,0.03,4.48,0.03,0.03,1.09,0.12,0.12,,MS,,,MWang25,,,,,EB,9.62,0.05,True,True,0.00395,0.00044,0.00044,0.28,0.01,0.01,0.8299330638507634,0.03775364589145068,0.7962186168077733,0.8610619047655745,0.7591110201202722,0.9091118273398516
54,55,TIC46299496_A,1.123,0.028,0.028,1.13,0.018,0.018,6056.0,113.0,113.0,1.54,0.04,0.04,-0.56,0.03,0.03,4.38,0.01,0.01,0.778,0.042,0.042,,MS,,,MWang25,,,,,EB,11.99,0.01,True,True,0.00256,0.00014,0.00014,0.2451,0.0044,0.0044,0.9779800713340064,0.025341175362855444,0.9523649184914891,1.0021280852851846,0.9329496708378381,1.0253177949174896
55,56,TIC46299496_B,1.053,0.026,0.026,1.02,0.04,0.04,5926.0,120.0,120.0,1.15,0.05,0.05,-0.56,0.03,0.03,4.44,0.02,0.02,0.99,0.12,0.12,,MS,,,MWang25,,,,,EB,11.99,0.01,True,True,0.00209,0.00025,0.00025,0.2279,0.0091,0.0091,0.8804192385879769,0.03084176548466214,0.8503528794577239,0.9120563078017763,0.8216475675277041,0.9420701248565324
56,57,TIC369605666_A,0.995,0.014,0.014,1.041,0.036,0.036,6116.0,108.0,108.0,1.36,0.05,0.05,-0.05,0.01,0.01,4.4,0.03,0.03,0.882,0.092,0.092,,MS,,,MWang25,,,,,EB,10.17,0.01,True,True,0.00299,0.00032,0.00032,0.2591,0.0092,0.0092,1.0426728204087812,0.04181543417751384,0.9984628475117645,1.0838729343279523,0.9663224420361435,1.122867514255658
57,58,TIC369605666_B,0.827,0.024,0.024,0.789,0.044,0.044,5486.0,116.0,116.0,0.51,0.04,0.03,-0.05,0.01,0.01,4.56,0.05,0.05,1.68,0.29,0.29,,MS,,,MWang25,,,,,EB,10.17,0.01,True,True,0.00175,0.0003,0.0003,0.214,0.012,0.012,0.8332205492238157,0.04724008910806729,0.7874355511417102,0.8791793480173808,0.740292548900706,0.9348802362551925
58,59,TIC431925451_A,1.426,0.079,0.079,1.488,0.09,0.09,6989.0,131.0,131.0,4.74,0.3,0.29,-0.2,0.02,0.02,4.25,0.05,0.05,0.433,0.082,0.082,,MS,,,MWang25,,,,,EB,14.19,0.01,True,True,0.00367,0.0007,0.0007,0.276,0.017,0.017,1.5006423111101486,0.06813154896343135,1.430589836451652,1.5734203199746681,1.3774735672587903,1.6406520982071608
59,60,TIC431925451_B,1.404,0.061,0.061,1.481,0.087,0.087,6614.0,145.0,145.0,3.82,0.24,0.23,-0.2,0.02,0.02,4.24,0.07,0.07,0.432,0.078,0.078,,MS,,,MWang25,,,,,EB,14.19,0.01,True,True,0.00371,0.00069,0.00069,0.276,0.017,0.017,1.4474453623633239,0.07991692215113964,1.3659481677490621,1.5225983523869522,1.2876835149301515,1.5997407340384704
60,61,TIC100520485_A,1.218,0.015,0.015,1.639,0.041,0.041,6090.0,127.0,127.0,3.31,0.1,0.1,-0.42,0.05,0.05,4.08,0.02,0.02,0.277,0.021,0.021,,MS,,,MWang25,,,,,EB,16.45,0.01,True,True,0.00276,0.00021,0.00021,0.2524,0.0064,0.0064,1.5442876871497555,0.03430570333081922,1.5107817027636914,1.5800864831450654,1.4732850438383494,1.6075837502077734
61,62,TIC100520485_B,1.015,0.015,0.015,1.14,0.044,0.044,6209.0,144.0,144.0,1.73,0.09,0.08,-0.42,0.05,0.05,4.33,0.03,0.03,0.685,0.08,0.08,,MS,,,MWang25,,,,,EB,16.45,0.01,True,True,0.00124,0.00015,0.00015,0.1908,0.0074,0.0074,1.1082896626786733,0.04223080442642373,1.0693821946192787,1.1487965317615916,1.0289185348457583,1.1991881676683382
62,63,TIC126323537_A,1.145,0.047,0.047,1.666,0.027,0.027,6787.0,133.0,133.0,5.28,0.14,0.13,-0.53,0.05,0.05,4.05,0.01,0.01,0.248,0.016,0.016,,MS,,,MWang25,,,,,EB,8.34,0.01,True,True,0.0256,0.0015,0.0015,0.527,0.01,0.01,1.7326469052123383,0.027179268677341564,1.7043446460547165,1.7587627124352838,1.686145524888823,1.7890500447492124
63,64,TIC126323537_B,1.141,0.016,0.016,1.481,0.049,0.049,6605.0,189.0,189.0,3.74,0.14,0.14,-0.53,0.05,0.05,4.15,0.02,0.02,0.351,0.035,0.035,,MS,,,MWang25,,,,,EB,8.34,0.01,True,True,0.0181,0.0019,0.0019,0.469,0.016,0.016,1.47694455558594,0.034912484452203345,1.4438275956369895,1.5104128349517532,1.4094392062169605,1.5496997916966564
64,65,TIC327361036_A,1.443,0.022,0.022,2.146,0.094,0.094,7553.0,126.0,126.0,12.45,0.59,0.56,0.08,0.04,0.04,3.93,0.04,0.04,0.146,0.019,0.019,,MS,,,MWang25,,,,,EB,19.1,0.27,True,True,0.00414,0.00058,0.00058,0.288,0.013,0.013,2.671693273696431,0.09337495659981691,2.5769358038837846,2.7664432635726706,2.4849332516319507,2.8395767325291
65,66,TIC327361036_B,1.272,0.021,0.021,1.19,0.063,0.063,7585.0,191.0,191.0,4.23,0.25,0.24,0.08,0.04,0.04,4.39,0.05,0.05,0.75,0.12,0.12,,MS,,,MWang25,,,,,EB,19.1,0.27,True,True,0.00086,0.00014,0.00014,0.1693,0.0093,0.0093,1.3553489676426203,0.0651319089207011,1.287973545423786,1.421287472856282,1.227856536394256,1.4854382683359932
66,67,TIC446092483_A,1.342,0.019,0.019,2.194,0.069,0.069,6336.0,120.0,120.0,6.07,0.21,0.21,-0.25,0.01,0.01,3.88,0.03,0.03,0.127,0.012,0.012,,MS,,,MWang25,,,,,EB,26.92,0.05,True,True,0.00189,0.00018,0.00018,0.2202,0.007,0.007,2.110849687077917,0.05720390989101552,2.050675186161429,2.166298224624633,2.0007155482594907,2.2185213372868033
67,68,TIC446092483_B,1.486,0.028,0.028,1.459,0.077,0.077,6096.0,111.0,111.0,2.41,0.14,0.13,-0.25,0.01,0.01,4.28,0.04,0.04,0.478,0.076,0.076,,MS,,,MWang25,,,,,EB,26.92,0.05,True,True,0.000473,7.5e-05,7.5e-05,0.1398,0.0074,0.0074,1.2404284737130962,0.0532967318408193,1.1849113254016694,1.2951717652678274,1.1341015745287342,1.3386581422320514
68,69,TIC39022841_A,0.856,0.048,0.048,0.929,0.059,0.059,5914.0,101.0,101.0,0.95,0.06,0.06,-0.19,0.03,0.03,4.44,0.02,0.02,1.07,0.21,0.21,,MS,,,MWang25,,,,,EB,21.59,0.19,True,True,0.000265,5.3e-05,5.3e-05,0.1146,0.0076,0.0076,0.9158148516712604,0.03035968759764035,0.8860689948214195,0.9472850438078013,0.8565317035216041,0.9691610123315344
69,70,TIC39022841_B,0.892,0.037,0.037,1.074,0.087,0.087,6071.0,102.0,102.0,1.41,0.12,0.11,-0.19,0.03,0.03,4.33,0.03,0.03,0.72,0.18,0.18,,MS,,,MWang25,,,,,EB,21.59,0.19,True,True,0.000384,9.6e-05,9.6e-05,0.13,0.011,0.011,1.1054393751117342,0.04209904141053841,1.0615410409794201,1.1471433424598434,1.0300468917525119,1.1945052654851258
76,77,KIC11769146_A,1.001,0.007,0.007,0.968,0.002,0.002,5800.0,150.0,150.0,0.95,0.09,0.08,0.0,0.25,0.25,4.467,0.001,0.001,1.104,0.01,0.01,,MS,,,OzdarcanFeb25,,,,,EB,222.4,0.5,True,True,2.328e-07,2.8e-09,2.8e-09,0.011059,4.2e-05,4.2e-05,0.8992543204862956,0.031212000121158972,0.8666285641714838,0.9299574487584759,0.8423788199723492,0.9625882514410028
77,78,KIC11769146_B,0.846,0.006,0.006,0.785,0.002,0.002,5180.0,150.0,150.0,0.4,0.05,0.04,0.0,0.25,0.25,4.575,0.001,0.001,1.749,0.018,0.018,,MS,,,OzdarcanFeb25,,,,,EB,222.4,0.5,True,True,1.625e-07,2.1e-09,2.1e-09,0.009685,4e-05,4e-05,0.7456734119792311,0.02245615471394654,0.7211337180067303,0.7677119358114308,0.7064324209248971,0.7887117007986856
78,79,KIC8610483_A,0.92,0.02,0.02,1.461,0.01,0.01,5700.0,150.0,150.0,2.0,0.2,0.2,-0.25,0.25,0.25,4.07,0.004,0.004,0.295,0.0088,0.0088,,MS,,,OzdarcanFeb25,,,,,EB,68.7,0.4,True,True,3.1e-05,1.1e-06,1.1e-06,0.05612,0.00064,0.00064,1.5084136713663243,0.039525660835523856,1.4723893279865659,1.5452523523654422,1.4296094108481068,1.5939867960966285
79,80,KIC8610483_B,0.92,0.02,0.02,1.329,0.009,0.009,5751.0,150.0,150.0,1.7,0.2,0.2,-0.25,0.25,0.25,4.153,0.004,0.004,0.392,0.012,0.012,,MS,,,OzdarcanFeb25,,,,,EB,68.7,0.4,True,True,2.333e-05,8.5e-07,8.5e-07,0.05105,0.00058,0.00058,1.361161958069504,0.03686397572269894,1.3233344852046935,1.4017680362086744,1.295533244100817,1.4304699364989588
80,81,KIC8868907_A,1.032,0.005,0.005,1.318,0.002,0.002,5800.0,150.0,150.0,1.8,0.2,0.2,0.0,0.25,0.25,4.2115,0.0009,0.0009,0.4507,0.003,0.003,,MS,,,OzdarcanFeb25,,,,,EB,148.6,0.2,True,True,1.757e-06,1.3e-08,1.3e-08,0.021801,5.3e-05,5.3e-05,1.2930161271787783,0.03469079330119021,1.2560079730193976,1.3255989972192908,1.2230233613111843,1.3559499601648874
81,83,KIC9948002_A,1.25,0.03,0.03,1.82,0.01,0.01,6100.0,150.0,150.0,4.2,0.4,0.4,0.0,0.25,0.25,4.015,0.004,0.004,0.2073,0.006,0.006,,MS,,,OzdarcanFeb25,,,,,EB,115.1,0.8,True,True,8.66e-06,2.9e-07,2.9e-07,0.03731,0.00039,0.00039,1.8032757556708772,0.05146923162682668,1.7542843919617517,1.8593863746236208,1.712433804559172,1.9035372042705028
82,84,KIC9948002_B,0.75,0.01,0.01,0.707,0.005,0.005,4734.0,150.0,150.0,0.22,0.03,0.03,0.0,0.25,0.25,4.613,0.004,0.004,2.122,0.053,0.053,,MS,,,OzdarcanFeb25,,,,,EB,115.1,0.8,True,True,1.145e-06,4.4e-08,4.4e-08,0.0183,0.00022,0.00022,0.7050532442074499,0.02133530958043609,0.6851361424308993,0.7262274153462669,0.6641027021324886,0.7512810439895097
83,85,TIC17303250_A,0.714,0.004,0.004,0.768,0.004,0.004,5135.0,80.0,80.0,0.369,0.023,0.023,-0.04,0.15,0.15,4.38,0.28,0.28,1.576,0.026,0.026,,MS,K1,,Pan25,,,,,EB,17.46,0.03,True,True,0.0002688,4.7e-06,4.7e-06,0.11541,0.00067,0.00067,1.1055081176978274,0.10769585214498224,0.9952412801217897,1.2150616043315259,0.9195883989205539,1.3245351297290833
84,86,TIC17303250_B,0.696,0.004,0.004,0.752,0.004,0.004,5070.0,135.0,135.0,0.337,0.036,0.036,-0.06,0.15,0.15,4.46,0.28,0.28,1.637,0.028,0.028,,MS,K2,,Pan25,,,,,EB,17.46,0.03,True,True,0.0002628,4.7e-06,4.7e-06,0.11433,0.00067,0.00067,1.0830364549715645,0.10615143211589619,0.9787790445417422,1.1850542415633722,0.879474609727828,1.2918571371087566
85,87,TIC196817076_A,0.989,0.001,0.001,0.788,0.005,0.005,5285.0,150.0,150.0,0.436,0.05,0.05,-0.05,0.15,0.15,4.28,0.27,0.27,2.021,0.039,0.039,,MS,K0,,Pan25,,,,,EB,30.15,0.15,True,True,4.96e-05,1.3e-06,1.3e-06,0.06609,0.00057,0.00057,1.0845198624113679,0.10200885615570451,0.9871930927390054,1.1905429552958093,0.8863873303831359,1.2757590928763347
86,88,TIC196817076_B,0.818,0.011,0.011,0.762,0.005,0.005,5200.0,155.0,155.0,0.382,0.046,0.046,0.02,0.13,0.13,4.14,0.39,0.39,1.849,0.044,0.044,,MS,K1,,Pan25,,,,,EB,30.15,0.15,True,True,6.07e-05,1.6e-06,1.6e-06,0.0697,0.00062,0.00062,1.0879259187965424,0.10228881799525179,0.9846119904811466,1.1889938286281245,0.9091547419519614,1.2877225394686942
87,89,TIC219488423_A,0.565,0.016,0.016,0.564,0.007,0.007,4870.0,90.0,90.0,0.161,0.013,0.013,-0.55,0.12,0.12,4.55,0.15,0.15,3.15,0.15,0.15,,MS,K3,,Pan25,,,,,EB,25.95,0.13,True,True,3.26e-05,1.7e-06,1.7e-06,0.05712,0.00093,0.00093,1.0139697820283868,0.09404071687530857,0.9240807929425826,1.1124223883674662,0.8395165094568997,1.2088254028303027
88,90,TIC219488423_B,0.555,0.016,0.016,0.564,0.006,0.006,4680.0,120.0,120.0,0.137,0.014,0.014,-0.54,0.13,0.13,4.6,0.18,0.18,3.09,0.13,0.13,,MS,K4,,Pan25,,,,,EB,25.95,0.13,True,True,3.36e-05,1.6e-06,1.6e-06,0.05759,0.00086,0.00086,1.03577518463811,0.10162170975180354,0.9361681980106785,1.1381844063864368,0.8642870918488712,1.2590152787443871
89,91,TIC252991035_A,0.736,0.009,0.009,0.741,0.005,0.005,5540.0,140.0,140.0,0.466,0.048,0.048,-0.21,0.15,0.15,4.3,0.13,0.13,1.809,0.043,0.043,,MS,G8,,Pan25,,,,,EB,17.54,0.06,True,True,0.0002398,6.4e-06,6.4e-06,0.11107,0.00095,0.00095,1.0578577043506043,0.09068203045441861,0.9752577351108472,1.1391936554249351,0.8701721944202981,1.2408427272648603
90,92,TIC252991035_B,0.724,0.009,0.009,0.688,0.005,0.005,5370.0,130.0,130.0,0.355,0.035,0.035,-0.2,0.14,0.14,4.44,0.12,0.12,2.223,0.056,0.056,,MS,G9,,Pan25,,,,,EB,17.54,0.06,True,True,0.0001971,5.5e-06,5.5e-06,0.10391,0.00093,0.00093,1.0052843442693564,0.08508092389895336,0.9220703213125743,1.0980373121531484,0.8565805613361378,1.1775644683380955
91,93,TIC344753509_A,0.743,0.005,0.005,0.729,0.006,0.006,5520.0,120.0,120.0,0.445,0.039,0.039,-0.11,0.12,0.12,4.39,0.09,0.09,1.918,0.049,0.049,,MS,G8,,Pan25,,,,,EB,18.49,0.04,True,True,0.0001975,5.3e-06,5.3e-06,0.10405,0.00091,0.00091,1.0114474225379642,0.07619406863600685,0.9374932026868417,1.0858917441507878,0.8606679440999098,1.1660325565459508
92,94,TIC344753509_B,0.743,0.005,0.005,0.756,0.005,0.005,5175.0,155.0,155.0,0.369,0.045,0.045,-0.1,0.1,0.1,4.49,0.12,0.12,1.72,0.036,0.036,,MS,K2,,Pan25,,,,,EB,18.49,0.04,True,True,0.0002203,4.9e-06,4.9e-06,0.1079,0.00079,0.00079,0.9964722922009319,0.08867571635105093,0.9117279356676791,1.083509252866519,0.840808673719786,1.1856862827608416
93,95,TIC72696540_A,1.267,0.011,0.011,2.365,0.043,0.043,5965.0,120.0,120.0,6.38,0.56,0.56,0.04,0.1,0.1,4.21,0.12,0.12,0.0958,0.0053,0.0053,,Subgiant,F9,,Pan25,,,,,EB,23.07,0.05,True,True,0.0035,0.0002,0.0002,0.2712,0.005,0.005,1.9332279483560477,0.14882174145698493,1.7998154434094737,2.0694206833697635,1.6439406467535673,2.246137950034602
94,96,TIC72696540_B,1.281,0.011,0.011,2.517,0.035,0.035,5230.0,150.0,150.0,4.27,0.5,0.5,0.03,0.13,0.13,3.9,0.4,0.4,0.0803,0.0034,0.0034,,Subgiant,K0,,Pan25,,,,,EB,23.07,0.05,True,True,0.00415,0.00018,0.00018,0.2872,0.0041,0.0041,1.8281578178866746,0.1706372039832298,1.6603832506406406,1.977937386540274,1.4973395505421518,2.190181676153364
111,113,KIC6147573_A,0.98,0.01,0.01,1.007,0.005,0.005,5699.0,100.0,100.0,0.95,0.12,0.1,-0.003,0.031,0.031,4.422,0.003,0.003,0.96,0.017,0.017,,MS,G3,,Ozdarcan24,,,,,EB,46.0,0.2,True,True,3.381e-05,7.7e-07,7.7e-07,0.05777,0.00043,0.00043,0.9299297608048325,0.017737391750096632,0.9116945901369296,0.9480125878673388,0.8972272500312953,0.9669754916130228
113,115,KIC8543278_A,0.827,0.007,0.007,0.746,0.004,0.004,5270.0,90.0,90.0,0.39,0.05,0.04,-0.166,0.028,0.028,4.611,0.004,0.004,1.992,0.036,0.036,,MS,K0,,Ozdarcan24,,,,,EB,18.64,0.05,True,True,0.0001812,3.7e-06,3.7e-06,0.10172,0.00068,0.00068,0.6840222347591518,0.014426105569668134,0.6690056128704719,0.6989539572780394,0.6530539963670123,0.7089172327717281
115,117,KIC9762519_A,0.92,0.02,0.02,0.916,0.008,0.008,5750.0,90.0,90.0,0.83,0.1,0.09,-0.447,0.028,0.028,4.48,0.005,0.005,1.197,0.041,0.041,,MS,G7,,Ozdarcan24,,,,,EB,18.9,0.1,True,True,0.000294,1.2e-05,1.2e-05,0.1199,0.0015,0.0015,0.7958374717601758,0.0180575657035261,0.7796882281224127,0.8133986701511244,0.7570376195022126,0.8282329439366247
169,171,KIC4932691_A,1.597,0.024,0.024,1.75,0.01,0.01,7580.0,450.0,450.0,9.12,0.77,0.71,-0.4937,0.0108,0.0108,4.155,0.003,0.003,0.298,0.0068,0.0068,,MS,,,CakirliApr25,,,,,EB,43.0,0.21,True,True,0.0002138,6.2e-06,6.2e-06,0.10691,0.00098,0.00098,1.7178292437657416,0.05110894346210938,1.665271202289165,1.7702590935726552,1.6200242989820055,1.8211264360112918
170,172,KIC4932691_B,1.565,0.027,0.027,1.652,0.009,0.009,6935.0,1200.0,1200.0,7.21,1.05,0.92,-0.4937,0.0108,0.0108,4.196,0.004,0.004,0.3471,0.0082,0.0082,,MS,,,CakirliApr25,,,,,EB,43.0,0.21,True,True,0.0001858,5.3e-06,5.3e-06,0.10186,0.00092,0.00092,1.505731659763371,0.055622450538604006,1.457217793983172,1.55917195564084,1.3930343098597817,1.606976330964876
197,199,HAT-TR-318-007_A,0.448,0.011,0.011,0.4548,0.0035,0.0036,3190.0,110.0,110.0,0.02,0.0,0.0,0.298,0.08,0.08,4.774,0.0056,0.0058,4.76,0.16,0.16,,MS,"M3,71+/-0,69",,Hartman18,,,,,EB,8.436,0.06,True,True,0.000346,1.3e-05,1.3e-05,0.1275,0.0016,0.0016,0.581137225366695,0.06788551969395061,0.5145267005884484,0.6521414358445564,0.4389165569195995,0.6947421143202301
198,200,HAT-TR-318-007_B,0.2721,0.0041,0.0042,0.2913,0.0023,0.0024,3100.0,110.0,110.0,0.01,0.0,0.0,0.298,0.08,0.08,4.9442,0.0038,0.0039,11.01,0.31,0.32,,MS,"M5,01+/-0,73",,Hartman18,,,,,EB,8.436,0.06,True,True,0.0002013,8.2e-06,8.2e-06,0.1026,0.0013,0.0013,0.5340479345576625,0.09164026401824583,0.4411152675572845,0.6295167313649573,0.3434331293922166,0.6889055935695918
199,201,"PTFEB132,707+19,810_A",0.3953,0.002,0.002,0.363,0.008,0.008,3260.0,70.0,70.0,0.01,0.0,0.0,0.14,0.04,0.04,4.92,0.02,0.02,8.26,0.55,0.55,,MS,"M3,5±0,2",,Kraus17,,,,,EB,11.77,0.01,True,True,5.91e-05,3.9e-06,3.9e-06,0.0709,0.0016,0.0016,0.5383982372488066,0.08903340292934747,0.44126059378613053,0.6343758165177581,0.3570864842299368,0.6908367314666704
200,202,"PTFEB132,707+19,810_B",0.2098,0.0014,0.0014,0.272,0.012,0.012,3120.0,80.0,80.0,0.01,0.0,0.0,0.14,0.04,0.04,4.89,0.04,0.04,10.4,1.4,1.4,,MS,"M4,3±0,7",,Kraus17,,,,,EB,11.77,0.01,True,True,6.79e-05,9e-06,9e-06,0.071,0.0031,0.0031,0.6048516363007973,0.06693949294917895,0.5375050388554203,0.675427198313279,0.45269373858575496,0.7115214718522659
207,211,HD24465_A,1.337,0.008,0.008,1.444,0.004,0.004,6250.0,100.0,100.0,2.87,0.18,0.18,0.3,0.15,0.15,4.245,0.0036,0.0036,0.444,0.0045,0.0045,,MS,F8,,MartinDec24,,,,,EB,18.3,0.04,True,True,0.0005348,5.9e-06,5.9e-06,0.14789,0.00055,0.00055,1.3871021968417028,0.029668407053028128,1.3596215357152024,1.4151898160711764,1.3293050749454496,1.4416263074748206
208,212,HD24465_B,0.2302,0.00092,0.00092,0.24235,0.00069,0.00069,3114.0,32.0,32.0,0.00498,0.00021,0.00021,0.3,0.15,0.15,5.029,0.007,0.007,16.17,0.15,0.15,,MS,M,,MartinDec24,,,,,EB,18.3,0.04,True,True,3.628e-05,4.6e-07,4.6e-07,0.05484,0.00023,0.00023,0.501452133720859,0.11536450189393753,0.37908860756242474,0.6242045563069573,0.26537508436464663,0.6951425190499566
209,213,CU_Cnc_A,0.4358,0.0008,0.0008,0.4317,0.0052,0.0052,3160.0,150.0,150.0,0.02,0.0,0.0,0.2,0.2,0.2,4.804,0.011,0.011,5.42,0.2,0.2,,MS,M,,Hahlin24,,,,,EB,7.8,0.007,True,True,0.00051,1.9e-05,1.9e-05,0.1432,0.0017,0.0017,0.5997218182611518,0.05774207071288186,0.5435538510959783,0.6607254322926873,0.4723024215841041,0.6974580862655401
210,214,CU_Cnc_B,0.3998,0.0014,0.0014,0.3908,0.0094,0.0094,3125.0,150.0,150.0,0.01,0.0,0.0,0.2,0.2,0.2,4.854,0.021,0.021,6.7,0.48,0.48,,MS,M,,Hahlin24,,,,,EB,7.8,0.007,True,True,0.000435,3.1e-05,3.1e-05,0.1349,0.0032,0.0032,0.5977188651557284,0.06063380894078764,0.5371776257179984,0.6637871347410699,0.46704137459926964,0.6958644469462616
216,223,HD22064_A,1.345,0.031,0.031,1.554,0.014,0.014,6763.0,40.0,40.0,4.55,0.06,0.06,-0.1812,0.0058,0.0058,4.184,0.006,0.006,0.358,0.013,0.013,,MS,F2,,Maxted23,,,,,EB,22.9,0.7,True,True,0.000546,5.3e-05,5.3e-05,0.1495,0.0048,0.0048,1.5623891732363067,0.016026199790666072,1.5451707946357724,1.5785510363648556,1.5331309219742986,1.5926473289001133
217,224,HD22064_B,0.576,0.01,0.01,0.595,0.008,0.008,3700.0,315.0,315.0,0.07,0.0,0.0,-0.1812,0.0058,0.0058,4.65,0.01,0.01,2.73,0.12,0.12,,MS,M,,Maxted23,,,,,EB,22.9,0.7,True,True,0.000117,1.2e-05,1.2e-05,0.0842,0.0029,0.0029,0.6798586717432129,0.022495211899123187,0.6603661708016624,0.7025089733151458,0.6276468153084604,0.7186819590278105
277,284,KIC7037405_A,1.17,0.02,0.02,14.0,0.093,0.093,4500.0,80.0,80.0,72.4,5.2,5.2,-0.27,0.1,0.1,2.2131,0.0067,0.0067,0.000426,1.1e-05,1.1e-05,,BL,,,Brogaard18,,,,,EB,193.8,0.89,True,True,0.001165,3.4e-05,3.4e-05,0.1884,0.0017,0.0017,5.701629440190161,0.3855692146612004,5.188656722271498,6.053425128485229,4.928308361747011,6.230220995152349
278,285,KIC7037405_B,1.11,0.011,0.011,1.746,0.014,0.014,6094.0,138.0,148.0,3.79,0.35,0.37,-0.27,0.1,0.1,3.999,0.0071,0.0071,0.2085,0.0054,0.0054,,MS,,,Brogaard18,,,,,EB,193.8,0.89,True,True,2.459e-06,7.9e-08,7.9e-08,0.02407,0.00025,0.00025,1.7612619278388697,0.03779821128718125,1.7249277656760973,1.7979362775564962,1.6891301227715843,1.834567730554596
279,286,KIC9540226_A,1.378,0.038,0.038,13.06,0.16,0.16,4680.0,80.0,80.0,73.7,5.4,5.4,-0.23,0.1,0.1,2.345,0.1,0.1,0.000619,2.8e-05,2.8e-05,,RGB,,,Brogaard18,,,,,EB,176.0,1.3,True,True,0.001029,5e-05,5e-05,0.1824,0.0029,0.0029,4.791602392443312,0.28859241014899123,4.497634422475435,5.109259822701831,4.236823873659215,5.338269318344293
280,287,KIC9540226_B,1.002,0.015,0.015,1.014,0.014,0.014,6157.0,131.0,131.0,1.33,0.12,0.12,-0.23,0.1,0.1,4.427,0.1,0.1,0.961,0.042,0.042,,MS,,,Brogaard18,,,,,EB,176.0,1.3,True,True,8.01e-07,4.3e-08,4.3e-08,0.01638,0.00028,0.00028,1.0710009948179053,0.10138832354961315,0.9880920013475076,1.144610323514795,0.9096025575257076,1.222982982042494
283,290,KIC8430105_A,1.254,0.014,0.014,7.475,0.032,0.03,4990.0,80.0,80.0,31.2,2.0,2.0,-0.46,0.1,0.1,2.7892,0.0032,0.0034,0.003002,5.1e-05,4.9e-05,,RGB,,,Thomsen22,,,,,EB,85.18,0.26,True,True,0.001566,2.8e-05,2.8e-05,0.2105,0.0012,0.0012,4.612423585329257,0.22008442816865217,4.361063159806094,4.813302218455189,4.135654950835593,4.939699333060825
284,291,KIC8430105_B,0.8134,0.005,0.005,0.7494,0.0042,0.0039,5655.0,80.0,80.0,0.517,0.03,0.03,-0.46,0.1,0.1,4.599,0.0037,0.0041,1.933,0.035,0.032,,MS,,,Thomsen22,,,,,EB,85.18,0.26,True,True,3.146e-06,6.8e-08,6.8e-08,0.02572,0.00018,0.00018,0.7060752053141697,0.015840392844088665,0.6910801115601058,0.7187719316118532,0.6718037893908434,0.7393553191273232
285,292,KIC8552540_A,1.153,0.036,0.036,1.41,0.022,0.022,6060.0,200.0,200.0,2.4,0.33,0.33,0.038,0.009,0.009,4.202,0.012,0.012,0.411,0.023,0.023,,MS,F9,,Helminiak19,,,,,EB,5.619,0.054,True,False,0.044,0.0028,0.0028,0.635,0.013,0.013,1.388030075033477,0.03828446715821077,1.3505450089810402,1.4269350637896603,1.3120214726947386,1.460283397447607
289,296,KIC9641031_A,1.2102,0.0076,0.0076,1.244,0.0023,0.0023,6260.0,120.0,120.0,2.14,0.18,0.17,-0.437,0.012,0.012,4.331,0.016,0.016,0.6286,0.0053,0.0053,,MS,,,Helminiak19,,,,,EB,9.145,0.016,True,True,0.006724,6.4e-05,6.4e-05,0.3401,0.001,0.001,1.1186702789461775,0.0292002467891874,1.0907410663778772,1.1478779174213698,1.0578355583083654,1.170368532561873
290,297,KIC9641031_B,0.9512,0.0039,0.0039,0.9,0.024,0.024,5490.0,240.0,240.0,0.66,0.13,0.11,-0.437,0.012,0.012,4.508,0.023,0.023,1.3,0.1,0.1,,MS,,,Helminiak19,,,,,EB,9.145,0.016,True,True,0.00374,0.0003,0.0003,0.2747,0.0074,0.0074,0.8061446298091033,0.031434942196583104,0.7745291520730525,0.8369631197946212,0.7428653858568509,0.8672059840005055
291,298,KIC10191056_Aa,1.564,0.012,0.012,1.976,0.022,0.022,6584.3,155.3,155.3,6.61,0.64,0.64,0.122,0.007,0.007,4.041,0.009,0.009,0.2027,0.0069,0.0069,,MS,,,Helminiak19,,,,,EB,10.938,0.033,True,True,0.01753,0.00064,0.00064,0.4659,0.0056,0.0056,1.9902427197491963,0.045011696674830175,1.9451152459083352,2.0359568521977542,1.9059994742082467,2.0762429427648295
292,299,KIC10191056_Ab,1.413,0.016,0.016,1.659,0.03,0.03,6584.3,155.3,155.3,4.66,0.47,0.47,0.122,0.007,0.007,4.149,0.016,0.016,0.309,0.017,0.017,,MS,,,Helminiak19,,,,,EB,10.938,0.033,True,True,0.01221,0.00069,0.00069,0.4097,0.0076,0.0076,1.6760346778156765,0.0399462227483625,1.6337677888225515,1.7160493130142591,1.6035063102061977,1.756395399483895
293,300,KIC10583181_A,1.559,0.036,0.036,1.882,0.014,0.014,6730.0,140.0,140.0,6.67,0.57,0.57,-0.23,0.007,0.007,4.082,0.005,0.005,0.2339,0.0075,0.0075,,MS,,,Helminiak19,,,,,EB,11.095,0.075,True,True,0.0109,0.0004,0.0004,0.4024,0.0047,0.0047,1.8018166335083117,0.03255723574224715,1.7711208327125139,1.8320538867242444,1.74014985644444,1.8709921877249371
294,301,KIC10583181_B,0.96,0.016,0.016,0.98,0.01,0.01,5754.7,127.2,127.2,0.949,0.086,0.086,-0.23,0.007,0.007,4.438,0.007,0.007,1.02,0.036,0.036,,MS,,,Helminiak19,,,,,EB,11.095,0.075,True,True,0.00333,0.00015,0.00015,0.2615,0.0037,0.0037,0.8850036232741817,0.020642549977645204,0.8649819992030707,0.9060044591838284,0.8474588580438002,0.9259451209802992
295,302,KIC10987439_A,0.9862,0.0034,0.0034,0.932,0.015,0.015,6477.8,161.7,161.7,1.38,0.14,0.14,-0.158,0.012,0.012,4.493,0.014,0.014,1.218,0.059,0.059,,MS,,,Helminiak19,,,,,EB,27.352,0.029,True,True,0.0001725,8.4e-06,8.4e-06,0.098,0.0016,0.0016,0.9293237477384166,0.03100042280283367,0.8998515692315764,0.9610316312993792,0.8668683754218031,0.9846496544548077
296,303,KIC10987439_B,1.4215,0.0045,0.0045,1.512,0.031,0.031,6490.0,90.0,90.0,3.55,0.25,0.25,-0.158,0.012,0.012,4.232,0.018,0.018,0.411,0.025,0.025,,MS,,,Helminiak19,,,,,EB,27.352,0.029,True,True,0.000411,2.5e-05,2.5e-05,0.1345,0.0028,0.0028,1.4146841693157766,0.03406502299833167,1.3823185989005948,1.4484848392116416,1.3474691330095494,1.4787888468100305
297,304,KIC11922782_A,1.067,0.01,0.01,1.501,0.057,0.057,5990.0,110.0,110.0,2.61,0.27,0.27,-0.223,0.012,0.012,4.114,0.033,0.033,0.316,0.036,0.036,,MS,,,Helminiak19,,,,,EB,12.056,0.034,True,True,0.00514,0.00059,0.00059,0.311,0.012,0.012,1.4604988304306041,0.05781800095293868,1.4022854335866266,1.5162288081005708,1.346694417272167,1.5725112078804018
298,305,KIC11922782_B,0.836,0.006,0.006,0.849,0.063,0.063,5862.8,122.6,122.6,0.77,0.13,0.13,-0.223,0.012,0.012,4.503,0.064,0.064,1.37,0.3,0.3,,MS,,,Helminiak19,,,,,EB,12.056,0.034,True,True,0.00137,0.00031,0.00031,0.197,0.015,0.015,0.9219426108601587,0.07015331647428033,0.8504868255537498,0.9941979743311354,0.7853125503857071,1.0563831994374648
7274,7281,KIC5359678_A,1.32,0.06,0.06,1.52,0.04,0.04,6500.0,50.0,50.0,3.72,0.56,0.49,-0.104,0.046,0.046,4.2,0.079,0.079,0.376,0.034,0.034,,MS,F,,Xiong23,,,,,EB,19.19,0.16,True,True,0.00141,0.00013,0.00013,0.2014,0.0059,0.0059,1.4996859041688324,0.10678101205789725,1.3959970170885128,1.6019235368492586,1.3167012018227557,1.7273722775222644
7275,7282,KIC5359678_B,1.12,0.0,0.0,1.05,0.05,0.05,5980.0,22.0,22.0,1.27,0.31,0.25,-0.104,0.046,0.046,4.544,0.07,0.07,0.97,0.14,0.14,,MS,F,,Xiong23,,,,,EB,19.19,0.16,True,True,0.000603,9e-05,9e-05,0.15,0.0074,0.0074,0.953347165829516,0.07823770145343589,0.8813590578284575,1.0286247806920124,0.8015051319988494,1.1243045065415462
7276,7283,KIC8301013_A,1.29,0.02,0.02,1.45,0.01,0.01,6144.0,100.0,100.0,2.7,0.44,0.38,-0.019,0.035,0.035,4.22,0.01,0.01,0.423,0.011,0.011,,MS,F,,Xiong23,,,,,EB,15.2,0.1,True,True,0.00249,0.00012,0.00012,0.2434,0.0035,0.0035,1.376083227136785,0.03127851797580195,1.3442596747383853,1.4080416787423522,1.3196581478781915,1.4387419806611443
7277,7284,KIC8301013_B,1.11,0.05,0.05,1.2,0.01,0.01,5966.0,97.0,97.0,1.64,0.27,0.24,-0.019,0.035,0.035,4.33,0.02,0.02,0.642,0.033,0.033,,MS,F,,Xiong23,,,,,EB,15.2,0.1,True,True,0.001792,9.1e-05,9.1e-05,0.2157,0.0033,0.0033,1.129924879062579,0.033471511353626276,1.0982593328610566,1.1624894109152577,1.061219324372538,1.1936184512947798
7278,7285,KIC5444392_A,1.208,0.003,0.003,1.482,0.106,0.106,6012.74,23.74,23.74,2.59,1.02,0.73,0.142,0.014,0.014,4.105,0.022,0.022,0.371,0.08,0.08,,MS,,,Xiong23,,,,,EB,7.55,0.1,True,False,0.0256,0.0056,0.0056,0.525,0.038,0.038,1.630624452203971,0.06048442390052093,1.5698264070669423,1.6922851098698422,1.5157028556635497,1.759351591609982
7279,7286,KIC5444392_B,1.281,0.003,0.003,1.905,0.083,0.083,5767.75,21.55,21.55,3.62,0.81,0.66,0.142,0.014,0.014,3.985,0.051,0.051,0.185,0.024,0.024,,MS,,,Xiong23,,,,,EB,7.55,0.1,True,False,0.0494,0.0068,0.0068,0.657,0.03,0.03,1.8158992103269191,0.10652863324918799,1.7057720199689033,1.9197093460238301,1.618156687647322,2.0334622813612464
7280,7287,EPIC201637354_A,1.065,0.031,0.031,1.24,0.101,0.101,5940.85,32.41,32.41,1.73,0.79,0.54,-0.303,0.031,0.031,4.157,0.053,0.053,0.56,0.14,0.14,,MS,,,Xiong23,,,,,EB,12.14,0.085,True,False,0.00334,0.00083,0.00083,0.267,0.022,0.022,1.321682802382674,0.08871319245036319,1.2244079759768192,1.4127446568730677,1.154992714676529,1.4823037676716164
7281,7288,EPIC201637354_B,1.027,0.031,0.031,2.824,0.266,0.266,4482.1,131.76,131.76,2.9,1.94,1.16,-0.303,0.031,0.031,3.547,0.08,0.08,0.046,0.013,0.013,,MS,,,Xiong23,,,,,EB,12.14,0.085,True,False,0.042,0.012,0.012,0.619,0.059,0.059,2.179265728676109,0.1830376331220486,2.0051465210188795,2.3555644488368404,1.823318852264935,2.5401761081002605
7282,7295,EPIC211396167_A,0.746,0.011,0.011,0.661,0.083,0.083,4697.68,43.23,43.23,0.19,0.15,0.08,-0.224,0.17,0.17,4.13,0.2,0.2,2.58,0.97,0.97,,MS,,,Xiong23,,,,,EB,13.036,0.045,True,True,0.00042,0.00016,0.00016,0.134,0.017,0.017,1.1935109644220199,0.11917960110480466,1.0782609578354188,1.3200419034371005,0.9761304425455997,1.4202623913053773
7283,7296,EPIC211396167_B,0.756,0.011,0.011,0.873,0.173,0.173,4658.78,123.6,123.6,0.32,0.51,0.2,-0.224,0.17,0.17,4.434,0.26,0.26,1.14,0.68,0.68,,MS,,,Xiong23,,,,,EB,13.036,0.045,True,True,0.00096,0.00057,0.00057,0.176,0.035,0.035,1.1336328124813106,0.11979467412355996,1.0200074503445817,1.2506883166011413,0.8968096680239395,1.371361346941733
7284,7297,EPIC211563123_A,1.148,0.009,0.009,2.081,0.105,0.105,5971.97,10.79,10.79,4.97,1.3,1.03,-0.234,0.01,0.01,3.8,0.04,0.04,0.127,0.019,0.019,,MS,,,Xiong23,,,,,EB,37.217,0.069,True,True,0.000567,8.6e-05,8.6e-05,0.1478,0.0075,0.0075,2.1988118147410227,0.10401203453595033,2.0933531631704856,2.311169693032667,1.9942085268345007,2.397784414631231
7285,7298,EPIC211563123_B,1.157,0.009,0.009,2.15,0.161,0.161,5665.94,84.29,84.29,4.3,1.93,1.33,-0.234,0.01,0.01,3.836,0.078,0.078,0.116,0.026,0.026,,MS,,,Xiong23,,,,,EB,37.217,0.069,True,True,0.00062,0.00014,0.00014,0.152,0.011,0.011,1.9586955248102682,0.17355784685405684,1.7746606151585333,2.1307655585435907,1.648050115851852,2.3117694989802318
7286,7301,EPIC211902535_A,1.922,0.064,0.064,2.097,0.252,0.252,5808.92,21.47,21.47,4.52,3.35,1.92,0.1,0.02,0.02,3.935,0.035,0.035,0.208,0.075,0.075,,MS,,,Xiong23,,,,,EB,31.41,0.22,True,True,0.00115,0.00042,0.00042,0.185,0.022,0.022,2.0194500640637303,0.10083822420228647,1.9174448639395327,2.1197172465089196,1.8263138282966425,2.206231665040112
7287,7302,EPIC211902535_B,2.398,0.064,0.064,2.792,0.214,0.214,5950.8,152.67,152.67,8.81,4.65,3.04,0.1,0.02,0.02,3.926,0.098,0.098,0.11,0.026,0.026,,MS,,,Xiong23,,,,,EB,31.41,0.22,True,True,0.0019,0.00044,0.00044,0.223,0.017,0.017,2.0648474726889776,0.2271809750232464,1.8404577183566555,2.309205040576226,1.6451411914944083,2.489327170764592
7288,7305,NSVS_6318847_A,1.079,0.026,0.026,1.324,0.031,0.031,6005.93,25.97,25.97,2.06,0.25,0.22,-0.14,0.024,0.024,4.223,0.043,0.043,0.465,0.035,0.035,,MS,,,Xiong23,,,,,EB,4.893,0.031,True,False,0.054,0.0042,0.0042,0.681,0.017,0.017,1.2891151065029829,0.061438145550822214,1.2283161841872978,1.344742463990655,1.1821358956996304,1.414372747687886
7289,7306,NSVS_6318847_B,0.871,0.026,0.026,0.921,0.061,0.061,5139.65,43.58,43.58,0.53,0.2,0.14,-0.14,0.024,0.024,4.449,0.087,0.087,1.11,0.22,0.22,,MS,,,Xiong23,,,,,EB,4.893,0.031,True,False,0.0256,0.0052,0.0052,0.522,0.035,0.035,0.9918624626072094,0.08149484559486839,0.9131008152787146,1.0717794328800434,0.8205605129827102,1.1506931426083966
7290,7307,UCAC4_473-001351_A,1.105,0.023,0.023,1.46,0.186,0.186,5897.59,25.76,25.76,2.32,1.86,1.03,0.079,0.024,0.024,4.173,0.043,0.043,0.36,0.14,0.14,,MS,,,Xiong23,,,,,EB,25.18,0.13,True,True,0.00055,0.00021,0.00021,0.147,0.019,0.019,1.4402081657748622,0.09234450001555437,1.3499648550383487,1.53197369369022,1.285790937207436,1.6386094475191904
7291,7308,UCAC4_473-001351_B,0.932,0.023,0.023,1.882,0.239,0.239,6119.73,295.09,295.09,4.48,4.86,2.33,0.079,0.024,0.024,3.857,0.126,0.126,0.14,0.053,0.053,,MS,,,Xiong23,,,,,EB,25.18,0.13,True,True,0.00155,0.00059,0.00059,0.205,0.026,0.026,2.0794654848354015,0.2997782387528787,1.7938320576624835,2.3554387201437166,1.5083324191987197,2.6876072565925737
7292,7309,EPIC220398184_A,0.444,0.011,0.011,0.517,0.026,0.026,3631.17,89.92,89.92,0.04,0.02,0.01,-0.498,0.107,0.107,4.656,0.149,0.149,3.21,0.49,0.49,,MS,,,Xiong23,,,,,EB,7.803,0.046,True,True,0.00092,0.00014,0.00014,0.1739,0.0089,0.0089,1.1574488886490093,0.12816682195822535,1.0361620791102217,1.2863969348823945,0.9107361976230125,1.3855812988954654
7293,7310,EPIC220398184_B,0.433,0.011,0.011,0.488,0.041,0.041,3637.21,19.92,19.92,0.04,0.02,0.01,-0.498,0.107,0.107,4.687,0.11,0.11,3.73,0.94,0.94,,MS,,,Xiong23,,,,,EB,7.803,0.046,True,True,0.0008,0.0002,0.0002,0.166,0.014,0.014,1.0829448472349263,0.11701279663102515,0.963865792807716,1.2029356539914082,0.862561910423256,1.313174007848103
7294,7311,TYC_18-662-1_A,0.959,0.014,0.014,1.694,0.009,0.009,5562.42,22.66,22.66,2.48,0.11,0.11,0.045,0.019,0.019,3.987,0.036,0.036,0.1973,0.0043,0.0043,,MS,,,Xiong23,,,,,EB,9.27,0.03,True,False,0.02146,0.00053,0.00053,0.4944,0.0038,0.0038,1.654187587664129,0.06442683724400519,1.5895286076737596,1.7186810042045746,1.5305808755462396,1.781674170145973
7295,7312,TYC_18-662-1_B,1.068,0.014,0.014,2.997,0.057,0.057,3874.73,16.86,16.86,1.82,0.19,0.17,0.045,0.019,0.019,3.513,0.015,0.015,0.0397,0.0023,0.0023,,MS,,,Xiong23,,,,,EB,9.27,0.03,True,False,0.1,0.006,0.006,0.833,0.016,0.016,2.3727752723595796,0.05830115155757819,2.309406821583174,2.430842659473226,2.2571116771743367,2.4802073815948265
7296,7313,"ASASSN-V_J010440,99+051109,8_A",0.811,0.002,0.002,0.737,0.071,0.071,5212.25,31.08,31.08,0.36,0.2,0.13,-0.074,0.029,0.029,4.658,0.051,0.051,2.03,0.59,0.59,,MS,,,Xiong23,,,,,EB,19.17,0.011,True,True,0.00019,5.5e-05,5.5e-05,0.1025,0.0099,0.0099,0.748821704236701,0.03860541562809836,0.7127925072620593,0.7829815042946209,0.6857923323421129,0.8423118824320001
7297,7314,"ASASSN-V_J010440,99+051109,8_B",0.847,0.002,0.002,1.082,0.059,0.059,4881.07,55.75,55.75,0.6,0.19,0.14,-0.074,0.029,0.029,4.297,0.068,0.068,0.67,0.11,0.11,,MS,,,Xiong23,,,,,EB,19.17,0.011,True,True,0.00056,9.2e-05,9.2e-05,0.1475,0.008,0.008,1.0918019886739128,0.13304228924056163,1.0022464568201497,1.165373734312862,0.933902523057376,1.257246407316019
7298,7317,TYC_3700-1036-1_A,1.989,0.026,0.026,3.908,0.436,0.436,7326.09,20.39,20.39,39.63,26.59,15.91,0.177,0.019,0.019,3.832,0.034,0.034,0.033,0.011,0.011,,MS,,,Xiong23,,,,,EB,18.544,0.056,True,False,0.031,0.01,0.01,0.562,0.063,0.063,2.759476195047106,0.1348954749349301,2.6564447655967576,2.878188803640573,2.5512082369323204,2.987083634781631
7299,7318,TYC_3700-1036-1_B,2.078,0.026,0.026,3.156,0.417,0.417,7191.09,227.7,227.7,23.99,23.11,11.77,0.177,0.019,0.019,3.757,0.151,0.151,0.066,0.026,0.026,,MS,,,Xiong23,,,,,EB,18.544,0.056,True,False,0.0153,0.0061,0.0061,0.445,0.059,0.059,2.5448719937313644,0.3176330918952546,2.2259703365216343,2.8345039298579153,1.9179149378469498,3.152388288078164
7300,7319,V*_NW_Cam_A,1.141,0.009,0.009,2.128,0.027,0.027,6851.09,74.75,74.75,8.99,1.1,0.98,0.047,0.072,0.072,3.859,0.123,0.123,0.1184,0.0046,0.0046,,MS,,,Xiong23,,,,,EB,5.971,0.012,False,False,0.134,0.0053,0.0053,0.918,0.012,0.012,2.4382609162804147,0.1954856792325036,2.2527243899835883,2.642686599664419,2.0477283277446623,2.811817561648072
7301,7320,V*_NW_Cam_B,1.025,0.009,0.009,1.649,0.051,0.051,6795.18,24.87,24.87,5.22,0.83,0.72,0.047,0.072,0.072,4.014,0.034,0.034,0.229,0.021,0.021,,MS,,,Xiong23,,,,,EB,5.971,0.012,False,False,0.074,0.0069,0.0069,0.747,0.023,0.023,1.9663832858500445,0.081779089601937,1.8816720809030782,2.0542144374877944,1.8176990592347866,2.129437709344848
7302,7321,"ZTF_J034350,31+515137,1_A",1.061,0.043,0.043,1.487,0.154,0.154,5901.86,73.94,73.94,2.42,1.53,0.94,0.026,0.055,0.055,4.323,0.093,0.093,0.32,0.1,0.1,,MS,,,Xiong23,,,,,EB,9.015,0.094,True,True,0.0126,0.004,0.004,0.419,0.044,0.044,1.2455426817637945,0.14488558021839248,1.1094826188354627,1.3860698407586483,0.9774473266326208,1.5394196287791164
7303,7322,"ZTF_J034350,31+515137,1_B",0.893,0.043,0.043,1.721,0.292,0.292,5284.07,132.16,132.16,2.08,2.62,1.16,0.026,0.055,0.055,3.917,0.171,0.171,0.175,0.09,0.09,,MS,,,Xiong23,,,,,EB,9.015,0.094,True,True,0.026,0.013,0.013,0.524,0.089,0.089,1.5411926514971142,0.23337195685323392,1.3041308260240656,1.771714866278098,1.1153459040976172,2.0174928688425537
7304,7323,UCAC4_576-009710_A,1.265,0.009,0.009,1.131,0.161,0.161,6164.53,14.12,14.12,1.67,1.55,0.8,-0.087,0.013,0.013,4.272,0.023,0.023,0.87,0.37,0.37,,MS,,,Xiong23,,,,,EB,11.81,0.02,True,True,0.0028,0.0012,0.0012,0.251,0.036,0.036,1.2537095912430325,0.05272460101044111,1.2007034770506855,1.3066558651155056,1.1518749581565573,1.353972692972036
7305,7324,UCAC4_576-009710_B,1.233,0.009,0.009,2.0,0.139,0.139,5132.08,274.89,274.89,2.5,2.0,1.11,-0.087,0.013,0.013,3.924,0.077,0.077,0.154,0.032,0.032,,MS,,,Xiong23,,,,,EB,11.81,0.02,True,True,0.016,0.0033,0.0033,0.45,0.031,0.031,1.7526356025599958,0.1671226770555174,1.5805880453686632,1.9191828993384856,1.4349963207896257,2.103412427231406
7306,7325,V*_NO_Per_A,3.348,0.092,0.092,3.986,0.322,0.322,14293.94,500.0,500.0,598.41,381.08,232.82,0.0,0.0,0.0,3.76,0.1,0.1,0.053,0.013,0.013,,MS,,,Xiong23,,,,,EB,24.31,0.18,True,True,0.0117,0.0029,0.0029,0.409,0.033,0.033,2.9177285250114138,0.2555626868441767,2.6984849586507176,3.135180241360154,2.381528899025294,3.3521668903105493
7307,7326,V*_NO_Per_B,2.601,0.092,0.092,2.158,0.618,0.618,12168.73,1095.0,1095.0,92.04,344.47,72.64,0.0,0.0,0.0,4.184,0.443,0.443,0.26,0.22,0.22,,MS,,,Xiong23,,,,,EB,24.31,0.18,True,True,0.0028,0.0024,0.0024,0.248,0.071,0.071,1.8714841189664282,0.4395906231894891,1.4516856856358675,2.2390232077165364,1.1038310186283038,2.6570699575550103
7308,7327,V*_V1250_Tau_A,1.238,0.004,0.004,1.914,0.092,0.092,6512.94,20.18,20.18,5.94,1.49,1.19,0.021,0.019,0.019,4.064,0.033,0.033,0.177,0.025,0.025,,MS,,,Xiong23,,,,,EB,9.16,0.007,True,False,0.0294,0.0042,0.0042,0.551,0.027,0.027,1.8754068851564651,0.08415941669237399,1.7891069897029788,1.9599900571822735,1.7246168274723885,2.0509773868889574
7309,7328,V*_V1250_Tau_B,1.238,0.004,0.004,1.659,0.119,0.119,6503.42,111.53,111.53,4.44,1.96,1.36,0.021,0.019,0.019,4.09,0.088,0.088,0.271,0.058,0.058,,MS,,,Xiong23,,,,,EB,9.16,0.007,True,False,0.0191,0.0041,0.0041,0.478,0.034,0.034,1.7940848934494422,0.5711583437657396,1.60599476441691,1.9407524975983943,1.4583754806532345,2.110603207803024
7310,7329,UCAC4_571-012856_A,2.061,0.013,0.013,3.631,0.159,0.159,8053.73,69.2,69.2,50.0,12.08,9.73,-0.108,0.038,0.038,3.907,0.058,0.058,0.0431,0.0057,0.0057,,MS,,,Xiong23,,,,,EB,15.97,0.027,True,False,0.0309,0.0041,0.0041,0.566,0.025,0.025,2.6132803693208895,0.17521404742558372,2.4609304637597815,2.7646202304471217,2.3363906332599087,2.9024332952915533
7311,7330,UCAC4_571-012856_B,1.587,0.013,0.013,1.814,0.101,0.101,7234.18,90.6,90.6,8.13,2.64,1.99,-0.108,0.038,0.038,4.121,0.073,0.073,0.266,0.044,0.044,,MS,,,Xiong23,,,,,EB,15.97,0.027,True,False,0.00585,0.00098,0.00098,0.319,0.018,0.018,1.909842710915684,0.16166278990981722,1.7535650135452243,2.08608379737651,1.6040063426630977,2.229755525506224
7312,7331,HD285001_A,1.324,0.016,0.016,2.399,0.078,0.078,6692.25,14.63,14.63,10.4,1.71,1.47,-0.108,0.013,0.013,3.998,0.024,0.024,0.0959,0.0094,0.0094,,MS,,,Xiong23,,,,,EB,14.957,0.039,True,True,0.0153,0.0015,0.0015,0.441,0.014,0.014,2.0866796769863036,0.0710283081732389,2.0137799853754523,2.160477593707525,1.9446232178315663,2.2283358768687394
7313,7332,HD285001_B,1.573,0.016,0.016,1.699,0.202,0.202,6300.44,79.4,79.4,4.1,3.08,1.76,-0.108,0.013,0.013,4.174,0.162,0.162,0.32,0.11,0.11,,MS,,,Xiong23,,,,,EB,14.957,0.039,True,True,0.0041,0.0015,0.0015,0.288,0.034,0.034,1.6163089933575236,0.35315572814528756,1.3774743496293762,1.868839028489217,1.1743597991808885,2.16782873096769
7314,7333,UCAC4_586-021001_A,7.904,0.081,0.081,3.015,0.347,0.347,23496.27,500.0,500.0,2500.35,1900.0,1080.0,0.244,0.0,0.0,4.028,0.1,0.1,0.288,0.1,0.1,,MS,,,Xiong23,,,,,EB,27.92,0.076,True,True,0.0033,0.0012,0.0012,0.269,0.031,0.031,3.0244891127821227,0.3716937716533131,2.7543099401987345,3.299388040605839,2.431477066374409,3.566844484637395
7315,7334,UCAC4_586-021001_B,6.154,0.081,0.081,4.085,0.246,0.246,25690.12,957.88,957.88,6550.0,3640.0,2340.0,0.244,0.0,0.0,4.004,0.103,0.103,0.09,0.016,0.016,,MS,,,Xiong23,,,,,EB,27.92,0.076,True,True,0.0124,0.0022,0.0022,0.409,0.025,0.025,2.3981723140887796,0.3020876709096615,2.171924095344635,2.6559381615420525,1.8421800669218922,2.9194500578247236
7316,7335,UCAC4_570-022931_A,1.271,0.04,0.04,2.225,0.151,0.151,6436.53,24.81,24.81,7.66,2.84,2.07,0.063,0.023,0.023,4.05,0.041,0.041,0.115,0.024,0.024,,MS,,,Xiong23,,,,,EB,15.9,0.12,True,True,0.0083,0.0017,0.0017,0.363,0.025,0.025,1.9272081813182729,0.10580710239919094,1.8216900439359436,2.031422415751755,1.7270611043956714,2.1422636591042945
7317,7336,UCAC4_570-022931_B,1.174,0.04,0.04,0.934,0.204,0.204,6672.47,227.47,227.47,1.56,2.92,1.02,0.063,0.023,0.023,4.566,0.344,0.344,1.44,0.95,0.95,,MS,,,Xiong23,,,,,EB,15.9,0.12,True,True,0.0007,0.00046,0.00046,0.158,0.035,0.035,1.3927942409231082,0.2734000304549672,1.11709394126971,1.6556824826559728,0.9230588273189321,1.9849937286074952
7318,7337,V*_MW_Aur_A,1.412,0.11,0.11,2.279,0.426,0.426,7007.88,68.71,68.71,11.3,15.56,6.54,-0.039,0.036,0.036,4.016,0.057,0.057,0.119,0.068,0.068,,MS,,,Xiong23,,,,,EB,35.85,0.71,True,True,0.00074,0.00042,0.00042,0.162,0.031,0.031,2.097270040512837,0.14598041307044304,1.9520029746692609,2.233559701406334,1.8264863562804472,2.4044334343962546
7319,7338,V*_MW_Aur_B,1.215,0.11,0.11,1.475,0.403,0.403,6804.39,384.03,384.03,4.21,12.2,3.13,-0.039,0.036,0.036,4.185,0.343,0.343,0.38,0.31,0.31,,MS,,,Xiong23,,,,,EB,35.85,0.71,True,True,0.00025,0.00021,0.00021,0.112,0.031,0.031,1.6896836873670025,0.35046371754718364,1.3521765138184612,2.05635957227532,1.057855174599807,2.441574013621863
7320,7339,"ZTF_J060237,37+224648,8_A",1.534,0.015,0.015,1.722,0.092,0.092,7236.39,23.76,23.76,7.33,2.07,1.61,-0.134,0.022,0.022,4.014,0.039,0.039,0.3,0.048,0.048,,MS,,,Xiong23,,,,,EB,8.028,0.02,True,False,0.028,0.0045,0.0045,0.546,0.029,0.029,2.1012135299245625,0.10922857288289155,1.9943371518330721,2.206788520982098,1.8919129722718822,2.3286706757822655
7321,7340,"ZTF_J060237,37+224648,8_B",1.305,0.015,0.015,0.996,0.111,0.111,6634.1,210.19,210.19,1.73,1.39,0.77,-0.134,0.022,0.022,4.556,0.18,0.18,1.32,0.44,0.44,,MS,,,Xiong23,,,,,EB,8.028,0.02,True,False,0.007,0.0023,0.0023,0.34,0.038,0.038,1.1605855341607825,0.1652447954604377,1.0002687345202717,1.3212826873488082,0.8397433341558465,1.5097826142800466
7322,7341,V*_LO_Gem_A,1.589,0.007,0.007,2.312,0.174,0.174,6474.07,13.87,13.87,8.47,3.52,2.49,0.083,0.012,0.012,3.974,0.023,0.023,0.129,0.029,0.029,,MS,,,Xiong23,,,,,EB,10.544,0.011,True,False,0.0333,0.0075,0.0075,0.576,0.043,0.043,2.135487168826902,0.07658974754736263,2.055690667375356,2.216737318397538,1.9969036564054559,2.2789790587026637
7323,7342,V*_LO_Gem_B,1.552,0.007,0.007,1.515,0.236,0.236,5769.75,113.98,113.98,2.29,2.51,1.2,0.083,0.012,0.012,4.267,0.223,0.223,0.45,0.21,0.21,,MS,,,Xiong23,,,,,EB,10.544,0.011,True,False,0.0097,0.0046,0.0046,0.381,0.059,0.059,1.375831811315036,0.25140819710598217,1.1267871328651353,1.6459024855826416,0.9540941509073243,1.9089067491052139
7324,7343,TYC_1325-1849-1_A,3.019,0.004,0.004,4.782,0.34,0.34,11289.0,500.0,500.0,334.97,229.97,136.36,-0.275,0.0,0.0,4.28,0.1,0.1,0.0276,0.0059,0.0059,,MS,,,Xiong23,,,,,EB,41.144,0.012,True,True,0.0055,0.0012,0.0012,0.313,0.022,0.022,1.6586537788814288,0.22538355092005755,1.4560396459168443,1.8554968991430223,1.2771370751238995,2.0971414037355736
7325,7344,TYC_1325-1849-1_B,3.311,0.004,0.004,6.434,0.641,0.641,12765.3,693.58,693.58,990.83,963.51,488.49,-0.275,0.0,0.0,3.341,0.101,0.101,0.0124,0.0037,0.0037,,MS,,,Xiong23,,,,,EB,41.144,0.012,True,True,0.0115,0.0034,0.0034,0.404,0.04,0.04,3.3362166735086003,0.3005794983238494,3.112344786523105,3.6072537865954297,2.7358131016873655,3.8659004759654585
7326,7345,UCAC4_624-030041_A,0.614,0.003,0.003,0.573,0.016,0.016,3824.03,67.43,67.43,0.06,0.01,0.01,-0.196,0.044,0.044,4.508,0.07,0.07,3.26,0.27,0.27,,MS,,,Xiong23,,,,,EB,4.073,0.0039,True,False,0.00915,0.00077,0.00077,0.373,0.01,0.01,0.925229424417177,0.0864273124075141,0.840552131488583,1.0121111011188566,0.767033680398138,1.1034069731899978
7327,7346,UCAC4_624-030041_B,0.629,0.002,0.002,0.971,0.017,0.017,3674.99,18.27,18.27,0.15,0.01,0.01,-0.196,0.044,0.044,4.262,0.02,0.02,0.687,0.036,0.036,,MS,,,Xiong23,,,,,EB,4.073,0.0039,True,False,0.0428,0.0023,0.0023,0.626,0.011,0.011,0.8914555393974456,0.0518937795984,0.8405214055369774,0.9408458845806896,0.7912807944333979,0.9871276628694777
7328,7347,LS_V_+23_42_A,3.261,0.014,0.014,2.621,0.078,0.078,13658.64,500.0,500.0,215.77,94.68,65.81,-0.971,0.0,0.0,3.88,0.1,0.1,0.181,0.016,0.016,,MS,,,Xiong23,,,,,EB,11.777,0.013,True,False,0.0303,0.0027,0.0027,0.561,0.017,0.017,2.3370090202558185,0.2395144740655569,2.1399475168978324,2.547367961253627,1.932038163998472,2.7843211747474963
7329,7348,LS_V_+23_42_B,2.667,0.014,0.014,2.299,0.102,0.102,13684.85,317.81,317.81,167.11,57.28,42.66,-0.971,0.0,0.0,4.14,0.067,0.067,0.219,0.029,0.029,,MS,,,Xiong23,,,,,EB,11.777,0.013,True,False,0.0282,0.0038,0.0038,0.54,0.024,0.024,2.1592351601617072,0.18563111272237048,1.9636519455250199,2.35036594900765,1.8231210322209357,2.4990895363154917
7330,7349,UCAC4_550-027392_A,6.407,0.039,0.039,3.662,0.136,0.136,18240.68,500.0,500.0,1339.68,475.84,351.12,0.172,0.0,0.0,3.804,0.1,0.1,0.13,0.015,0.015,,MS,,,Xiong23,,,,,EB,16.262,0.027,True,False,0.0289,0.0032,0.0032,0.554,0.021,0.021,3.1029792879924174,0.27773088169013693,2.88030405218591,3.3586671411508036,2.6281117393625646,3.586030024651921
7331,7350,UCAC4_550-027392_B,4.678,0.039,0.039,2.059,0.215,0.215,17151.0,835.72,835.72,330.37,307.89,159.37,0.172,0.0,0.0,4.48,0.222,0.222,0.54,0.17,0.17,,MS,,,Xiong23,,,,,EB,16.262,0.027,True,False,0.0085,0.0027,0.0027,0.36,0.038,0.038,1.8106301455990905,0.3657012137375597,1.469503719936718,2.1781553115513677,1.1392352734563258,2.5273080296396713
7332,7351,UCAC4_545-027987_A,2.036,0.065,0.065,2.788,0.097,0.097,9644.6,81.42,81.42,60.67,11.77,9.86,0.07,0.036,0.036,3.685,0.027,0.027,0.094,0.01,0.01,,MS,,,Xiong23,,,,,EB,13.54,0.1,True,False,0.0284,0.0032,0.0032,0.545,0.02,0.02,3.4572954545300627,0.15119587994169414,3.30983479915001,3.5893776564237454,3.132822807770469,3.7428267654516505
7333,7352,UCAC4_545-027987_B,2.058,0.065,0.065,0.789,0.033,0.033,8919.18,276.57,276.57,3.55,1.46,1.04,0.07,0.036,0.036,4.957,0.048,0.048,4.19,0.54,0.54,,MS,,,Xiong23,,,,,EB,13.54,0.1,True,False,0.000632,8.4e-05,8.4e-05,0.1534,0.0067,0.0067,0.7807580929271819,0.07173914098187605,0.7080571445870684,0.849280794501334,0.6569831643579164,0.9364210360841432
7334,7353,V*_TV_Mon_A,2.024,0.04,0.04,2.357,0.187,0.187,7530.58,135.53,135.53,16.11,7.94,5.32,0.244,0.126,0.126,4.103,0.21,0.21,0.155,0.037,0.037,,MS,,,Xiong23,,,,,EB,14.27,0.12,True,False,0.0041,0.001,0.001,0.287,0.024,0.024,2.2841495254395934,0.3546218744021068,1.9460863414630267,2.6759902294089266,1.614211987017265,2.9387516803920493
7335,7354,V*_TV_Mon_B,0.21,0.04,0.04,2.869,0.151,0.151,5022.67,106.95,106.95,4.72,1.72,1.26,0.244,0.126,0.126,2.844,0.015,0.015,0.0089,0.0022,0.0022,,MS,,,Xiong23,,,,,EB,14.27,0.12,True,False,0.207,0.051,0.051,0.962,0.074,0.074,4.382919170054938,0.2742460596473557,4.141166152697646,4.573265422654273,3.9180501779482757,4.680431839490529
7336,7355,TYC_1332-131-1_A,1.2,0.014,0.014,2.412,0.21,0.21,6082.8,7.88,7.88,7.18,3.54,2.37,-0.078,0.006,0.006,3.992,0.011,0.011,0.086,0.022,0.022,,MS,,,Xiong23,,,,,EB,12.375,0.033,True,True,0.0256,0.0067,0.0067,0.525,0.046,0.046,1.907493406665039,0.05305930269503794,1.8553172185617444,1.9607218713629786,1.802826963426592,2.0152989055331187
7337,7356,TYC_1332-131-1_B,1.309,0.014,0.014,1.551,0.159,0.159,6017.11,128.33,128.33,2.84,1.9,1.14,-0.078,0.006,0.006,4.173,0.133,0.133,0.35,0.11,0.11,,MS,,,Xiong23,,,,,EB,12.375,0.033,True,True,0.0059,0.0018,0.0018,0.324,0.033,0.033,1.4764794110567487,0.32155484389525957,1.284984772540005,1.6249699343074315,1.0871867101258696,1.843419529807638
7338,7357,"ASASSN-V_J063123,82+192341,9_A",1.583,0.057,0.057,1.724,0.048,0.048,6418.18,51.45,51.45,4.55,0.72,0.62,-0.258,0.037,0.037,4.185,0.062,0.062,0.309,0.028,0.028,,MS,,,Xiong23,,,,,EB,6.75,0.075,True,False,0.0336,0.0035,0.0035,0.588,0.02,0.02,1.5505674356272068,0.10134595032891375,1.4525092517589615,1.6538411025921456,1.3513130357831211,1.749442629697562
7339,7358,"ASASSN-V_J063123,82+192341,9_B",0.842,0.057,0.057,1.337,0.068,0.068,5227.08,56.71,56.71,1.2,0.35,0.27,-0.258,0.037,0.037,4.111,0.038,0.038,0.352,0.059,0.059,,MS,,,Xiong23,,,,,EB,6.75,0.075,True,False,0.0427,0.0073,0.0073,0.608,0.034,0.034,1.2823785593415928,0.06673474236390789,1.2125303499259583,1.3539395457572925,1.1581649946090595,1.4137071056532147
7340,7359,UCAC4_555-031577_A,1.151,0.04,0.04,1.572,0.144,0.144,6546.17,39.09,39.09,4.09,2.17,1.42,-0.384,0.027,0.027,4.124,0.044,0.044,0.296,0.082,0.082,,MS,,,Xiong23,,,,,EB,11.46,0.11,True,True,0.0066,0.0018,0.0018,0.338,0.031,0.031,1.5927604419714485,0.08389941230808978,1.5051634623712289,1.6799063791282034,1.4334525358988421,1.7573943545644497
7341,7360,UCAC4_555-031577_B,0.85,0.04,0.04,1.132,0.11,0.11,5736.81,52.19,52.19,1.25,0.72,0.46,-0.384,0.027,0.027,4.259,0.114,0.114,0.59,0.17,0.17,,MS,,,Xiong23,,,,,EB,11.46,0.11,True,True,0.004,0.0012,0.0012,0.28,0.028,0.028,1.1443376142470836,0.11383001426971016,1.030349402771346,1.2589785341240798,0.9301756222504697,1.3825761462367148
7342,7361,"ASASSN-V_J064057,24+213910,5_A",1.657,0.023,0.023,1.681,0.058,0.058,8477.5,7.25,7.25,13.15,2.26,1.93,-0.604,0.01,0.01,4.05,0.02,0.02,0.349,0.036,0.036,,MS,,,Xiong23,,,,,EB,10.915,0.034,True,True,0.0124,0.0013,0.0013,0.413,0.014,0.014,2.1540056308638142,0.09621269076905381,2.055122677786607,2.250824959096453,1.9793831619487718,2.346208118714104
7343,7362,"ASASSN-V_J064057,24+213910,5_B",1.775,0.023,0.023,0.933,0.089,0.089,8718.72,416.29,416.29,4.54,3.91,2.1,-0.604,0.01,0.01,4.747,0.184,0.184,2.19,0.63,0.63,,MS,,,Xiong23,,,,,EB,10.915,0.034,True,True,0.00191,0.00055,0.00055,0.222,0.021,0.021,1.2580825966950198,0.22581200879412686,1.0380418518107142,1.488702829863078,0.8370966540381047,1.7226043166997809
7344,7363,"ZTF_J064726,39+223431,6_A",1.407,0.011,0.011,1.501,0.05,0.05,6193.17,39.2,39.2,2.99,0.53,0.45,-0.25,0.11,0.11,4.09,0.08,0.08,0.416,0.042,0.042,,MS,,,Xiong23,,,,,EB,6.616,0.013,True,False,0.0335,0.0034,0.0034,0.579,0.019,0.019,1.512643295332506,0.1071892619919148,1.4110848676982786,1.6091436659592968,1.2925613178390498,1.7029770781386422
7345,7364,"ZTF_J064726,39+223431,6_B",1.214,0.011,0.011,0.868,0.027,0.027,5654.33,57.49,57.49,0.7,0.13,0.11,-0.25,0.11,0.11,4.644,0.05,0.05,1.86,0.17,0.17,,MS,,,Xiong23,,,,,EB,6.616,0.013,True,False,0.0082,0.00077,0.00077,0.358,0.011,0.011,0.7799430220328537,0.040019392476813125,0.7403358823964183,0.8191468752764998,0.7073586718992951,0.869379782297162
7346,7369,LINEAR_6147366_A,0.623,0.013,0.013,0.584,0.064,0.064,4598.76,78.49,78.49,0.14,0.1,0.06,-0.558,0.057,0.057,3.927,0.097,0.097,3.1,1.0,1.0,,MS,,,Xiong23,,,,,EB,2.71,0.013,True,False,0.032,0.011,0.011,0.569,0.063,0.063,1.245909647965043,0.09762210529396438,1.1471102658092833,1.343175525469679,1.0673834872953234,1.4449924872581128
7347,7370,LINEAR_6147366_B,0.624,0.013,0.013,0.756,0.04,0.04,4190.45,78.81,78.81,0.16,0.06,0.04,-0.558,0.057,0.057,4.475,0.066,0.066,1.44,0.23,0.23,,MS,,,Xiong23,,,,,EB,2.71,0.013,True,False,0.07,0.011,0.011,0.736,0.039,0.039,0.8855307742154457,0.07491000107870226,0.8137173493559536,0.9581384252308212,0.7400674388588816,1.0383604695461721
7348,7371,LINEAR_23079661_A,0.568,0.011,0.011,0.76,0.074,0.074,3772.83,66.75,66.75,0.11,0.06,0.04,-0.2,0.0,0.0,4.823,0.11,0.11,1.29,0.38,0.38,,MS,,,Xiong23,,,,,EB,7.873,0.039,True,True,0.00258,0.00076,0.00076,0.246,0.024,0.024,0.9750987780372423,0.09746266547323136,0.8807880311985163,1.0784562765091779,0.7980312771391599,1.1728514375002723
7349,7372,LINEAR_23079661_B,0.489,0.011,0.011,0.713,0.158,0.158,3742.5,114.96,114.96,0.09,0.17,0.06,-0.2,0.0,0.0,4.421,0.259,0.259,1.35,0.9,0.9,,MS,,,Xiong23,,,,,EB,7.873,0.039,True,True,0.0027,0.0018,0.0018,0.247,0.055,0.055,1.2553808515358722,0.14290010301527675,1.1093606731661438,1.392656252608382,0.9852067464455255,1.5709788804796296
7350,7373,UCAC4_637-047265_A,0.669,0.004,0.004,0.727,0.029,0.029,4536.85,73.08,73.08,0.2,0.05,0.04,-0.276,0.07,0.07,4.519,0.12,0.12,1.74,0.21,0.21,,MS,,,Xiong23,,,,,EB,2.9793,0.0043,True,False,0.0459,0.0055,0.0055,0.64,0.026,0.026,1.0460074764947906,0.10144288694511004,0.9460434628049451,1.1490725734877971,0.8548681765917105,1.2562741653069682
7351,7374,UCAC4_637-047265_B,0.652,0.004,0.004,0.449,0.033,0.033,4255.39,140.6,140.6,0.06,0.03,0.02,-0.276,0.07,0.07,4.946,0.125,0.125,7.2,1.6,1.6,,MS,,,Xiong23,,,,,EB,2.9793,0.0043,True,False,0.0113,0.0025,0.0025,0.4,0.029,0.029,0.8782029708369248,0.0840772553970605,0.795560201008918,0.9556399167638208,0.7247176367148513,1.0728910920752168
7352,7375,"ASASSN-V_J172607,12+564531,5_A",1.069,0.04,0.04,1.272,0.241,0.241,5845.57,42.64,42.64,1.7,2.38,0.99,-0.114,0.041,0.041,4.366,0.07,0.07,0.52,0.3,0.3,,MS,,,Xiong23,,,,,EB,14.41,0.13,True,True,0.0021,0.0012,0.0012,0.23,0.044,0.044,1.0708302873590787,0.11150188004129956,0.9580221445792265,1.1831896069490788,0.8495693647887106,1.2856126907294516
7353,7376,"ASASSN-V_J172607,12+564531,5_B",1.017,0.04,0.04,1.452,0.246,0.246,6131.13,282.37,282.37,2.69,3.85,1.58,-0.114,0.041,0.041,4.121,0.199,0.199,0.33,0.17,0.17,,MS,,,Xiong23,,,,,EB,14.41,0.13,True,True,0.0034,0.0018,0.0018,0.269,0.046,0.046,0.4141011280208345,23.01008838355081,1.2733619295282588,1.855998206062654,0.9245293251428036,2.160998319701312
7354,7379,UCAC4_625-128029_A,1.187,0.007,0.007,1.825,0.149,0.149,6016.9,32.34,32.34,3.94,1.82,1.24,-0.105,0.02,0.02,4.239,0.03,0.03,0.195,0.048,0.048,,MS,,,Xiong23,,,,,EB,19.905,0.03,True,True,0.00215,0.00053,0.00053,0.232,0.019,0.019,1.3254992746001013,0.0692768763534723,1.2529988542692054,1.3921874599839,1.1970099956040432,1.459481082443063
7355,7380,UCAC4_625-128029_B,0.986,0.007,0.007,1.905,0.247,0.247,5495.31,43.96,43.96,2.99,2.46,1.35,-0.105,0.02,0.02,3.872,0.132,0.132,0.143,0.055,0.055,,MS,,,Xiong23,,,,,EB,19.905,0.03,True,True,0.0033,0.0013,0.0013,0.264,0.034,0.034,1.675887915402963,0.3078857098523326,1.4496531889805315,1.926410738501008,1.2316960028942698,2.217959278296387
7356,7381,V*_V714_And_A,1.617,0.103,0.103,2.459,0.046,0.046,6227.49,10.93,10.93,8.2,0.75,0.69,0.168,0.01,0.01,4.078,0.018,0.018,0.1088,0.0092,0.0092,,MS,,,Xiong23,,,,,EB,18.13,0.3,True,True,0.00696,0.00075,0.00075,0.343,0.011,0.011,1.9514210152071414,0.05819453646035938,1.8971683585324939,2.0088373967823046,1.8368769461373127,2.0741524484015
7357,7382,V*_V714_And_B,1.344,0.103,0.103,1.717,0.026,0.026,6396.25,36.37,36.37,4.45,0.41,0.37,0.168,0.01,0.01,4.096,0.057,0.057,0.266,0.024,0.024,,MS,,,Xiong23,,,,,EB,18.13,0.3,True,True,0.00318,0.00034,0.00034,0.2609,0.0085,0.0085,1.7361431436942762,0.08561511351889388,1.648951192159387,1.8229190281093883,1.5823974370116036,1.909709453886999
7358,7383,UCAC4_662-053425_A,0.702,0.005,0.005,0.865,0.128,0.128,4632.54,53.85,53.85,0.31,0.31,0.15,-0.097,0.04,0.04,4.297,0.068,0.068,1.08,0.48,0.48,,MS,,,Xiong23,,,,,EB,4.4945,0.0074,True,False,0.024,0.01,0.01,0.512,0.076,0.076,1.0492391261182907,0.08937612259676367,0.9594744521432311,1.1404263037724216,0.8917538574274699,1.212069645620366
7359,7384,UCAC4_662-053425_B,0.725,0.005,0.005,0.968,0.072,0.072,4604.01,140.35,140.35,0.38,0.21,0.14,-0.097,0.04,0.04,4.326,0.091,0.091,0.8,0.18,0.18,,MS,,,Xiong23,,,,,EB,4.4945,0.0074,True,False,0.0314,0.007,0.007,0.564,0.042,0.042,1.0710052678674786,0.09524015271741934,0.9782051503878245,1.1593739866550719,0.9001742162758061,1.2926451157346894
7360,7385,UCAC4_665-061158_A,0.712,0.007,0.007,0.817,0.057,0.057,4747.23,73.64,73.64,0.31,0.13,0.09,-0.208,0.058,0.058,4.401,0.095,0.095,1.31,0.27,0.27,,MS,,,Xiong23,,,,,EB,5.554,0.014,True,True,0.0086,0.0018,0.0018,0.369,0.026,0.026,1.038789653747492,0.09007943971876102,0.9501567806602442,1.127852847199961,0.8704886891715725,1.218129005474846
7361,7386,UCAC4_665-061158_B,0.566,0.007,0.007,0.719,0.116,0.116,3579.6,119.26,119.26,0.08,0.09,0.04,-0.208,0.058,0.058,4.477,0.202,0.202,1.52,0.74,0.74,,MS,,,Xiong23,,,,,EB,5.554,0.014,True,True,0.0084,0.0041,0.0041,0.36,0.058,0.058,1.2380944962022538,0.1291896202517316,1.1127122956297746,1.36281055728514,0.9945106796865557,1.5053370054016395
7362,7389,V*_V644_Aur_A,1.017,0.012,0.012,1.495,0.052,0.052,6510.0,10.0,10.0,3.62,0.63,0.54,-0.26,0.0,0.0,4.15,0.0,0.0,0.304,0.032,0.032,,MS,,,Xiong23,,,,,EB,4.557,0.012,True,False,0.118,0.012,0.012,0.875,0.031,0.031,1.5443608828022304,0.023536253072271175,1.5215915386391992,1.5672001381176461,1.4996298315772123,1.593051537168704
7363,7390,V*_V644_Aur_B,1.067,0.012,0.012,0.729,0.057,0.057,6450.22,102.21,102.21,0.83,0.39,0.27,-0.26,0.0,0.0,4.74,0.133,0.133,2.75,0.65,0.65,,MS,,,Xiong23,,,,,EB,4.557,0.012,True,False,0.0127,0.003,0.003,0.418,0.033,0.033,0.909536988887453,0.08194835987220321,0.8300745318520567,0.9941260641956077,0.760908540814236,1.081239509567714
7364,7391,"ZTF_J022141,06+584544,6_A",0.65,0.018,0.018,1.41,0.293,0.293,5790.44,50.01,50.01,2.01,3.25,1.24,-0.47,0.033,0.033,3.715,0.053,0.053,0.23,0.14,0.14,,MS,,,Xiong23,,,,,EB,6.05,0.042,True,False,0.038,0.023,0.023,0.6,0.12,0.12,2.1963594512231985,0.13873231506445194,2.058217700516467,2.333334328554863,1.919539158010345,2.453366104410878
7365,7392,"ZTF_J022141,06+584544,6_B",0.585,0.018,0.018,0.822,0.315,0.315,4947.58,244.21,244.21,0.36,1.89,0.31,-0.47,0.033,0.033,4.374,0.457,0.457,1.1,1.2,1.2,,MS,,,Xiong23,,,,,EB,6.05,0.042,True,False,0.009,0.01,0.01,0.37,0.14,0.14,1.0796317829356488,0.18127063060166662,0.8804012374535118,1.2665577049751429,0.753803640401272,1.4204027872283242
7366,7393,"ZTF_J063215,09+034952,0_A",1.822,0.022,0.022,3.555,0.138,0.138,7867.34,179.46,179.46,43.65,13.89,10.54,-0.112,0.168,0.168,3.938,0.284,0.284,0.0406,0.0047,0.0047,,MS,,,Xiong23,,,,,EB,11.251,0.032,True,False,0.101,0.012,0.012,0.832,0.033,0.033,2.455545297758397,0.3997341221544086,2.0543991990236568,2.856099335616366,1.7388631400489827,3.2035892974150455
7367,7394,"ZTF_J063215,09+034952,0_B",1.802,0.022,0.022,1.476,0.065,0.065,7441.63,337.48,337.48,6.03,3.57,2.24,-0.112,0.168,0.168,4.335,0.067,0.067,0.56,0.074,0.074,,MS,,,Xiong23,,,,,EB,11.251,0.032,True,False,0.00734,0.00098,0.00098,0.347,0.015,0.015,1.3673219187128884,0.13836218223708316,1.2220782345027623,1.5002460867394027,1.1000835423948674,1.6653589422005475
7368,7395,"ZTF_J130159,39+540458,5_A",0.923,0.043,0.043,1.413,0.105,0.105,6383.82,17.57,17.57,2.99,1.22,0.87,-0.289,0.016,0.016,4.15,0.029,0.029,0.327,0.075,0.075,,MS,,,Xiong23,,,,,EB,5.277,0.051,True,False,0.076,0.017,0.017,0.748,0.057,0.057,1.5082206133797167,0.06574246790829658,1.4442851932492842,1.5718810982030047,1.3835079481046129,1.6426022683091568
7369,7396,"ZTF_J130159,39+540458,5_B",1.181,0.043,0.043,0.433,0.034,0.034,5681.34,123.69,123.69,0.18,0.09,0.06,-0.289,0.016,0.016,5.236,0.154,0.154,14.5,3.5,3.5,,MS,,,Xiong23,,,,,EB,5.277,0.051,True,False,0.00147,0.00035,0.00035,0.205,0.016,0.016,0.8018211410837058,0.06551216088914438,0.7392163707602717,0.8718870431892232,0.6935562033136522,0.9499537134910053
7370,7397,"ASAS_J051753-5406,0_A",1.3094,0.0051,0.0051,1.9288,0.003,0.003,6462.0,43.0,43.0,5.83,0.15,0.15,0.0,0.2,0.2,3.9836,0.0012,0.0012,0.1825,0.0011,0.0011,,MS,F,,Miller22,,,,,EB,49.718,0.09,True,True,0.0001629,1.3e-06,1.3e-06,0.09823,0.00026,0.00026,1.9887423105597477,0.04286361618378364,1.9448343000883053,2.029670017366087,1.9098176959372768,2.075875213511441
7371,7398,"ASAS_J051753-5406,0_B",1.0896,0.0034,0.0034,1.1815,0.0037,0.0037,6331.0,43.0,43.0,2.02,0.06,0.06,0.0,0.2,0.2,4.3297,0.0026,0.0026,0.6606,0.0065,0.0065,,MS,F,,Miller22,,,,,EB,49.718,0.09,True,True,5.023e-05,5.8e-07,5.8e-07,0.06544,0.00025,0.00025,1.1860651545694483,0.024743549014411444,1.1614130043765487,1.210987904662536,1.1394542269779404,1.2285958004069284
7372,7399,HD96609_A,2.66,0.009,0.009,2.74,0.003,0.003,9660.51,106.27,106.27,59.0,6.3,5.7,0.02,0.06,0.06,3.987,0.001,0.001,0.12931,0.00061,0.00061,,MS,B9-A0,,Xiong23,,,,,EB,28.23,0.06,True,True,0.00222,1.7e-05,1.7e-05,0.23605,0.0006,0.0006,2.69114945831728,0.14283639315182914,2.5800821335427333,2.8142910848027634,2.4666173411714394,2.8990872617315557
7373,7400,HD96609_B,1.84,0.004,0.004,1.697,0.002,0.002,8953.65,107.44,107.44,16.7,1.9,1.7,0.02,0.06,0.06,4.243,0.002,0.002,0.3765,0.0016,0.0016,,MS,A2,,Xiong23,,,,,EB,28.23,0.06,True,True,0.0009497,7.7e-06,7.7e-06,0.17299,0.00045,0.00045,1.9871539373054738,0.09772411198108281,1.8834136670680455,2.094389893665466,1.8078822425610355,2.1718034740424095
7378,7405,"ASAS_J231922-0852,2_A",1.136,0.001,0.001,1.64,0.004,0.004,6266.14,18.8,18.8,3.74,0.11,0.11,-0.39,0.07,0.07,4.064,0.005,0.005,0.2575,0.0019,0.0019,,MS,,,Xiong23,,,,,EB,18.04,0.015,True,True,0.0022,1.7e-05,1.7e-05,0.23341,0.00061,0.00061,1.6301541276067304,0.021623937367017346,1.6102192759286924,1.6500653972778956,1.5862873909266608,1.673503606789909
7379,7406,"ASAS_J231922-0852,2_B",1.006,0.001,0.001,1.11,0.01,0.01,6237.35,43.66,43.66,1.68,0.13,0.12,-0.39,0.07,0.07,4.35,0.018,0.018,0.736,0.02,0.02,,MS,,,Xiong23,,,,,EB,18.04,0.015,True,True,0.000828,2.3e-05,2.3e-05,0.167,0.0015,0.0015,1.0815718703097805,0.030923591494170777,1.0514236913526684,1.11276371960581,1.015447767686625,1.1381138056105247
7380,7407,"ASAS_J171750-1915,3_A",1.357,0.001,0.001,1.676,0.003,0.003,6531.31,58.78,58.78,4.61,0.4,0.37,0.04,0.12,0.12,4.122,0.003,0.003,0.2882,0.0016,0.0016,,MS,F,,Xiong23,,,,,EB,12.564,0.009,True,True,0.007597,4.4e-05,4.4e-05,0.35133,0.00068,0.00068,1.6914602058871104,0.03360833385695158,1.6591919650950775,1.7267721195230818,1.6276896443876037,1.7567617918551395
7381,7408,"ASAS_J171750-1915,3_B",1.345,0.001,0.001,1.648,0.003,0.003,6501.3,58.51,58.51,4.38,0.38,0.35,0.04,0.12,0.12,4.133,0.003,0.003,0.3005,0.0017,0.0017,,MS,F,,Xiong23,,,,,EB,12.564,0.009,True,True,0.007325,4.3e-05,4.3e-05,0.34687,0.00068,0.00068,1.657900593117547,0.03282222342304466,1.6251052779059671,1.6916422988590878,1.5934467243163741,1.7167116055699216
7382,7409,"ASAS_J163903-2847,2_A",1.421,0.002,0.002,2.157,0.003,0.003,6637.43,33.19,33.19,8.15,0.38,0.37,-0.19,0.16,0.16,3.923,0.002,0.002,0.14159,0.00062,0.00062,,MS,,,Xiong23,,,,,EB,47.0,0.04,True,True,0.0002624,1.3e-06,1.3e-06,0.11529,0.00019,0.00019,2.23154522128699,0.05423498763277869,2.1783160259651098,2.2846573912059074,2.127161997666588,2.342449024964888
7383,7410,"ASAS_J163903-2847,2_B",1.141,0.001,0.001,1.224,0.002,0.002,6591.74,164.79,164.79,2.55,0.66,0.53,-0.19,0.16,0.16,4.32,0.003,0.003,0.6222,0.0031,0.0031,,MS,,,Xiong23,,,,,EB,47.0,0.04,True,True,6.81e-05,3.9e-07,3.9e-07,0.07232,0.00014,0.00014,1.2331164289083756,0.03988209524180554,1.1932787073376798,1.27306033616685,1.159113589906694,1.3106632844217987
7384,7411,"ASAS_J085002+1752,5_A",1.326,0.001,0.001,1.571,0.011,0.011,6561.45,91.86,91.86,4.12,0.59,0.52,-0.01,0.27,0.27,4.168,0.014,0.014,0.342,0.0072,0.0072,,MS,,,Xiong23,,,,,EB,18.076,0.012,True,True,0.002431,5.1e-05,5.1e-05,0.2386,0.0017,0.0017,1.569754600460707,0.04500956341021101,1.5256577654260326,1.6150031249551107,1.4869303936825062,1.6615245292092566
7385,7412,"ASAS_J085002+1752,5_B",1.573,0.001,0.001,3.222,0.018,0.018,5727.96,103.1,103.1,10.1,1.8,1.6,-0.01,0.27,0.27,3.619,0.011,0.011,0.04703,0.00079,0.00079,,MS,,,Xiong23,,,,,EB,18.076,0.012,True,True,0.01596,0.00027,0.00027,0.4526,0.0025,0.0025,2.8954382086998844,0.09270186247175563,2.8003397388574847,2.9852337727171094,2.708233484454215,3.070865272724739
7386,7413,"ASAS_J060505+2032,1_A",1.716,0.01,0.01,2.048,0.004,0.004,7413.1,185.33,185.33,11.43,2.96,2.35,-0.12,0.31,0.31,4.05,0.003,0.003,0.1998,0.0017,0.0017,,MS,,,Xiong23,,,,,EB,10.46,0.05,True,True,0.02398,0.00041,0.00041,0.5154,0.0029,0.0029,1.9714739504487642,0.07717618421762455,1.8979025643466771,2.0452905206079057,1.8264720273791466,2.1300938635527404
7387,7414,"ASAS_J060505+2032,1_B",1.697,0.012,0.012,2.008,0.005,0.005,7413.1,163.09,163.09,11.0,2.5,2.0,-0.12,0.31,0.31,4.062,0.004,0.004,0.2096,0.0022,0.0022,,MS,,,Xiong23,,,,,EB,10.46,0.05,True,True,0.02301,0.00041,0.00041,0.5079,0.0029,0.0029,1.9676829501756683,0.07447259919149879,1.9000102509907442,2.040600408789451,1.8269005083733272,2.1180449114153803
7388,7417,NGTS_0002-29_A,0.398,0.001,0.001,0.404,0.002,0.002,3372.87,16.86,16.86,0.019,0.001,0.001,0.04,0.04,0.04,4.826,0.01,0.01,6.036,0.091,0.091,,MS,,,Xiong23,,,,,EB,3.8239,0.0099,True,True,0.002472,4.2e-05,4.2e-05,0.246,0.0014,0.0014,0.5336050794262363,0.09297495409422098,0.43060008470057115,0.6358447983245151,0.3490658166032054,0.6902085622455885
7389,7418,NGTS_0002-29_B,0.224,0.001,0.001,0.276,0.002,0.002,3228.49,19.37,19.37,0.00746,0.00053,0.0005,0.04,0.04,0.04,4.908,0.017,0.017,10.65,0.24,0.24,,MS,,,Xiong23,,,,,EB,3.8239,0.0099,True,True,0.001965,4.6e-05,4.6e-05,0.2184,0.0017,0.0017,0.5193053249982292,0.10150421998625403,0.41080617668027325,0.6311673553632232,0.3124581802963022,0.6910685156329492
7390,7419,"ASAS_J090232-5653,4_A",1.436,0.007,0.007,1.527,0.003,0.003,7030.72,98.43,98.43,5.14,0.71,0.62,-0.15,0.13,0.13,4.201,0.006,0.006,0.4033,0.0031,0.0031,,MS,,,Xiong23,,,,,EB,44.75,0.17,True,True,0.0001235,1.8e-06,1.8e-06,0.08912,0.00041,0.00041,1.5894302231803907,0.046078142522040996,1.5436220674185994,1.6355332770964486,1.508656758620353,1.6870657942722065
7391,7420,"ASAS_J090232-5653,4_B",1.372,0.008,0.008,1.392,0.003,0.003,6683.44,100.25,100.25,3.48,0.52,0.45,-0.15,0.13,0.13,4.244,0.007,0.007,0.5087,0.0044,0.0044,,MS,,,Xiong23,,,,,EB,44.75,0.17,True,True,0.0001006,1.5e-06,1.5e-06,0.08295,0.00039,0.00039,1.4090733848996282,0.03558755106757248,1.373776701527337,1.4409179207915948,1.3423617668055023,1.4838954032813638
7392,7421,EPIC219511354_A,0.912,0.006,0.006,0.92,0.007,0.007,5035.01,65.46,65.46,0.491,0.065,0.057,0.07,0.03,0.03,4.47,0.016,0.016,1.171,0.028,0.028,,MS,K,,Xiong23,,,,,EB,6.979,0.052,True,True,0.0068,0.00022,0.00022,0.3398,0.0037,0.0037,0.8013378183844186,0.023082934075237867,0.779160361291971,0.8245783037811676,0.7595182898613981,0.8480212908207059
7393,7422,EPIC219511354_B,0.822,0.007,0.007,0.851,0.007,0.007,4688.13,56.26,56.26,0.316,0.039,0.035,0.07,0.03,0.03,4.494,0.017,0.017,1.334,0.035,0.035,,MS,K,,Xiong23,,,,,EB,6.979,0.052,True,True,0.00636,0.00022,0.00022,0.3296,0.0037,0.0037,0.7494055670459242,0.02805213220871784,0.7214214067071401,0.77820528878873,0.7041025386844686,0.8101299847071621
7394,7423,TIC172900988_A,1.228,0.0,0.0,1.383,0.001,0.001,6053.41,42.37,42.37,2.31,0.15,0.14,0.34,0.34,0.34,4.249,0.002,0.002,0.4642,0.001,0.001,,MS,F9,,Xiong23,,,,,EB,186.569,0.071,True,True,1.2906e-06,3.2e-09,3.2e-09,0.019468,1.6e-05,1.6e-05,1.3013209902410372,0.032888651943027876,1.2701941187575199,1.3333775280517373,1.2401242272344908,1.370758411577677
7395,7424,TIC172900988_B,1.202,0.0,0.0,1.314,0.001,0.001,5984.12,41.89,41.89,2.0,0.13,0.12,0.34,0.34,0.34,4.281,0.001,0.001,0.5298,0.0012,0.0012,,MS,G0,,Xiong23,,,,,EB,186.569,0.071,True,True,1.1455e-06,2.9e-09,2.9e-09,0.018678,1.6e-05,1.6e-05,1.2279910329687922,0.03184231393921695,1.1956683564120136,1.26068968291598,1.1728600210757636,1.2935730024114225
7406,7435,BN_Scl_A,1.407,0.001,0.001,1.834,0.003,0.003,6309.57,18.93,18.93,4.81,0.13,0.13,-0.23,0.06,0.06,4.059,0.003,0.003,0.2281,0.0011,0.0011,,MS,F7,,Xiong23,,,,,EB,13.8252,0.0063,True,True,0.006827,3.5e-05,3.5e-05,0.34047,0.00058,0.00058,1.7337891432183272,0.019162924237235195,1.7149932057911448,1.7531941312888315,1.6959190430445494,1.7701222144146294
7407,7436,BN_Scl_B,1.244,0.001,0.001,1.38,0.004,0.004,6237.35,31.19,31.19,2.6,0.13,0.12,-0.23,0.06,0.06,4.256,0.006,0.006,0.4734,0.0041,0.0041,,MS,F8,,Xiong23,,,,,EB,13.8252,0.0063,True,True,0.003541,3.1e-05,3.1e-05,0.27101,0.0008,0.0008,1.283273157339728,0.016669995498693392,1.267844020654406,1.2986392397198874,1.250606162926565,1.3189064300924385
7408,7437,AL_Ari_A,1.164,0.001,0.001,1.372,0.004,0.004,6367.96,25.47,25.47,2.79,0.11,0.11,-0.42,0.08,0.08,4.229,0.005,0.005,0.4507,0.004,0.004,,MS,F6,,Xiong23,,,,,EB,12.9503,0.0014,True,True,0.003166,2.8e-05,2.8e-05,0.26466,0.00077,0.00077,1.3232896091606878,0.021012582470404002,1.3011895659988548,1.3446113231927639,1.284707843002562,1.3629721789210982
7409,7438,AL_Ari_B,0.911,0.0,0.0,0.905,0.003,0.003,5559.04,27.8,27.8,0.705,0.035,0.033,-0.42,0.08,0.08,4.458,0.008,0.008,1.229,0.012,0.012,,MS,G7,,Xiong23,,,,,EB,12.9503,0.0014,True,True,0.001344,1.3e-05,1.3e-05,0.19525,0.00065,0.00065,0.7984154698635808,0.0190765221824117,0.7785116462752825,0.8173148256725709,0.7621271417062496,0.8333523925120827
7412,7441,NGC_2506_V4_A,1.478,0.003,0.003,2.3,0.006,0.006,6823.39,40.94,40.94,10.33,0.61,0.58,-0.36,0.1,0.1,3.884,0.007,0.007,0.12148,0.00098,0.00098,,MS,,,Xiong23,,,,,EB,11.87,0.02,True,True,0.02055,0.0002,0.0002,0.4924,0.0016,0.0016,2.375115614364452,0.05522886553940253,2.3195683159713276,2.432810574486412,2.2702990467118105,2.4772796327699327
7413,7442,NGC_2506_V4_B,1.25,0.004,0.004,1.534,0.008,0.008,6823.39,40.94,40.94,4.6,0.28,0.27,-0.36,0.1,0.1,4.163,0.012,0.012,0.3463,0.0055,0.0055,,MS,,,Xiong23,,,,,EB,11.87,0.02,True,True,0.00797,0.00013,0.00013,0.3545,0.002,0.002,1.5740937863653004,0.032771103382369056,1.5433055243453149,1.6039684245646406,1.5096473127540893,1.6447193824940087
7416,7445,47_Tuc_E32_A,0.862,0.002,0.002,1.183,0.001,0.001,6025.6,18.08,18.08,1.66,0.05,0.05,-0.71,0.1,0.1,4.227,0.002,0.002,0.5207,0.0018,0.0018,,MS,,,Xiong23,,,,,EB,59.46,0.1,True,True,2.456e-05,1.5e-07,1.5e-07,0.05201,0.00011,0.00011,1.1859412311568165,0.02072736552605031,1.1639815153680135,1.2080360224726174,1.1476278871074619,1.2217020373040004
7417,7446,47_Tuc_E32_B,0.827,0.002,0.002,1.004,0.002,0.002,5956.62,17.87,17.87,1.15,0.03,0.03,-0.71,0.1,0.1,4.352,0.003,0.003,0.8172,0.0053,0.0053,,MS,,,Xiong23,,,,,EB,59.46,0.1,True,True,1.604e-05,1.3e-07,1.3e-07,0.04499,0.00012,0.00012,0.9753080920861065,0.01847996886770999,0.956533004377543,0.9934806701110666,0.9388696626852833,1.0096765224921838
7418,7447,KIC2557430_A,1.69,0.013,0.013,1.88,0.009,0.009,7046.93,77.52,77.52,7.85,0.86,0.77,-0.02,0.11,0.11,4.116,0.009,0.009,0.2543,0.0041,0.0041,,MS,F,,Xiong23,,,,,EB,7.03,0.01,True,False,0.05172,0.00087,0.00087,0.6711,0.0037,0.0037,1.8676088802104198,0.05215631991925965,1.8138998606084218,1.9193755219235384,1.7727094983650789,1.9693757526360676
7419,7448,KIC2557430_B,1.35,0.009,0.009,1.23,0.013,0.013,6053.41,302.67,302.67,1.83,1.08,0.68,-0.02,0.11,0.11,4.386,0.019,0.019,0.725,0.024,0.024,,MS,F,,Xiong23,,,,,EB,7.03,0.01,True,False,0.02074,0.00069,0.00069,0.4865,0.0053,0.0053,1.0624168649509749,0.058081095748868036,1.0039372915015115,1.1228837351767866,0.9559914689170593,1.182331708848131
7420,7449,EPIC219552514_A,1.509,0.026,0.026,2.505,0.013,0.013,6180.16,43.26,43.26,8.26,0.59,0.55,0.07,0.03,0.03,3.822,0.009,0.009,0.096,0.0022,0.0022,,MS,F7,,Xiong23,,,,,EB,10.69,0.13,True,False,0.02256,0.00094,0.00094,0.5168,0.0071,0.0071,2.4919981502052115,0.04029656786142966,2.4527464344517824,2.5324505802555968,2.4174245318383787,2.580261979554112
7421,7450,EPIC219552514_B,0.649,0.006,0.006,0.652,0.006,0.006,4008.67,72.16,72.16,0.099,0.018,0.015,0.07,0.03,0.03,4.624,0.012,0.012,2.342,0.068,0.068,,MS,K,,Xiong23,,,,,EB,10.69,0.13,True,False,0.001506,7.4e-05,7.4e-05,0.1975,0.0032,0.0032,0.6360458938961883,0.04093378457730014,0.5912130162261572,0.6804479079860443,0.5562072857139009,0.7072245059503222
7424,7453,KIC7821010_A,1.277,0.007,0.007,1.276,0.005,0.005,6714.29,67.14,67.14,2.99,0.3,0.27,0.1,0.08,0.08,4.332,0.007,0.007,0.6147,0.008,0.008,,MS,,,Xiong23,,,,,EB,47.83,0.2,True,True,5.9e-05,1.1e-06,1.1e-06,0.06969,0.00042,0.00042,1.2977972966148696,0.023851257013950907,1.273398333930507,1.320804725116953,1.2554476577114029,1.345731738294642
7425,7454,KIC7821010_B,1.221,0.007,0.007,1.21,0.006,0.006,6561.45,72.18,72.18,2.45,0.27,0.24,0.1,0.08,0.08,4.359,0.009,0.009,0.689,0.011,0.011,,MS,,,Xiong23,,,,,EB,47.83,0.2,True,True,5.41e-05,1.1e-06,1.1e-06,0.06745,0.00045,0.00045,1.2154088415390862,0.024489366198314,1.1905653829766294,1.2397324329306616,1.1668473778068875,1.2616661061021082
7426,7455,KIC3439031_A,1.226,0.001,0.001,1.407,0.001,0.001,6531.31,97.97,97.97,3.25,0.48,0.42,0.1,0.13,0.13,4.23,0.001,0.001,0.4402,0.001,0.001,,MS,F,,Xiong23,,,,,EB,18.646,0.13,True,True,0.001386,2.9e-05,2.9e-05,0.1992,0.0014,0.0014,1.4446734711679803,0.0327905726899604,1.4122553778889442,1.4762318271745736,1.379539304157748,1.5101988207622163
7427,7456,KIC3439031_B,1.227,0.001,0.001,1.403,0.001,0.001,6531.31,97.97,97.97,3.23,0.48,0.42,0.1,0.13,0.13,4.233,0.002,0.002,0.4443,0.001,0.001,,MS,F,,Xiong23,,,,,EB,18.646,0.13,True,True,0.001372,2.9e-05,2.9e-05,0.1985,0.0014,0.0014,1.4359563030692246,0.032492040603351376,1.4029120555256778,1.4674079654558634,1.3750073332789847,1.5015166009197096
7428,7457,KIC10031808_A,1.741,0.004,0.004,2.59,0.009,0.009,7112.14,49.78,49.78,15.5,1.1,1.0,-0.11,0.08,0.08,3.852,0.006,0.006,0.1002,0.0011,0.0011,,MS,,,Xiong23,,,,,EB,26.905,0.054,True,True,0.00295,3.7e-05,3.7e-05,0.2559,0.0011,0.0011,2.6741654643763173,0.05856146962801464,2.616180144072392,2.730102536639769,2.5669850030605597,2.7982793122723515
7429,7458,KIC10031808_B,1.798,0.006,0.006,3.027,0.006,0.006,6839.12,47.87,47.87,18.1,1.2,1.1,-0.11,0.08,0.08,3.731,0.004,0.004,0.06483,0.00044,0.00044,,MS,,,Xiong23,,,,,EB,26.905,0.054,True,True,0.004473,4.1e-05,4.1e-05,0.29474,0.00087,0.00087,2.9590710283547264,0.060963706035038936,2.9002913081233928,3.018062615002369,2.8365443640459045,3.082600004249739
7430,7459,EPIC219568666_A,1.121,0.006,0.006,1.178,0.003,0.003,6137.62,42.96,42.96,1.77,0.12,0.11,0.07,0.03,0.03,4.346,0.005,0.005,0.6858,0.0064,0.0064,,MS,F8,,Xiong23,,,,,EB,27.086,0.089,True,True,0.0001917,2.5e-06,2.5e-06,0.1045,0.00045,0.00045,1.1467059852441566,0.012645322183839656,1.13369685209408,1.1590770024332935,1.1232293497270789,1.1727054253390792
7431,7460,EPIC219568666_B,0.733,0.002,0.002,0.64,0.007,0.007,4497.8,44.98,44.98,0.151,0.017,0.015,0.07,0.03,0.03,4.69,0.022,0.022,2.796,0.092,0.092,,MS,,,Xiong23,,,,,EB,27.086,0.089,True,True,6.05e-05,2.1e-06,2.1e-06,0.06893,0.00079,0.00079,0.6386669277164589,0.0372655920370965,0.59685245698859,0.6770644182009828,0.5579208268227992,0.6975660656232269
7432,7461,AL_Dor_A,1.102,0.0,0.0,1.092,0.001,0.001,6053.41,30.27,30.27,1.44,0.07,0.06,-0.1,0.04,0.04,4.404,0.002,0.002,0.8463,0.0023,0.0023,,MS,F9,,Xiong23,,,,,EB,33.1727,0.0065,True,True,0.00011505,3.2e-07,3.2e-07,0.086893,8.1e-05,8.1e-05,1.0029388570934252,0.010830132905185412,0.9923235841390643,1.0135011013994026,0.981731550931985,1.0268302400724736
7433,7462,AL_Dor_B,1.103,0.0,0.0,1.098,0.001,0.001,6053.41,30.27,30.27,1.46,0.07,0.07,-0.1,0.04,0.04,4.399,0.002,0.002,0.8332,0.0023,0.0023,,MS,F9,,Xiong23,,,,,EB,33.1727,0.0065,True,True,0.00011679,3.3e-07,3.3e-07,0.087334,8.1e-05,8.1e-05,1.011867621012219,0.011972509117890625,1.0001025778875339,1.0236669050822271,0.9889775681159312,1.0354611371081217
7434,7463,"ASAS_J073507-0905,7_A",1.452,0.015,0.015,1.635,0.005,0.005,6397.35,44.78,44.78,4.04,0.28,0.26,-0.27,0.08,0.08,4.173,0.005,0.005,0.3322,0.0046,0.0046,,MS,F,,Xiong23,,,,,EB,7.06,0.05,True,False,0.02583,0.00064,0.00064,0.538,0.0044,0.0044,1.5064032141309138,0.026041610882013018,1.4808735333449656,1.5331985020142653,1.4568329836333673,1.5603487157310356
7435,7464,"ASAS_J073507-0905,7_B",0.808,0.006,0.006,0.819,0.005,0.005,4365.16,48.02,48.02,0.22,0.025,0.022,-0.27,0.08,0.08,4.519,0.01,0.01,1.471,0.029,0.029,,MS,K,,Xiong23,,,,,EB,7.06,0.05,True,False,0.00824,0.00025,0.00025,0.3521,0.0035,0.0035,0.6794588962387654,0.030220601368930806,0.6502052594917842,0.7124300006671053,0.6194243442707577,0.7363766246569926
7436,7465,"ASAS_J065134-2211,5_A",0.956,0.005,0.005,0.997,0.002,0.002,5495.41,43.96,43.96,0.817,0.062,0.058,0.09,0.13,0.13,4.421,0.003,0.003,0.9647,0.0077,0.0077,,MS,,,Xiong23,,,,,EB,20.18,0.07,True,True,0.000297,3.8e-06,3.8e-06,0.12065,0.00051,0.00051,0.9093116595177199,0.022140582902248702,0.8872968933323206,0.9321009813451495,0.8664106903711091,0.9496179763363884
7437,7466,"ASAS_J065134-2211,5_B",0.674,0.002,0.002,0.69,0.003,0.003,3971.92,47.66,47.66,0.107,0.013,0.011,0.09,0.13,0.13,4.589,0.009,0.009,2.052,0.027,0.027,,MS,,,Xiong23,,,,,EB,20.18,0.07,True,True,0.000172,3e-06,3e-06,0.09795,0.00056,0.00056,0.6614597497977008,0.04510443677839261,0.6190241908101909,0.7075064999877787,0.5673019705011706,0.7483473107666166
7438,7467,EPIC219394517_A,1.078,0.001,0.001,1.055,0.005,0.005,5929.25,41.5,41.5,1.2,0.1,0.1,0.07,0.03,0.03,4.425,0.009,0.009,0.918,0.013,0.013,,MS,G0,,Xiong23,,,,,EB,18.954,0.012,True,True,0.0005508,7.9e-06,7.9e-06,0.14652,0.0007,0.0007,0.9771900716997776,0.017457389851195576,0.9588809051600371,0.9949909756636813,0.9432789695933934,1.0080471949186764
7439,7468,EPIC219394517_B,1.066,0.001,0.001,1.042,0.005,0.005,5874.89,41.12,41.12,1.2,0.1,0.1,0.07,0.03,0.03,4.43,0.01,0.01,0.942,0.014,0.014,,MS,G1,,Xiong23,,,,,EB,18.954,0.012,True,True,0.0005403,7.9e-06,7.9e-06,0.14546,0.00071,0.00071,0.9604088346762742,0.018873269123721524,0.9413137408749768,0.9785837552032213,0.923946640146164,0.9979467161016244
7442,7471,WASP_0639-32_A,1.155,0.002,0.002,1.834,0.01,0.01,6324.12,18.97,18.97,4.85,0.18,0.18,-0.33,0.1,0.1,3.974,0.011,0.011,0.1872,0.0031,0.0031,,Subgiant,F,,Xiong23,,,,,EB,26.964,0.031,True,True,0.000753,1.3e-05,1.3e-05,0.1647,0.00092,0.00092,1.8657731749508393,0.03805977818788254,1.8284645295247788,1.9060676418144158,1.7928583490680243,1.9405208364997533
7443,7472,WASP_0639-32_B,0.783,0.001,0.001,0.729,0.003,0.003,5395.11,32.37,32.37,0.406,0.025,0.024,-0.33,0.1,0.1,4.607,0.01,0.01,2.021,0.025,0.025,,MS,K,,Xiong23,,,,,EB,26.964,0.031,True,True,8.79e-05,1.1e-06,1.1e-06,0.07818,0.00034,0.00034,0.685285971561577,0.015119986775591026,0.6695069653777823,0.6995718680255448,0.6540207637566898,0.7107008593817324
7444,7473,"PTFEB_132,707+19,810_A",0.395,0.001,0.001,0.363,0.003,0.003,3258.37,39.1,39.1,0.0134,0.0017,0.0015,0.14,0.04,0.04,4.915,0.019,0.019,8.26,0.21,0.21,,MS,"M3,5±0,2",,Xiong23,,,,,EB,11.77,0.01,True,True,5.91e-05,1.5e-06,1.5e-06,0.07097,0.00059,0.00059,0.52852517647503,0.09637710676056475,0.42442969854339224,0.6333333898243633,0.33928451833625706,0.6907427585974132
7445,7474,"PTFEB_132,707+19,810_B",0.21,0.001,0.001,0.272,0.005,0.005,3118.89,46.78,46.78,0.0063,0.0011,0.001,0.14,0.04,0.04,4.891,0.039,0.039,10.44,0.58,0.58,,MS,"M4,3±0,7",,Xiong23,,,,,EB,11.77,0.01,True,True,6.78e-05,3.8e-06,3.8e-06,0.0709,0.0013,0.0013,0.5989869796526347,0.07574377901740625,0.5159956407064009,0.6766780675122116,0.4393159770674683,0.7246122707354742
7446,7475,Tyc_5227-1023-1_A,0.956,0.007,0.007,1.388,0.004,0.004,6353.31,88.95,88.95,2.83,0.39,0.34,-0.63,0.11,0.11,4.13,0.01,0.01,0.3575,0.0041,0.0041,,MS,F7,,Xiong23,,,,,EB,13.54,0.07,True,True,0.003132,6e-05,6e-05,0.2627,0.0017,0.0017,1.4570084215958437,0.03623226112779674,1.4227439129887953,1.4953890840993578,1.3842176420765835,1.5251769797616739
7447,7476,Tyc_5227-1023-1_B,0.839,0.005,0.005,0.977,0.004,0.004,5929.25,94.87,94.87,1.1,0.2,0.1,-0.63,0.11,0.11,4.38,0.01,0.01,0.9,0.012,0.012,,MS,,,Xiong23,,,,,EB,13.54,0.07,True,True,0.001346,2.9e-05,2.9e-05,0.1963,0.0014,0.0014,0.9516610438900959,0.02693787661702652,0.9232543603443075,0.976124302193307,0.8991845800960985,1.0026606102257498
7448,7477,NGC_2506_V5_A,0.945,0.004,0.003,0.68,0.04,0.04,5690.0,140.0,120.0,0.437,0.067,0.063,-0.36,0.01,0.01,4.75,0.05,0.05,3.01,0.53,0.53,,MS,,,Knudstrup20,,,,,EB,9.04,0.1,True,True,0.0011,0.0002,0.0002,0.186,0.011,0.011,0.7176348565130758,0.029134082168417574,0.6911396213826616,0.7461054578263759,0.6617706105163543,0.774762386462918
7449,7478,NGC_2506_V5_B,0.707,0.004,0.003,0.61,0.021,0.016,4940.0,110.0,60.0,0.2,0.022,0.014,-0.36,0.01,0.01,4.72,0.03,0.02,3.11,0.32,0.25,,MS,,,Knudstrup20,,,,,EB,9.04,0.1,True,True,0.00126,0.00012,0.00012,0.1906,0.0062,0.0062,0.6334454882060431,0.03648250468774404,0.5958711860854641,0.6718451801329414,0.5634000800757928,0.700812940777748
7450,7479,OGLE_LMC-ECL-01866_A,3.56,0.02,0.02,26.79,0.52,0.52,5300.0,80.0,80.0,510.0,37.0,37.0,-0.49,0.17,0.17,2.134,0.017,0.017,0.000185,1.1e-05,1.1e-05,,BL,G3,,Graczyk18,,,,,EB,322.3,0.8,True,True,0.00185,0.00011,0.00011,0.2192,0.0043,0.0043,5.817195371499663,0.6698023388204807,5.325071581381052,6.28226931731834,4.89820239629232,6.436048352519424
7451,7480,OGLE_LMC-ECL-01866_B,3.55,0.031,0.031,47.11,0.5,0.5,4495.0,60.0,60.0,816.0,47.0,47.0,-0.49,0.17,0.17,1.642,0.009,0.009,3.4e-05,1.1e-06,1.1e-06,,RGB,"K1,5",,Graczyk18,,,,,EB,322.3,0.8,True,True,0.01009,0.00034,0.00034,0.386,0.0043,0.0043,6.696045060800451,0.87493904175061,6.000373474359386,7.298792131834881,5.548168068837583,7.5787378798017215
7452,7481,OGLE_LMC-ECL-03160_A,1.792,0.016,0.016,17.03,0.28,0.28,4930.0,100.0,100.0,154.0,14.0,14.0,-0.68,0.18,0.18,2.229,0.014,0.014,0.000363,1.8e-05,1.8e-05,,HB/RC,G7,,Graczyk18,,,,,EB,182.2,0.5,True,False,0.00264,0.00014,0.00014,0.247,0.0042,0.0042,5.646910631706488,0.43227186716965915,5.159017669770777,6.01565179221419,4.8757699303850055,6.200763602303415
7453,7482,OGLE_LMC-ECL-03160_B,1.802,0.018,0.018,37.42,0.24,0.24,4450.0,70.0,70.0,495.0,32.0,32.0,-0.68,0.18,0.18,1.548,0.005,0.005,3.439e-05,7.5e-07,7.5e-07,,HB/RC,K2,,Graczyk18,,,,,EB,182.2,0.5,True,False,0.0278,0.00065,0.00065,0.5413,0.0041,0.0041,6.909172800004346,0.8120628737778728,6.176840675612545,7.501545479093263,5.762982296348428,7.735486280178015
7454,7483,OGLE_LMC-ECL-06575_A,4.167,0.022,0.022,43.93,0.43,0.43,4920.0,80.0,80.0,1020.0,69.0,69.0,-0.46,0.1,0.1,1.773,0.008,0.008,4.92e-05,1.5e-06,1.5e-06,,HB,G6,,Graczyk18,,,,,EB,280.0,0.5,True,True,0.01202,0.00037,0.00037,0.41,0.0042,0.0042,6.46072630650046,0.7776704649835419,5.849330933806879,7.0270406370063085,5.29323573298069,7.209030476252335
7455,7484,OGLE_LMC-ECL-06575_B,3.989,0.026,0.026,46.75,0.43,0.43,4645.0,60.0,60.0,918.0,50.0,50.0,-0.46,0.1,0.1,1.699,0.008,0.008,3.9e-05,1.1e-06,1.1e-06,,RGB,K0,,Graczyk18,,,,,EB,280.0,0.5,True,True,0.01554,0.00045,0.00045,0.4451,0.0043,0.0043,6.622847829559979,1.284546808327685,5.928798009746504,7.123128973794535,5.501194389004501,7.38904709656773
7456,7485,OGLE_LMC-ECL-09114_A,3.304,0.023,0.023,26.33,0.34,0.34,5230.0,60.0,60.0,467.0,25.0,25.0,-0.38,0.12,0.12,2.116,0.011,0.011,0.000181,7.1e-06,7.1e-06,,,G4III,,Graczyk18,,,,,EB,281.5,0.8,True,True,0.00257,0.0001,0.0001,0.2451,0.0033,0.0033,5.875275102969223,0.6482787717551586,5.367667478827492,6.307893467826447,4.995328021010617,6.501450152801259
7457,7486,OGLE_LMC-ECL-09114_B,3.205,0.025,0.025,18.79,0.37,0.37,5425.0,110.0,110.0,275.0,25.0,25.0,-0.38,0.12,0.12,2.396,0.017,0.017,0.000483,2.9e-05,2.9e-05,,,G2III,,Graczyk18,,,,,EB,281.5,0.8,True,True,0.000982,5.9e-05,5.9e-05,0.1774,0.0036,0.0036,5.346899894937502,0.5159970325820529,4.938013620165664,5.701775773939977,4.639914066973866,5.868204525318445
7458,7487,OGLE_LMC-ECL-09660_A,2.981,0.013,0.013,23.66,0.21,0.21,5250.0,65.0,65.0,383.0,20.0,20.0,-0.46,0.1,0.1,2.165,0.008,0.008,0.0002251,6.1e-06,6.1e-06,,,G3III,,Graczyk18,,,,,EB,232.4,0.3,True,True,0.003416,9.3e-05,9.3e-05,0.269,0.0024,0.0024,5.890792038514601,2.2574470309482217,5.279892225241618,6.1898688669842885,4.952087896518245,6.390431362126834
7459,7488,OGLE_LMC-ECL-09660_B,2.997,0.012,0.012,44.4,0.26,0.26,4685.0,95.0,95.0,856.0,70.0,70.0,-0.46,0.1,0.1,1.62,0.005,0.005,3.424e-05,6.2e-07,6.2e-07,,,K0III,,Graczyk18,,,,,EB,232.4,0.3,True,True,0.02238,0.00042,0.00042,0.5036,0.0031,0.0031,6.743135842434319,0.9007769123288715,6.052563563214859,7.359294818230604,5.495782121222936,7.560302614058013
7460,7489,OGLE_LMC-ECL-09678_A,2.4,0.029,0.029,13.77,0.16,0.16,5230.0,80.0,80.0,128.0,8.0,8.0,-0.38,0.16,0.16,2.54,0.01,0.01,0.000919,3.4e-05,3.4e-05,,,G4III,,Graczyk18,,,,,EB,169.1,0.6,True,True,0.001827,7.1e-05,7.1e-05,0.2179,0.0028,0.0028,5.13532212845353,0.39320738052696613,4.780245595584353,5.432114668050517,4.506539419697141,5.62153763329591
7461,7490,OGLE_LMC-ECL-09678_B,2.549,0.031,0.031,30.6,0.28,0.28,4705.0,90.0,90.0,413.0,33.0,33.0,-0.38,0.16,0.16,1.873,0.008,0.008,8.9e-05,2.7e-06,2.7e-06,,,G9III,,Graczyk18,,,,,EB,169.1,0.6,True,True,0.01821,0.00059,0.00059,0.4711,0.005,0.005,6.338540787002437,0.6642051647490753,5.743894985244101,6.837056099692511,5.362250848732241,7.029977517232595
7462,7491,OGLE_LMC-ECL-10567_A,3.333,0.029,0.029,24.6,0.29,0.29,5065.0,100.0,100.0,359.0,30.0,30.0,-0.7,0.1,0.1,2.179,0.01,0.01,0.0002239,8.2e-06,8.2e-06,,HB,G6,,Graczyk18,,,,,EB,189.1,0.5,True,True,0.00684,0.00026,0.00026,0.3398,0.0042,0.0042,5.658489680076612,0.5373163843583028,5.174618368063605,6.040254883821082,4.8516788245539075,6.241829281575425
7463,7492,OGLE_LMC-ECL-10567_B,3.184,0.026,0.026,36.64,0.25,0.25,4715.0,75.0,75.0,598.0,39.0,39.0,-0.7,0.1,0.1,1.813,0.006,0.006,6.47e-05,1.4e-06,1.4e-06,,RGB,G9,,Graczyk18,,,,,EB,189.1,0.5,True,True,0.02432,0.00058,0.00058,0.5167,0.004,0.004,6.304023094860871,0.7468506110906409,5.717493988095801,6.815113563298802,5.332540950539554,7.0347934058130495
7464,7493,OGLE_LMC-ECL-230659_A,3.598,0.038,0.038,32.83,0.22,0.22,5000.0,70.0,70.0,607.0,35.0,35.0,-0.24,0.11,0.11,1.962,0.005,0.005,0.0001017,2.3e-06,2.3e-06,,,G6III,,Graczyk18,,,,,EB,679.0,2.0,True,True,0.0003506,8.6e-06,8.6e-06,0.1262,0.001,0.001,6.176478585731427,0.7221229065654485,5.615548416301625,6.677343082367155,5.144657253864958,6.865951579351735
7465,7494,OGLE_LMC-ECL-230659_B,3.429,0.03,0.03,23.4,0.31,0.31,5030.0,100.0,100.0,316.0,26.0,26.0,-0.24,0.11,0.11,2.235,0.011,0.011,0.000268,1.1e-05,1.1e-05,,,G6III,,Graczyk18,,,,,EB,679.0,2.0,True,True,0.0001371,5.8e-06,5.8e-06,0.092,0.0013,0.0013,5.635233921434727,0.8926928929545016,5.199969502939034,6.05292405821229,4.890865193885064,6.23142748359394
7466,7495,OGLE_LMC-ECL-12669_A,1.843,0.029,0.029,24.17,0.34,0.34,4630.0,85.0,85.0,242.0,19.0,19.0,-0.3,0.14,0.14,1.937,0.012,0.012,0.0001305,5.9e-06,5.9e-06,,,"K0,5III",,Graczyk18,,,,,EB,542.0,3.0,True,True,0.000301,1.5e-05,1.5e-05,0.1194,0.0019,0.0019,6.2175153390398545,0.5931182378746065,5.634865794682781,6.673194275523419,5.302564400857501,6.883073879610461
7467,7496,OGLE_LMC-ECL-12669_B,1.962,0.03,0.03,23.36,0.3,0.3,4715.0,95.0,95.0,243.0,21.0,21.0,-0.3,0.14,0.14,1.994,0.011,0.011,0.0001539,6.4e-06,6.4e-06,,,G9III,,Graczyk18,,,,,EB,542.0,3.0,True,True,0.000246,1.1e-05,1.1e-05,0.1121,0.0017,0.0017,6.110683656988893,0.6756599893275953,5.555986036414588,6.571251116900755,5.221365638835862,6.788250776302349
7468,7497,OGLE_LMC-ECL-12875_A,1.831,0.02,0.02,15.62,0.13,0.13,4845.0,100.0,100.0,121.0,10.0,10.0,-0.48,0.15,0.15,2.313,0.007,0.007,0.00048,1.3e-05,1.3e-05,,,G8III,,Graczyk18,,,,,EB,186.0,0.7,True,False,0.001931,5.9e-05,5.9e-05,0.2224,0.0022,0.0022,5.526347041346828,0.3633398209452758,5.07184453257207,5.850233444911388,4.770600605583256,6.027771132191306
7469,7498,OGLE_LMC-ECL-12875_B,1.858,0.023,0.023,40.82,0.32,0.32,4385.0,110.0,110.0,555.0,56.0,56.0,-0.48,0.15,0.15,1.486,0.006,0.006,2.732e-05,7.3e-07,7.3e-07,,,"K2,5III",,Graczyk18,,,,,EB,186.0,0.7,True,False,0.03367,0.00098,0.00098,0.5772,0.0055,0.0055,7.023979378193517,0.9119877565821309,6.283589656313791,7.66491639865271,5.8445647297381935,7.922326630926626
7470,7499,OGLE_LMC-ECL-12933_A,1.516,0.019,0.019,17.32,0.22,0.22,4900.0,200.0,200.0,156.0,26.0,26.0,-0.38,0.13,0.13,2.142,0.011,0.011,0.000292,1.2e-05,1.2e-05,,,G7III,,Graczyk18,,,,,EB,152.6,0.6,True,False,0.00471,0.0002,0.0002,0.2994,0.0041,0.0041,5.8944391411874415,0.5456467377977149,5.371053333238292,6.3088552153560755,4.999679709486182,6.495052250520863
7471,7500,OGLE_LMC-ECL-12933_B,1.514,0.017,0.017,36.41,0.31,0.31,4470.0,150.0,150.0,477.0,64.0,64.0,-0.38,0.13,0.13,1.496,0.007,0.007,3.137e-05,8.8e-07,8.8e-07,,,K2III,,Graczyk18,,,,,EB,152.6,0.6,True,False,0.0438,0.0014,0.0014,0.6299,0.0064,0.0064,7.079470980720171,0.8817478012502571,6.317396901269563,7.694957552830635,5.877671749083874,7.99458405776786
7472,7501,OGLE_LMC-ECL-13360_A,3.95,0.024,0.024,30.46,0.38,0.38,5495.0,90.0,90.0,762.0,54.0,54.0,-0.3,0.1,0.1,2.067,0.011,0.011,0.0001398,5.3e-06,5.3e-06,,,G1II-III,,Graczyk18,,,,,EB,345.3,0.7,True,True,0.002262,8.7e-05,8.7e-05,0.2343,0.003,0.003,6.016397284566727,0.6534552463607394,5.479947490566735,6.478741285675897,5.066481781913329,6.681407957107994
7473,7502,OGLE_LMC-ECL-13360_B,4.06,0.024,0.024,39.46,0.35,0.35,5085.0,80.0,80.0,938.0,61.0,61.0,-0.3,0.1,0.1,1.854,0.008,0.008,6.61e-05,1.8e-06,1.8e-06,,,G4II-III,,Graczyk18,,,,,EB,345.3,0.7,True,True,0.00471,0.00013,0.00013,0.2997,0.0028,0.0028,6.3261345792567765,1.29000161828487,5.751351641650102,6.910156575810348,5.186784267266102,7.133421957245464
7474,7503,OGLE_LMC-ECL-13529_A,2.857,0.016,0.016,17.03,0.21,0.21,5295.0,75.0,75.0,205.0,13.0,13.0,-0.18,0.14,0.14,2.432,0.011,0.011,0.000578,2.2e-05,2.2e-05,,,G4III,,Graczyk18,,,,,EB,101.1,0.2,True,True,0.0152,0.00058,0.00058,0.4429,0.0056,0.0056,5.348723915780948,0.46603517780918613,4.932287091219152,5.688413843973944,4.651624536743621,5.848034630908319
7475,7504,OGLE_LMC-ECL-13529_B,2.81,0.016,0.016,15.98,0.22,0.22,5260.0,90.0,90.0,176.0,13.0,13.0,-0.18,0.14,0.14,2.48,0.012,0.012,0.000689,2.9e-05,2.9e-05,,,G4III,,Graczyk18,,,,,EB,101.1,0.2,True,True,0.0129,0.00054,0.00054,0.4187,0.0059,0.0059,5.249117352524042,0.5221500246714302,4.871863687661702,5.573865371466236,4.5967799675607734,5.768894085293358
7476,7505,OGLE_LMC-ECL-15260_A,1.449,0.018,0.018,23.22,0.43,0.43,4810.0,130.0,130.0,260.0,30.0,30.0,-0.63,0.12,0.12,1.868,0.016,0.016,0.0001157,6.6e-06,6.6e-06,,RGB,G8,,Graczyk18,,,,,EB,174.5,0.7,True,False,0.00748,0.00044,0.00044,0.3497,0.0068,0.0068,6.271576092665927,0.8761121212892554,5.68220463702338,6.7629279632103865,5.3565635382286985,6.986504547170136
7477,7506,OGLE_LMC-ECL-15260_B,1.422,0.016,0.016,42.2,0.92,0.92,4420.0,85.0,85.0,612.0,54.0,54.0,-0.63,0.12,0.12,1.34,0.019,0.019,1.89e-05,1.3e-06,1.3e-06,,RGB,K2,,Graczyk18,,,,,EB,174.5,0.7,True,False,0.0463,0.0031,0.0031,0.641,0.014,0.014,7.186021025760425,0.8931308657113146,6.407883241764175,7.84011643306857,5.954075583393982,8.130718028330534
7478,7507,OGLE_LMC-ECL-18836_A,2.858,0.031,0.031,15.95,0.25,0.25,5155.0,100.0,100.0,162.0,14.0,14.0,-0.4,0.1,0.1,2.489,0.013,0.013,0.000704,3.4e-05,3.4e-05,,HB,G5,,Graczyk18,,,,,EB,241.2,0.9,True,True,0.000913,4.6e-05,4.6e-05,0.1735,0.0029,0.0029,5.140450225570355,0.44531359280961325,4.792705901793256,5.439753334270766,4.533981778224481,5.6073543339262155
7479,7508,OGLE_LMC-ECL-18836_B,2.784,0.036,0.036,30.87,0.33,0.33,4605.0,80.0,80.0,386.0,28.0,28.0,-0.4,0.1,0.1,1.904,0.009,0.009,9.46e-05,3.3e-06,3.3e-06,,RGB,K1,,Graczyk18,,,,,EB,241.2,0.9,True,True,0.0069,0.00025,0.00025,0.3398,0.0041,0.0041,6.208674166386687,0.6550103281308568,5.604787731672621,6.6843189908598974,5.249848122735754,6.911239016387757
7480,7509,OGLE_LMC-ECL-21873_A,2.984,0.021,0.021,20.26,0.22,0.22,5265.0,75.0,75.0,284.0,17.0,17.0,-0.28,0.12,0.12,2.3,0.009,0.009,0.000359,1.2e-05,1.2e-05,,RGB,G4,,Graczyk18,,,,,EB,211.3,0.5,True,True,0.00292,0.0001,0.0001,0.2551,0.0029,0.0029,5.573845563593897,0.5183378222269367,5.132916878521747,5.9617913518673085,4.789422457801985,6.131041258040888
7481,7510,OGLE_LMC-ECL-21873_B,3.093,0.024,0.024,24.67,0.24,0.24,5055.0,80.0,80.0,358.0,24.0,24.0,-0.28,0.12,0.12,2.144,0.008,0.008,0.000206,6.2e-06,6.2e-06,,RGB,G6,,Graczyk18,,,,,EB,211.3,0.5,True,True,0.00498,0.00016,0.00016,0.3056,0.0031,0.0031,5.830168492699895,0.6529343271539702,5.3356190103496575,6.27095136444017,4.995020320295594,6.446346621401346
7482,7511,OGLE_LMC-ECL-24887_A,2.747,0.047,0.047,16.43,0.26,0.26,5130.0,80.0,80.0,168.0,12.0,12.0,-0.22,0.12,0.12,2.446,0.014,0.014,0.000619,3.1e-05,3.1e-05,,,G5III,,Graczyk18,,,,,EB,156.6,0.8,True,True,0.00397,0.00021,0.00021,0.282,0.0049,0.0049,5.27999370495426,0.409541314470147,4.892784252563963,5.592700561426921,4.60341034160347,5.758764319739919
7483,7512,OGLE_LMC-ECL-24887_B,2.976,0.045,0.045,17.83,0.3,0.3,5070.0,80.0,80.0,189.0,14.0,14.0,-0.22,0.12,0.12,2.409,0.014,0.014,0.000525,2.8e-05,2.8e-05,,,G6III,,Graczyk18,,,,,EB,156.6,0.8,True,True,0.00446,0.00025,0.00025,0.2951,0.0054,0.0054,5.342918951394264,0.40600498443971933,4.937970327652453,5.667954924042174,4.621116748180763,5.829055495364559
7484,7513,OGLE_LMC-ECL-25658_A,2.231,0.024,0.024,21.4,0.15,0.15,4840.0,70.0,70.0,226.0,14.0,14.0,-0.48,0.13,0.13,2.126,0.006,0.006,0.0002276,5.4e-06,5.4e-06,,,G8III,,Graczyk18,,,,,EB,231.3,0.6,True,True,0.002552,6.5e-05,6.5e-05,0.2441,0.002,0.002,5.740702190406392,2.9666440615120298,5.34006923755937,6.233790229622859,5.051120759292163,6.460155382400603
7485,7514,OGLE_LMC-ECL-25658_B,2.23,0.023,0.023,27.61,0.19,0.19,4720.0,75.0,75.0,341.0,22.0,22.0,-0.48,0.13,0.13,1.904,0.006,0.006,0.000106,2.4e-06,2.4e-06,,,G9III,,Graczyk18,,,,,EB,231.3,0.6,True,True,0.00548,0.00014,0.00014,0.3151,0.0026,0.0026,6.248548799328867,0.6376458464268192,5.645958925072089,6.720971305190202,5.303540719419435,6.95833967149806
7486,7515,KIC5193386_A,1.39,0.03,0.03,4.49,0.05,0.05,4780.0,100.0,100.0,9.48,0.82,0.82,-0.36,0.06,0.06,3.274,0.004,0.004,0.01536,0.00061,0.00061,,RGB,,,Benbakoura21,,,,,EB,44.34,0.34,True,True,0.00292,0.00016,0.00016,0.2571,0.0044,0.0044,3.378543389844008,0.08290003922850747,3.304527755596131,3.461416933030474,3.2064275796280994,3.5529352323062193
7487,7516,KIC5193386_B,1.17,0.05,0.05,1.37,0.01,0.01,6622.0,127.0,127.0,3.25,0.25,0.25,-0.36,0.06,0.06,4.23,0.02,0.02,0.455,0.022,0.022,,,,,Benbakoura21,,,,,EB,44.34,0.34,True,True,0.0001094,5.5e-06,5.5e-06,0.0849,0.0013,0.0013,1.3713567932849247,0.034299229807091956,1.335813960236049,1.4040788486769855,1.3138377923477604,1.4421825200940297
7488,7517,KIC6307537_A,1.29,0.07,0.07,4.45,0.06,0.06,4960.0,240.0,240.0,10.8,2.1,2.1,0.0,0.4,0.4,3.25,0.01,0.01,0.01464,0.00099,0.00099,,RGB,,,Benbakoura21,,,,,EB,53.71,0.61,True,True,0.00157,0.00012,0.00012,0.2092,0.0048,0.0048,3.694847970816265,0.12652774127832744,3.5611448789526667,3.816636140256849,3.455501489229484,3.956268871233644
7489,7518,KIC6307537_B,1.06,0.04,0.04,1.17,0.02,0.02,6387.0,306.0,306.0,2.05,0.4,0.4,0.0,0.4,0.4,4.33,0.02,0.02,0.662,0.042,0.042,,,,,Benbakoura21,,,,,EB,53.71,0.61,True,True,3.91e-05,3.2e-06,3.2e-06,0.0602,0.0015,0.0015,1.1783181192132914,0.04669218408510212,1.1331002294927575,1.2190715373363317,1.0934535276484894,1.276237568468668
7490,7519,KIC11235323_A,1.03,0.01,0.01,3.578,0.009,0.009,4840.0,200.0,200.0,6.3,1.0,1.0,-0.4,0.2,0.2,3.342,0.004,0.004,0.02249,0.00028,0.00028,,RGB,,,Benbakoura21,,,,,EB,38.76,0.065,True,True,0.002455,2.9e-05,2.9e-05,0.24137,0.00091,0.00091,3.274422434587965,0.09770736819531327,3.1731086380068216,3.366386913955235,3.0771784420426465,3.483519282090066
7491,7520,KIC11235323_B,0.989,0.002,0.002,1.544,0.004,0.004,6319.0,254.0,254.0,3.42,0.55,0.55,-0.4,0.2,0.2,4.06,0.0,0.0,0.2687,0.0022,0.0022,,,,,Benbakoura21,,,,,EB,38.76,0.065,True,True,0.0002105,2.6e-06,2.6e-06,0.10611,0.00041,0.00041,1.653944023783769,0.048314187136143626,1.6062544134661312,1.7023610545666028,1.5630101056345727,1.7500739078037701
7493,7522,HD187669_A,1.504,0.004,0.004,11.33,0.28,0.28,4650.0,80.0,80.0,53.9,3.9,3.9,-0.25,0.1,0.1,2.507,0.02,0.02,0.001034,7.7e-05,7.7e-05,,RGB,,,Helminiak15,,,,,EB,120.51,0.04,True,True,0.00268,0.0002,0.0002,0.2482,0.0061,0.0061,5.125486390813185,0.2965967954112724,4.763604617788318,5.407119903012705,4.476813174855544,5.563997982489561
7494,7523,HD187669_B,1.505,0.004,0.004,22.62,0.5,0.5,4330.0,70.0,70.0,161.0,13.0,13.0,-0.25,0.1,0.1,1.907,0.019,0.019,0.00013,8.6e-06,8.6e-06,,RGB,,,Helminiak15,,,,,EB,120.51,0.04,True,True,0.0213,0.0014,0.0014,0.495,0.011,0.011,6.175779694158906,0.5604129689139269,5.576336573344793,6.625813572498469,5.22019257762102,6.8435091996611375
12627,12658,TV_Cet_A,1.385,0.052,0.052,1.484,0.02,0.02,6902.0,150.0,150.0,4.5,0.41,0.41,-0.122,0.005,0.005,4.237,0.02,0.02,0.424,0.023,0.023,,MS,F2V,,Eker14+18,,,,,EB,25.15,0.25,True,True,0.000616,4.1e-05,4.1e-05,0.1526,0.0032,0.0032,1.4898305115339159,0.03811329646315706,1.453555508832758,1.5283483522325112,1.409237434385397,1.5646338680669372
12628,12659,TV_Cet_B,1.265,0.051,0.051,1.221,0.01,0.01,6575.0,150.0,150.0,2.51,0.23,0.23,-0.122,0.005,0.005,4.367,0.019,0.019,0.695,0.033,0.033,,MS,F5V,,Eker14+18,,,,,EB,25.15,0.25,True,True,0.000397,2.3e-05,2.3e-05,0.1308,0.0024,0.0024,1.1746178240168716,0.03308686834850661,1.1395887527644326,1.2072207130963812,1.1101120332991534,1.2352812561350213
12780,12813,BH_Vir_A,1.178,0.018,0.018,1.228,0.05,0.05,6100.0,100.0,100.0,1.88,0.2,0.2,-0.2839,0.0074,0.0074,4.331,0.036,0.036,0.636,0.078,0.078,,MS,F8V,,Eker14+18,,,,,EB,4.77,0.02,True,False,0.0502,0.0062,0.0062,0.662,0.027,0.027,1.1294487822182164,0.04913251674258622,1.0818810858243342,1.1795273940735507,1.0442624985768576,1.2260627901495964
12781,12814,BH_Vir_B,1.05,0.015,0.015,1.118,0.04,0.04,5500.0,200.0,200.0,1.03,0.17,0.17,-0.2839,0.0074,0.0074,4.363,0.032,0.032,0.751,0.081,0.081,,MS,G5V,,Eker14+18,,,,,EB,4.77,0.02,True,False,0.0455,0.005,0.005,0.635,0.023,0.023,0.9971859299848049,0.05009972057034257,0.9460542931996638,1.0448999572440334,0.899415672616105,1.093538321996722
12861,12894,KIC7177553_A,1.043,0.014,0.014,0.94,0.005,0.005,5800.0,130.0,130.0,0.901,0.081,0.081,0.204,0.013,0.013,4.51,0.007,0.007,1.256,0.026,0.026,,MS,G2V,,Eker14+18,,,,,EB,36.76,0.15,True,True,5.15e-05,1.3e-06,1.3e-06,0.06663,0.00054,0.00054,0.8732807730120201,0.023375522691408055,0.8500360994902721,0.8959123170647562,0.8325564807711634,0.9211722834730955
12862,12895,KIC7177553_B,0.986,0.015,0.015,0.941,0.005,0.005,5740.0,140.0,140.0,0.866,0.085,0.085,0.204,0.013,0.013,4.485,0.008,0.008,1.183,0.026,0.026,,MS,G2V,,Eker14+18,,,,,EB,36.76,0.15,True,True,5.66e-05,1.5e-06,1.5e-06,0.06843,0.00056,0.00056,0.8954808919723503,0.02261213378602219,0.873106261420584,0.9190843263840202,0.855610033197991,0.9404764098336276
12883,12916,KIC3230227_A,1.84,0.18,0.18,2.01,0.09,0.09,8000.0,30.0,30.0,14.9,1.4,1.4,-0.135,0.005,0.005,4.097,0.058,0.058,0.227,0.038,0.038,,MS,A6,,Eker14+18,,,,,EB,23.64,0.95,True,True,0.00189,0.0004,0.0004,0.221,0.015,0.015,2.34978915351762,0.14136651172520878,2.2148985896654794,2.492486030253119,2.0656499052005444,2.636057539822594
12884,12917,KIC3230227_B,1.73,0.17,0.17,1.68,0.08,0.08,8177.0,30.0,30.0,11.4,1.1,1.1,-0.135,0.005,0.005,4.226,0.059,0.059,0.365,0.063,0.063,,MS,A6,,Eker14+18,,,,,EB,23.64,0.95,True,True,0.00122,0.00027,0.00027,0.19,0.013,0.013,2.033806021167209,0.12601835287485968,1.912614592131188,2.164485163294801,1.783696047387867,2.274298044798734
12936,12969,V443_Cyg_A,1.2,0.2,0.2,1.3,0.2,0.2,6700.0,350.0,350.0,3.1,1.1,1.1,-0.213,0.025,0.025,4.29,0.152,0.152,0.55,0.27,0.27,,MS,F2/3V,,Eker14+18,,,,,EB,9.4,0.33,True,True,0.008,0.0043,0.0043,0.358,0.062,0.062,1.3938673357403397,0.1753288343674342,1.2204351642660465,1.5796505907912883,1.081021417076648,1.7416168152326477
12937,12970,V443_Cyg_B,1.1,0.3,0.3,1.1,0.2,0.2,6200.0,550.0,550.0,1.61,0.82,0.82,-0.213,0.025,0.025,4.397,0.197,0.197,0.83,0.5,0.5,,MS,F8V,,Eker14+18,,,,,EB,9.4,0.33,True,True,0.0055,0.0034,0.0034,0.315,0.063,0.063,1.2085147277496475,0.15882259159243842,1.0517349266320795,1.3636127214494917,0.8980882555925279,1.5072837407255937
12942,12975,V456_Cyg_A,1.86,0.06,0.06,1.68,0.02,0.02,7750.0,100.0,100.0,9.17,0.52,0.52,0.039,0.016,0.016,4.257,0.017,0.017,0.392,0.019,0.019,,MS,A7V,,Eker14+18,,,,,EB,5.88,0.06,True,False,0.0661,0.0039,0.0039,0.727,0.014,0.014,1.790124114505548,0.05605256848936582,1.7324323871560892,1.8499396774547563,1.686006714699373,1.8943751754403952
12943,12976,V456_Cyg_B,1.58,0.05,0.05,1.47,0.02,0.02,6755.0,400.0,400.0,4.05,0.97,0.97,0.039,0.016,0.016,4.302,0.018,0.018,0.497,0.026,0.026,,MS,F3V,,Eker14+18,,,,,EB,5.88,0.06,True,False,0.0575,0.0036,0.0036,0.685,0.014,0.014,1.3327474110805073,0.06495961331744449,1.2674181320586113,1.3964290749314285,1.1984026945332427,1.454474439766388
13013,13046,BLG-305487_A,1.06,0.02,0.02,19.27,0.28,0.28,4248.0,375.0,440.0,108.0,41.0,41.0,0.1,0.53,0.67,1.893,0.013,0.013,0.0001481,7e-06,7e-06,,RGB,K0,,Suchomska22,,,,,EB,168.37,0.998,True,True,0.00458,0.00024,0.00024,0.2975,0.005,0.005,6.548344634643019,0.5233312385210089,5.875714137592067,7.031796292326855,5.527466896459373,7.272916605866782
13014,13047,BLG-305487_B,0.991,0.018,0.018,29.99,0.24,0.24,3984.0,242.0,254.0,203.0,51.0,51.0,0.01,0.39,0.34,1.48,0.005,0.005,3.67e-05,1.1e-06,1.1e-06,,AGB,K2,,Suchomska22,,,,,EB,168.37,0.998,True,True,0.01923,0.0007,0.0007,0.4774,0.0056,0.0056,7.274493115220852,0.787198843540768,6.46910762660367,7.904115547846476,6.044335823830194,8.16396532294557
13015,13048,BLG-116218_A,0.969,0.012,0.012,16.73,0.28,0.28,4233.0,204.0,196.0,81.0,15.0,15.0,-0.52,0.28,0.33,1.978,0.015,0.015,0.000207,1.1e-05,1.1e-05,,RGB,K2,,Suchomska22,,,,,EB,98.168,0.369,True,False,0.01614,0.00086,0.00086,0.4512,0.0079,0.0079,6.22250697391127,0.4678846470249635,5.626208222265399,6.649765719648388,5.313516543941249,6.879716224327877
13016,13049,BLG-116218_B,0.983,0.012,0.012,22.06,0.26,0.26,4083.0,143.0,135.0,121.0,17.0,17.0,-0.41,0.21,0.24,1.744,0.009,0.009,9.16e-05,3.4e-06,3.4e-06,,RGB,K3,,Suchomska22,,,,,EB,98.168,0.369,True,False,0.0362,0.0014,0.0014,0.5911,0.0077,0.0077,6.631937373350838,0.5324956874921457,5.934272310284549,7.1230076030321845,5.544250370921987,7.359273984193286
