original_row,Seq,SIMBAD_ID,M,eM1,eM2,R,eR1,eR2,Teff,eTeff1,eTeff2,L,eL1,eL2,Meta,eMeta1,eMeta2,logg,elogg1,elogg2,rho,erho1,erho2,cutoff,class,type,pla,catalog,e_M,e_R,e_Teff,e_L,mode,orbit_a,eOrbit_a,detached,well_detached,oblateness,eoblateness1,eoblateness2,fill_factor,efill_factor1,efill_factor2,rad_pred,rad_sigma,rad_p16,rad_p84,rad_p02_5,rad_p97_5
22,23,NGTS-EB-8_A,0.25,0.005,0.004,0.255,0.004,0.005,3500.0,100.0,200.0,0.0088,0.001,0.002,0.0,0.5,0.5,5.023,0.02,0.016,15.08,0.77,0.92,,MS,M,,OBrien25,,,,,EB,8.43,0.02,True,True,7.72e-05,4.5e-06,4.5e-06,0.0766,0.0014,0.0014,2.3432351746730973,12.775058371509056,0.3881849981435988,1.5765952868861257,-0.9988419614596871,7.114639697751789
23,24,NGTS-EB-8_B,0.208,0.005,0.004,0.233,0.006,0.005,3300.0,100.0,100.0,0.0058,0.00076,0.00075,0.0,0.5,0.5,5.021,0.02,0.022,16.4,1.3,1.1,,MS,M,,OBrien25,,,,,EB,8.43,0.02,True,True,7.9e-05,5.9e-06,5.9e-06,0.0761,0.0019,0.0019,1.7818295192861584,4.25989664802305,0.4869680425917744,1.8374054860667939,-1.395324529713242,10.21615340083252
36,37,TIC278683641_A,1.273,0.007,0.007,1.612,0.003,0.003,5940.0,110.0,110.0,2.92,0.14,0.14,0.2907,0.0039,0.0039,4.128,0.001,0.001,0.3039,0.0024,0.0024,,MS,F/G,,CakirliDec25,,,,,EB,13.5,0.021,True,True,0.003129,2.6e-05,2.6e-05,0.26718,0.00073,0.00073,1.5483280758573865,0.01981351853346165,1.5266834378569358,1.5696130778613158,1.5110418583585434,1.5812110737884837
37,38,TIC278683641_B,0.589,0.002,0.002,0.585,0.001,0.001,3653.0,97.0,97.0,0.06,0.01,0.01,0.2907,0.0039,0.0039,4.674,0.001,0.001,2.942,0.018,0.018,,MS,M,,CakirliDec25,,,,,EB,13.5,0.021,True,True,0.0005059,4.6e-06,4.6e-06,0.13776,0.00039,0.00039,0.884050678226273,1.4196224754279925,0.559849781703518,1.085071007409224,0.04986397121830002,2.4603002337453423
40,41,KIC9656397_A,1.15,0.15,0.09,1.09,0.16,0.16,6270.0,140.0,130.0,1.66,0.51,0.49,-0.089,0.041,0.041,4.38,0.04,0.04,0.89,0.41,0.4,,MS,F2,,Xu26,,,,,EB,204.0,20.0,True,True,5e-07,2.7e-07,2.7e-07,0.0141,0.0026,0.0026,1.0476798667445801,0.05252410276781267,1.017074463228332,1.079554791270674,0.9571927701335996,1.137528118770768
41,42,KIC9656397_B,1.16,0.19,0.14,1.09,0.16,0.15,6360.0,140.0,130.0,1.76,0.54,0.51,-0.089,0.041,0.041,4.38,0.04,0.04,0.9,0.42,0.39,,MS,F2,,Xu26,,,,,EB,204.0,20.0,True,True,4.9e-07,2.6e-07,2.6e-07,0.0141,0.0025,0.0025,1.0731807141032006,0.03480822596744916,1.0438692698361522,1.105620540469506,1.0185701754139889,1.1419224701088126
42,43,LL_Aqr_A,1.1947,0.0009,0.0009,1.318,0.0013,0.0013,6242.0,51.0,51.0,2.38,0.08,0.08,0.04,0.05,0.05,4.2755,0.0009,0.0009,0.5218,0.0016,0.0016,,MS,F9,,Miller26,,,,,EB,40.744,0.007,True,True,9.731e-05,3e-07,3e-07,0.082618,8.5e-05,8.5e-05,1.2483518903912825,0.014242824732677269,1.2372045713871525,1.260960734265244,1.213055403254326,1.2732820187801737
43,44,LL_Aqr_B,1.0334,0.0006,0.0006,0.9927,0.0008,0.0008,5839.0,45.0,45.0,1.03,0.03,0.03,0.05,0.08,0.08,4.4587,0.0008,0.0008,1.0564,0.0026,0.0026,,MS,G3,,Miller26,,,,,EB,40.744,0.007,True,True,5.244e-05,1.4e-07,1.4e-07,0.06649,5.7e-05,5.7e-05,0.8924726702069787,0.012961023073099254,0.8822811179241224,0.904990371513618,0.864820059662117,0.9132399171095196
44,45,V570_Per_A,1.4569,0.0094,0.01,1.543,0.012,0.009,6556.0,64.0,26.0,3.96,0.22,0.11,0.18,0.03,0.01,4.225,0.009,0.009,0.3966,0.0096,0.0075,,MS,F3,,Yucel26,,,,,EB,9.118,0.016,True,True,0.01477,0.00033,0.00033,0.4395,0.0032,0.0032,1.4634657175270518,0.020846702067094863,1.4419294981864366,1.4837377169764752,1.4251744476990393,1.5001088363941775
45,46,V570_Per_B,1.3579,0.0094,0.0089,1.377,0.013,0.015,6468.0,32.0,21.0,2.99,0.12,0.1,0.17,0.01,0.01,4.293,0.011,0.011,0.52,0.015,0.017,,MS,F5,,Yucel26,,,,,EB,9.118,0.016,True,True,0.01175,0.00037,0.00037,0.405,0.0043,0.0043,1.2993456185294225,0.017727519029616914,1.283557669949919,1.3160031672853576,1.2653864367470034,1.3321238587000783
48,49,BEPOP-3_A,1.084,0.026,0.026,1.386,0.01,0.01,6065.0,36.0,36.0,2.35,0.03,0.03,-0.02,0.1,0.1,4.1895,0.0041,0.0041,0.407,0.013,0.013,,MS,F9,,Maxted25,,,,,EB,26.0,0.16,True,True,0.0001921,6.1e-06,6.1e-06,0.1057,0.0011,0.0011,1.352990467143733,0.012917253049932674,1.341981628350739,1.3653014266906929,1.3299288529780533,1.386816873665382
49,50,BEPOP-3_B,0.262,0.004,0.004,0.274,0.002,0.002,3191.0,32.0,32.0,0.01,0.0,0.0,-0.02,0.1,0.1,4.979,0.0016,0.0016,12.74,0.34,0.34,,MS,M,,Maxted25,,,,,EB,26.0,0.16,True,True,1.324e-05,5.2e-07,5.2e-07,0.03974,0.00049,0.00049,4.857598739024903,17.774690904625363,0.39036728330225845,2.0610263594695035,0.09093744091566851,48.26686300732265
50,51,TIC189069314_A,1.126,0.069,0.069,1.439,0.047,0.047,6286.0,108.0,108.0,2.9,0.09,0.09,-0.32,0.03,0.03,4.17,0.01,0.01,0.378,0.044,0.044,,MS,,,MWang25,,,,,EB,14.49,0.01,True,True,0.00278,0.00033,0.00033,0.2528,0.0095,0.0095,1.3793256870504198,0.02712961465742209,1.3565962044222037,1.409257920231912,1.3271848724719708,1.429669973757968
51,52,TIC189069314_B,0.96,0.054,0.054,1.023,0.035,0.035,5739.0,117.0,117.0,1.01,0.04,0.04,-0.32,0.03,0.03,4.4,0.03,0.03,0.9,0.1,0.1,,MS,,,MWang25,,,,,EB,14.49,0.01,True,True,0.00129,0.00016,0.00016,0.1933,0.0076,0.0076,0.8845357768593256,0.06018440241757029,0.8441792703471023,0.9309598905706047,0.770099196830151,0.9996299204147051
52,53,TIC54759992_A,1.236,0.042,0.042,1.255,0.028,0.028,6733.0,126.0,126.0,2.9,0.09,0.09,-0.53,0.03,0.03,4.33,0.01,0.01,0.625,0.047,0.047,,MS,,,MWang25,,,,,EB,9.62,0.05,True,True,0.0062,0.00046,0.00046,0.3304,0.008,0.008,1.1729168292791308,0.03243527093929229,1.1432728208792848,1.2034837984167657,1.1223194439286561,1.2602948664863627
53,54,TIC54759992_B,1.03,0.011,0.011,0.98,0.035,0.035,5619.0,139.0,139.0,0.86,0.04,0.04,-0.53,0.03,0.03,4.48,0.03,0.03,1.09,0.12,0.12,,MS,,,MWang25,,,,,EB,9.62,0.05,True,True,0.00395,0.00044,0.00044,0.28,0.01,0.01,0.758550988676887,0.05235375136221146,0.7084825066518656,0.7983621940062227,0.672418085710678,0.8624202830069818
54,55,TIC46299496_A,1.123,0.028,0.028,1.13,0.018,0.018,6056.0,113.0,113.0,1.54,0.04,0.04,-0.56,0.03,0.03,4.38,0.01,0.01,0.778,0.042,0.042,,MS,,,MWang25,,,,,EB,11.99,0.01,True,True,0.00256,0.00014,0.00014,0.2451,0.0044,0.0044,0.931655238457887,0.02278570043741425,0.9134475911947968,0.9432397255456322,0.8926440354539348,0.9795876029249533
55,56,TIC46299496_B,1.053,0.026,0.026,1.02,0.04,0.04,5926.0,120.0,120.0,1.15,0.05,0.05,-0.56,0.03,0.03,4.44,0.02,0.02,0.99,0.12,0.12,,MS,,,MWang25,,,,,EB,11.99,0.01,True,True,0.00209,0.00025,0.00025,0.2279,0.0091,0.0091,0.8326633887706623,0.03051144266667378,0.8068747315915225,0.8637686458665105,0.7757425541455663,0.8961665676779591
56,57,TIC369605666_A,0.995,0.014,0.014,1.041,0.036,0.036,6116.0,108.0,108.0,1.36,0.05,0.05,-0.05,0.01,0.01,4.4,0.03,0.03,0.882,0.092,0.092,,MS,,,MWang25,,,,,EB,10.17,0.01,True,True,0.00299,0.00032,0.00032,0.2591,0.0092,0.0092,0.9891926647354564,0.031123636782062356,0.9644401372434493,1.0124842497742146,0.9231450290489823,1.0394694904654624
57,58,TIC369605666_B,0.827,0.024,0.024,0.789,0.044,0.044,5486.0,116.0,116.0,0.51,0.04,0.03,-0.05,0.01,0.01,4.56,0.05,0.05,1.68,0.29,0.29,,MS,,,MWang25,,,,,EB,10.17,0.01,True,True,0.00175,0.0003,0.0003,0.214,0.012,0.012,0.6905891506771434,0.31263142612056555,0.6213653667432467,0.8361732756273714,-0.3356929722950553,1.053693916678098
58,59,TIC431925451_A,1.426,0.079,0.079,1.488,0.09,0.09,6989.0,131.0,131.0,4.74,0.3,0.29,-0.2,0.02,0.02,4.25,0.05,0.05,0.433,0.082,0.082,,MS,,,MWang25,,,,,EB,14.19,0.01,True,True,0.00367,0.0007,0.0007,0.276,0.017,0.017,1.4155970249317669,0.09929314096883456,1.395082199614966,1.4663194531448789,1.3553954365500278,1.4971046494812872
59,60,TIC431925451_B,1.404,0.061,0.061,1.481,0.087,0.087,6614.0,145.0,145.0,3.82,0.24,0.23,-0.2,0.02,0.02,4.24,0.07,0.07,0.432,0.078,0.078,,MS,,,MWang25,,,,,EB,14.19,0.01,True,True,0.00371,0.00069,0.00069,0.276,0.017,0.017,1.3523603621595919,0.07934980259557775,1.3181998908886696,1.4015989264428401,1.1282895366919028,1.4662771924594356
60,61,TIC100520485_A,1.218,0.015,0.015,1.639,0.041,0.041,6090.0,127.0,127.0,3.31,0.1,0.1,-0.42,0.05,0.05,4.08,0.02,0.02,0.277,0.021,0.021,,MS,,,MWang25,,,,,EB,16.45,0.01,True,True,0.00276,0.00021,0.00021,0.2524,0.0064,0.0064,1.5120830027887826,0.0370469051372946,1.4830416857626054,1.542676980627705,1.433146383015065,1.5665307290889943
61,62,TIC100520485_B,1.015,0.015,0.015,1.14,0.044,0.044,6209.0,144.0,144.0,1.73,0.09,0.08,-0.42,0.05,0.05,4.33,0.03,0.03,0.685,0.08,0.08,,MS,,,MWang25,,,,,EB,16.45,0.01,True,True,0.00124,0.00015,0.00015,0.1908,0.0074,0.0074,1.059428782541563,0.02606846714974297,1.0370736775509675,1.085571952941461,1.0150674985545285,1.1044851075755702
62,63,TIC126323537_A,1.145,0.047,0.047,1.666,0.027,0.027,6787.0,133.0,133.0,5.28,0.14,0.13,-0.53,0.05,0.05,4.05,0.01,0.01,0.248,0.016,0.016,,MS,,,MWang25,,,,,EB,8.34,0.01,True,True,0.0256,0.0015,0.0015,0.527,0.01,0.01,1.7321149445225668,0.03257844072269653,1.7009727702903406,1.7633682481900204,1.673027300804609,1.8015923422037667
63,64,TIC126323537_B,1.141,0.016,0.016,1.481,0.049,0.049,6605.0,189.0,189.0,3.74,0.14,0.14,-0.53,0.05,0.05,4.15,0.02,0.02,0.351,0.035,0.035,,MS,,,MWang25,,,,,EB,8.34,0.01,True,True,0.0181,0.0019,0.0019,0.469,0.016,0.016,1.4631357321064682,0.04233509193516926,1.4233439019615803,1.4964975750354073,1.390799874137504,1.5412346209109884
64,65,TIC327361036_A,1.443,0.022,0.022,2.146,0.094,0.094,7553.0,126.0,126.0,12.45,0.59,0.56,0.08,0.04,0.04,3.93,0.04,0.04,0.146,0.019,0.019,,MS,,,MWang25,,,,,EB,19.1,0.27,True,True,0.00414,0.00058,0.00058,0.288,0.013,0.013,2.292965006307486,0.22091837905092865,2.079762877013714,2.504943861026598,1.957781166370654,2.6220677574015205
65,66,TIC327361036_B,1.272,0.021,0.021,1.19,0.063,0.063,7585.0,191.0,191.0,4.23,0.25,0.24,0.08,0.04,0.04,4.39,0.05,0.05,0.75,0.12,0.12,,MS,,,MWang25,,,,,EB,19.1,0.27,True,True,0.00086,0.00014,0.00014,0.1693,0.0093,0.0093,1.2673562652086092,0.38022539950389445,1.2019656050663667,1.3840475317330345,0.9050799146432511,1.6910503304747246
66,67,TIC446092483_A,1.342,0.019,0.019,2.194,0.069,0.069,6336.0,120.0,120.0,6.07,0.21,0.21,-0.25,0.01,0.01,3.88,0.03,0.03,0.127,0.012,0.012,,MS,,,MWang25,,,,,EB,26.92,0.05,True,True,0.00189,0.00018,0.00018,0.2202,0.007,0.007,2.1150524827966404,0.058687020695664796,2.054680335627229,2.1674975639987712,2.0209271453672724,2.2260516136704216
67,68,TIC446092483_B,1.486,0.028,0.028,1.459,0.077,0.077,6096.0,111.0,111.0,2.41,0.14,0.13,-0.25,0.01,0.01,4.28,0.04,0.04,0.478,0.076,0.076,,MS,,,MWang25,,,,,EB,26.92,0.05,True,True,0.000473,7.5e-05,7.5e-05,0.1398,0.0074,0.0074,1.1692218513979973,0.11416228987152739,1.1151535517140765,1.2232046334368671,1.0270389702467575,1.27429665923091
68,69,TIC39022841_A,0.856,0.048,0.048,0.929,0.059,0.059,5914.0,101.0,101.0,0.95,0.06,0.06,-0.19,0.03,0.03,4.44,0.02,0.02,1.07,0.21,0.21,,MS,,,MWang25,,,,,EB,21.59,0.19,True,True,0.000265,5.3e-05,5.3e-05,0.1146,0.0076,0.0076,0.8704367726571031,0.029842345794570773,0.8463920014838134,0.8964990704888163,0.8258938851149931,0.9139131480066998
69,70,TIC39022841_B,0.892,0.037,0.037,1.074,0.087,0.087,6071.0,102.0,102.0,1.41,0.12,0.11,-0.19,0.03,0.03,4.33,0.03,0.03,0.72,0.18,0.18,,MS,,,MWang25,,,,,EB,21.59,0.19,True,True,0.000384,9.6e-05,9.6e-05,0.13,0.011,0.011,1.0588244382153078,0.03796559176837428,1.0224235044095022,1.0881544201577633,1.0019665957263653,1.138205906154147
76,77,KIC11769146_A,1.001,0.007,0.007,0.968,0.002,0.002,5800.0,150.0,150.0,0.95,0.09,0.08,0.0,0.25,0.25,4.467,0.001,0.001,1.104,0.01,0.01,,MS,,,OzdarcanFeb25,,,,,EB,222.4,0.5,True,True,2.328e-07,2.8e-09,2.8e-09,0.011059,4.2e-05,4.2e-05,0.8667635935519049,0.02056529937940473,0.8473133096923241,0.8864635037073918,0.8271877966395565,0.9041986399607151
77,78,KIC11769146_B,0.846,0.006,0.006,0.785,0.002,0.002,5180.0,150.0,150.0,0.4,0.05,0.04,0.0,0.25,0.25,4.575,0.001,0.001,1.749,0.018,0.018,,MS,,,OzdarcanFeb25,,,,,EB,222.4,0.5,True,True,1.625e-07,2.1e-09,2.1e-09,0.009685,4e-05,4e-05,0.7183246918066901,0.0687772058478134,0.6733309242141378,0.7720570739246893,0.6101038581289765,0.8195337487561979
78,79,KIC8610483_A,0.92,0.02,0.02,1.461,0.01,0.01,5700.0,150.0,150.0,2.0,0.2,0.2,-0.25,0.25,0.25,4.07,0.004,0.004,0.295,0.0088,0.0088,,MS,,,OzdarcanFeb25,,,,,EB,68.7,0.4,True,True,3.1e-05,1.1e-06,1.1e-06,0.05612,0.00064,0.00064,1.4597041825665944,0.03393939015655665,1.4254269233657253,1.494015814698663,1.3927668413448708,1.5164034768852608
79,80,KIC8610483_B,0.92,0.02,0.02,1.329,0.009,0.009,5751.0,150.0,150.0,1.7,0.2,0.2,-0.25,0.25,0.25,4.153,0.004,0.004,0.392,0.012,0.012,,MS,,,OzdarcanFeb25,,,,,EB,68.7,0.4,True,True,2.333e-05,8.5e-07,8.5e-07,0.05105,0.00058,0.00058,1.2994793685955037,0.032022181994181796,1.272989251272587,1.3251707635874623,1.228081799042579,1.3686897234549134
80,81,KIC8868907_A,1.032,0.005,0.005,1.318,0.002,0.002,5800.0,150.0,150.0,1.8,0.2,0.2,0.0,0.25,0.25,4.2115,0.0009,0.0009,0.4507,0.003,0.003,,MS,,,OzdarcanFeb25,,,,,EB,148.6,0.2,True,True,1.757e-06,1.3e-08,1.3e-08,0.021801,5.3e-05,5.3e-05,1.2534012274041877,0.024629856270862494,1.2313123222993394,1.2731251002649835,1.200367693528266,1.29598060333845
81,83,KIC9948002_A,1.25,0.03,0.03,1.82,0.01,0.01,6100.0,150.0,150.0,4.2,0.4,0.4,0.0,0.25,0.25,4.015,0.004,0.004,0.2073,0.006,0.006,,MS,,,OzdarcanFeb25,,,,,EB,115.1,0.8,True,True,8.66e-06,2.9e-07,2.9e-07,0.03731,0.00039,0.00039,1.7789575017199337,0.03360423014623683,1.7490129566407748,1.8131239102786147,1.7287344149255712,1.8490284629228664
82,84,KIC9948002_B,0.75,0.01,0.01,0.707,0.005,0.005,4734.0,150.0,150.0,0.22,0.03,0.03,0.0,0.25,0.25,4.613,0.004,0.004,2.122,0.053,0.053,,MS,,,OzdarcanFeb25,,,,,EB,115.1,0.8,True,True,1.145e-06,4.4e-08,4.4e-08,0.0183,0.00022,0.00022,0.7626233031713949,0.31739601882667245,0.6060660781285269,0.8561572230317642,0.4522126910343266,1.4288842203015613
83,85,TIC17303250_A,0.714,0.004,0.004,0.768,0.004,0.004,5135.0,80.0,80.0,0.369,0.023,0.023,-0.04,0.15,0.15,4.38,0.28,0.28,1.576,0.026,0.026,,MS,K1,,Pan25,,,,,EB,17.46,0.03,True,True,0.0002688,4.7e-06,4.7e-06,0.11541,0.00067,0.00067,1.0377624536201164,3.3541664387513017,0.6808357148006142,1.1729976921480996,-4.645960544678535,6.000674898853783
84,86,TIC17303250_B,0.696,0.004,0.004,0.752,0.004,0.004,5070.0,135.0,135.0,0.337,0.036,0.036,-0.06,0.15,0.15,4.46,0.28,0.28,1.637,0.028,0.028,,MS,K2,,Pan25,,,,,EB,17.46,0.03,True,True,0.0002628,4.7e-06,4.7e-06,0.11433,0.00067,0.00067,1.200499073903744,3.296359927582789,0.5301642833547038,1.111305162785133,-1.4963947529954804,4.236396894889129
85,87,TIC196817076_A,0.989,0.001,0.001,0.788,0.005,0.005,5285.0,150.0,150.0,0.436,0.05,0.05,-0.05,0.15,0.15,4.28,0.27,0.27,2.021,0.039,0.039,,MS,K0,,Pan25,,,,,EB,30.15,0.15,True,True,4.96e-05,1.3e-06,1.3e-06,0.06609,0.00057,0.00057,0.8284142902517806,1.532155766866638,0.818354335030418,1.2003965339794496,-3.2611692467075546,3.307861641896557
86,88,TIC196817076_B,0.818,0.011,0.011,0.762,0.005,0.005,5200.0,155.0,155.0,0.382,0.046,0.046,0.02,0.13,0.13,4.14,0.39,0.39,1.849,0.044,0.044,,MS,K1,,Pan25,,,,,EB,30.15,0.15,True,True,6.07e-05,1.6e-06,1.6e-06,0.0697,0.00062,0.00062,1.2969588575747817,2.559763230593661,1.0251417794558004,1.5564317608804492,-0.13910044999651328,5.3206930559982855
87,89,TIC219488423_A,0.565,0.016,0.016,0.564,0.007,0.007,4870.0,90.0,90.0,0.161,0.013,0.013,-0.55,0.12,0.12,4.55,0.15,0.15,3.15,0.15,0.15,,MS,K3,,Pan25,,,,,EB,25.95,0.13,True,True,3.26e-05,1.7e-06,1.7e-06,0.05712,0.00093,0.00093,0.9275408762860338,2.773719752001609,0.4051693255569235,1.0138607202113126,-3.797107939449127,3.3976027786262657
88,90,TIC219488423_B,0.555,0.016,0.016,0.564,0.006,0.006,4680.0,120.0,120.0,0.137,0.014,0.014,-0.54,0.13,0.13,4.6,0.18,0.18,3.09,0.13,0.13,,MS,K4,,Pan25,,,,,EB,25.95,0.13,True,True,3.36e-05,1.6e-06,1.6e-06,0.05759,0.00086,0.00086,1.6813466653152613,7.496341827031872,0.5387615047012195,1.1336284016371376,-0.2692690827207994,2.9653207353250384
89,91,TIC252991035_A,0.736,0.009,0.009,0.741,0.005,0.005,5540.0,140.0,140.0,0.466,0.048,0.048,-0.21,0.15,0.15,4.3,0.13,0.13,1.809,0.043,0.043,,MS,G8,,Pan25,,,,,EB,17.54,0.06,True,True,0.0002398,6.4e-06,6.4e-06,0.11107,0.00095,0.00095,0.5987482275826397,5.888901857905351,0.4601964423714341,1.3731350375824847,-1.6816511349614007,4.148336281571561
90,92,TIC252991035_B,0.724,0.009,0.009,0.688,0.005,0.005,5370.0,130.0,130.0,0.355,0.035,0.035,-0.2,0.14,0.14,4.44,0.12,0.12,2.223,0.056,0.056,,MS,G9,,Pan25,,,,,EB,17.54,0.06,True,True,0.0001971,5.5e-06,5.5e-06,0.10391,0.00093,0.00093,0.7986049699149231,1.5812102270890296,0.3134730698789207,1.111221922904406,-0.6852998765853622,4.068670042456415
91,93,TIC344753509_A,0.743,0.005,0.005,0.729,0.006,0.006,5520.0,120.0,120.0,0.445,0.039,0.039,-0.11,0.12,0.12,4.39,0.09,0.09,1.918,0.049,0.049,,MS,G8,,Pan25,,,,,EB,18.49,0.04,True,True,0.0001975,5.3e-06,5.3e-06,0.10405,0.00091,0.00091,0.0857859475963103,8.30955950916732,0.5977206979643792,1.1777036413016642,-1.7381201363531942,5.2088461634435
92,94,TIC344753509_B,0.743,0.005,0.005,0.756,0.005,0.005,5175.0,155.0,155.0,0.369,0.045,0.045,-0.1,0.1,0.1,4.49,0.12,0.12,1.72,0.036,0.036,,MS,K2,,Pan25,,,,,EB,18.49,0.04,True,True,0.0002203,4.9e-06,4.9e-06,0.1079,0.00079,0.00079,-0.4655066193143904,8.589040874571335,0.44828446288650686,1.1677239852421262,-8.529032271932145,3.7209940722443005
93,95,TIC72696540_A,1.267,0.011,0.011,2.365,0.043,0.043,5965.0,120.0,120.0,6.38,0.56,0.56,0.04,0.1,0.1,4.21,0.12,0.12,0.0958,0.0053,0.0053,,Subgiant,F9,,Pan25,,,,,EB,23.07,0.05,True,True,0.0035,0.0002,0.0002,0.2712,0.005,0.005,1.4196232937729476,1.4455193326574318,1.3176293868398667,1.7947859305869265,-1.3847308030687446,3.193606010873444
94,96,TIC72696540_B,1.281,0.011,0.011,2.517,0.035,0.035,5230.0,150.0,150.0,4.27,0.5,0.5,0.03,0.13,0.13,3.9,0.4,0.4,0.0803,0.0034,0.0034,,Subgiant,K0,,Pan25,,,,,EB,23.07,0.05,True,True,0.00415,0.00018,0.00018,0.2872,0.0041,0.0041,1.9992675562179465,1.5009390951086385,1.6110447038645976,1.973888013287555,0.16834797225089457,5.98583757164935
111,113,KIC6147573_A,0.98,0.01,0.01,1.007,0.005,0.005,5699.0,100.0,100.0,0.95,0.12,0.1,-0.003,0.031,0.031,4.422,0.003,0.003,0.96,0.017,0.017,,MS,G3,,Ozdarcan24,,,,,EB,46.0,0.2,True,True,3.381e-05,7.7e-07,7.7e-07,0.05777,0.00043,0.00043,0.8965265270545701,0.018214732657592495,0.8809112241662675,0.9100413892855075,0.8687207622021733,0.9278645584820273
113,115,KIC8543278_A,0.827,0.007,0.007,0.746,0.004,0.004,5270.0,90.0,90.0,0.39,0.05,0.04,-0.166,0.028,0.028,4.611,0.004,0.004,1.992,0.036,0.036,,MS,K0,,Ozdarcan24,,,,,EB,18.64,0.05,True,True,0.0001812,3.7e-06,3.7e-06,0.10172,0.00068,0.00068,0.6821159472920524,0.04954081655827488,0.6361957429812354,0.7218703065616617,0.5971690976457804,0.7788139521449329
115,117,KIC9762519_A,0.92,0.02,0.02,0.916,0.008,0.008,5750.0,90.0,90.0,0.83,0.1,0.09,-0.447,0.028,0.028,4.48,0.005,0.005,1.197,0.041,0.041,,MS,G7,,Ozdarcan24,,,,,EB,18.9,0.1,True,True,0.000294,1.2e-05,1.2e-05,0.1199,0.0015,0.0015,0.7714530128285385,0.020333545718768282,0.7502154820864825,0.7893770694030849,0.7396142780522496,0.807475387042266
169,171,KIC4932691_A,1.597,0.024,0.024,1.75,0.01,0.01,7580.0,450.0,450.0,9.12,0.77,0.71,-0.4937,0.0108,0.0108,4.155,0.003,0.003,0.298,0.0068,0.0068,,MS,,,CakirliApr25,,,,,EB,43.0,0.21,True,True,0.0002138,6.2e-06,6.2e-06,0.10691,0.00098,0.00098,3.4364287001912857,10.72909662388508,1.4387731096038796,2.012455199000961,0.43868950577690746,6.698738712217735
170,172,KIC4932691_B,1.565,0.027,0.027,1.652,0.009,0.009,6935.0,1200.0,1200.0,7.21,1.05,0.92,-0.4937,0.0108,0.0108,4.196,0.004,0.004,0.3471,0.0082,0.0082,,MS,,,CakirliApr25,,,,,EB,43.0,0.21,True,True,0.0001858,5.3e-06,5.3e-06,0.10186,0.00092,0.00092,-8.651080676844632,98.51471835361244,1.0580250451075508,1.6391811551683273,-3.509520871986495,11.846074057477608
197,199,HAT-TR-318-007_A,0.448,0.011,0.011,0.4548,0.0035,0.0036,3190.0,110.0,110.0,0.02,0.0,0.0,0.298,0.08,0.08,4.774,0.0056,0.0058,4.76,0.16,0.16,,MS,"M3,71+/-0,69",,Hartman18,,,,,EB,8.436,0.06,True,True,0.000346,1.3e-05,1.3e-05,0.1275,0.0016,0.0016,0.7870609914257565,14.40283328843826,0.3916095063562975,1.366600353064131,-27.13918324875494,4.310196348386226
198,200,HAT-TR-318-007_B,0.2721,0.0041,0.0042,0.2913,0.0023,0.0024,3100.0,110.0,110.0,0.01,0.0,0.0,0.298,0.08,0.08,4.9442,0.0038,0.0039,11.01,0.31,0.32,,MS,"M5,01+/-0,73",,Hartman18,,,,,EB,8.436,0.06,True,True,0.0002013,8.2e-06,8.2e-06,0.1026,0.0013,0.0013,0.5385634021692551,7.040343551155737,0.3908874051807383,1.5705930543884188,-7.93804024333394,6.643993155553889
199,201,"PTFEB132,707+19,810_A",0.3953,0.002,0.002,0.363,0.008,0.008,3260.0,70.0,70.0,0.01,0.0,0.0,0.14,0.04,0.04,4.92,0.02,0.02,8.26,0.55,0.55,,MS,"M3,5±0,2",,Kraus17,,,,,EB,11.77,0.01,True,True,5.91e-05,3.9e-06,3.9e-06,0.0709,0.0016,0.0016,0.8436986763079897,1.7310095980436222,0.2821170814922604,1.4584935770032277,-3.6319391404040218,6.4972024775928245
200,202,"PTFEB132,707+19,810_B",0.2098,0.0014,0.0014,0.272,0.012,0.012,3120.0,80.0,80.0,0.01,0.0,0.0,0.14,0.04,0.04,4.89,0.04,0.04,10.4,1.4,1.4,,MS,"M4,3±0,7",,Kraus17,,,,,EB,11.77,0.01,True,True,6.79e-05,9e-06,9e-06,0.071,0.0031,0.0031,-0.08398982835050661,7.363094054718496,0.33912904815598827,1.586899045229596,-7.311140086154402,2.8141224617498213
207,211,HD24465_A,1.337,0.008,0.008,1.444,0.004,0.004,6250.0,100.0,100.0,2.87,0.18,0.18,0.3,0.15,0.15,4.245,0.0036,0.0036,0.444,0.0045,0.0045,,MS,F8,,MartinDec24,,,,,EB,18.3,0.04,True,True,0.0005348,5.9e-06,5.9e-06,0.14789,0.00055,0.00055,1.3602734573929398,0.024327276081096992,1.3355739844015835,1.3838870730740267,1.3248089497672777,1.403712237926372
208,212,HD24465_B,0.2302,0.00092,0.00092,0.24235,0.00069,0.00069,3114.0,32.0,32.0,0.00498,0.00021,0.00021,0.3,0.15,0.15,5.029,0.007,0.007,16.17,0.15,0.15,,MS,M,,MartinDec24,,,,,EB,18.3,0.04,True,True,3.628e-05,4.6e-07,4.6e-07,0.05484,0.00023,0.00023,1.8554250889814505,8.031475526753555,0.3721073719925908,1.8256971807213236,-3.401882232187357,19.27363025030984
209,213,CU_Cnc_A,0.4358,0.0008,0.0008,0.4317,0.0052,0.0052,3160.0,150.0,150.0,0.02,0.0,0.0,0.2,0.2,0.2,4.804,0.011,0.011,5.42,0.2,0.2,,MS,M,,Hahlin24,,,,,EB,7.8,0.007,True,True,0.00051,1.9e-05,1.9e-05,0.1432,0.0017,0.0017,1.3133110601758444,11.951727121372514,0.38530924338816125,1.4343295821302702,-2.1626579583802297,3.655974211331248
210,214,CU_Cnc_B,0.3998,0.0014,0.0014,0.3908,0.0094,0.0094,3125.0,150.0,150.0,0.01,0.0,0.0,0.2,0.2,0.2,4.854,0.021,0.021,6.7,0.48,0.48,,MS,M,,Hahlin24,,,,,EB,7.8,0.007,True,True,0.000435,3.1e-05,3.1e-05,0.1349,0.0032,0.0032,2.008995731791024,10.938905457716817,0.4763291289961412,1.401846391121336,-5.005258736146418,10.009424563907043
216,223,HD22064_A,1.345,0.031,0.031,1.554,0.014,0.014,6763.0,40.0,40.0,4.55,0.06,0.06,-0.1812,0.0058,0.0058,4.184,0.006,0.006,0.358,0.013,0.013,,MS,F2,,Maxted23,,,,,EB,22.9,0.7,True,True,0.000546,5.3e-05,5.3e-05,0.1495,0.0048,0.0048,1.5185303596951711,0.03155451723163566,1.4913686008596958,1.5412908071570561,1.4605890863132522,1.5823082480062836
217,224,HD22064_B,0.576,0.01,0.01,0.595,0.008,0.008,3700.0,315.0,315.0,0.07,0.0,0.0,-0.1812,0.0058,0.0058,4.65,0.01,0.01,2.73,0.12,0.12,,MS,M,,Maxted23,,,,,EB,22.9,0.7,True,True,0.000117,1.2e-05,1.2e-05,0.0842,0.0029,0.0029,2.0766607140145714,13.681527339632607,0.5186909809579572,0.9974261419478381,-0.41749730762308085,4.169764810358223
277,284,KIC7037405_A,1.17,0.02,0.02,14.0,0.093,0.093,4500.0,80.0,80.0,72.4,5.2,5.2,-0.27,0.1,0.1,2.2131,0.0067,0.0067,0.000426,1.1e-05,1.1e-05,,BL,,,Brogaard18,,,,,EB,193.8,0.89,True,True,0.001165,3.4e-05,3.4e-05,0.1884,0.0017,0.0017,-4.271069652647946,68.38651770819187,1.149093967175052,4.615326685629258,-2.302164955123859,13.624916920473211
278,285,KIC7037405_B,1.11,0.011,0.011,1.746,0.014,0.014,6094.0,138.0,148.0,3.79,0.35,0.37,-0.27,0.1,0.1,3.999,0.0071,0.0071,0.2085,0.0054,0.0054,,MS,,,Brogaard18,,,,,EB,193.8,0.89,True,True,2.459e-06,7.9e-08,7.9e-08,0.02407,0.00025,0.00025,1.7379916959714428,0.0371664080099936,1.7072344296794748,1.7723641690230472,1.6610811843517697,1.8008193177515035
279,286,KIC9540226_A,1.378,0.038,0.038,13.06,0.16,0.16,4680.0,80.0,80.0,73.7,5.4,5.4,-0.23,0.1,0.1,2.345,0.1,0.1,0.000619,2.8e-05,2.8e-05,,RGB,,,Brogaard18,,,,,EB,176.0,1.3,True,True,0.001029,5e-05,5e-05,0.1824,0.0029,0.0029,2.857880659845457,4.531745436214292,1.3279000498865938,3.9647558791457835,0.14506621900506841,4.835991968798883
280,287,KIC9540226_B,1.002,0.015,0.015,1.014,0.014,0.014,6157.0,131.0,131.0,1.33,0.12,0.12,-0.23,0.1,0.1,4.427,0.1,0.1,0.961,0.042,0.042,,MS,,,Brogaard18,,,,,EB,176.0,1.3,True,True,8.01e-07,4.3e-08,4.3e-08,0.01638,0.00028,0.00028,2.061032927608854,5.313034229217249,0.8729486075249752,1.3442222684071528,0.2976134051065079,16.239130120323793
283,290,KIC8430105_A,1.254,0.014,0.014,7.475,0.032,0.03,4990.0,80.0,80.0,31.2,2.0,2.0,-0.46,0.1,0.1,2.7892,0.0032,0.0034,0.003002,5.1e-05,4.9e-05,,RGB,,,Thomsen22,,,,,EB,85.18,0.26,True,True,0.001566,2.8e-05,2.8e-05,0.2105,0.0012,0.0012,1.8699917644905626,10.61946143548422,1.7905445900432575,3.910947441144836,-0.07783824092770021,4.551226826977116
284,291,KIC8430105_B,0.8134,0.005,0.005,0.7494,0.0042,0.0039,5655.0,80.0,80.0,0.517,0.03,0.03,-0.46,0.1,0.1,4.599,0.0037,0.0041,1.933,0.035,0.032,,MS,,,Thomsen22,,,,,EB,85.18,0.26,True,True,3.146e-06,6.8e-08,6.8e-08,0.02572,0.00018,0.00018,0.6864441470725835,0.04411372858821914,0.6473619083085778,0.7255030951684802,0.6144486772955955,0.7904106134227037
285,292,KIC8552540_A,1.153,0.036,0.036,1.41,0.022,0.022,6060.0,200.0,200.0,2.4,0.33,0.33,0.038,0.009,0.009,4.202,0.012,0.012,0.411,0.023,0.023,,MS,F9,,Helminiak19,,,,,EB,5.619,0.054,True,False,0.044,0.0028,0.0028,0.635,0.013,0.013,1.354205805941441,0.023211970649592732,1.3315041361340185,1.3725378220104056,1.31967267612514,1.4110105094871714
289,296,KIC9641031_A,1.2102,0.0076,0.0076,1.244,0.0023,0.0023,6260.0,120.0,120.0,2.14,0.18,0.17,-0.437,0.012,0.012,4.331,0.016,0.016,0.6286,0.0053,0.0053,,MS,,,Helminiak19,,,,,EB,9.145,0.016,True,True,0.006724,6.4e-05,6.4e-05,0.3401,0.001,0.001,1.0701507396075203,0.020363283533560927,1.0519134006802235,1.0877856767587968,1.0338077538254349,1.1025887598572046
290,297,KIC9641031_B,0.9512,0.0039,0.0039,0.9,0.024,0.024,5490.0,240.0,240.0,0.66,0.13,0.11,-0.437,0.012,0.012,4.508,0.023,0.023,1.3,0.1,0.1,,MS,,,Helminiak19,,,,,EB,9.145,0.016,True,True,0.00374,0.0003,0.0003,0.2747,0.0074,0.0074,0.7166449479011593,0.06672947412606019,0.6922054529704958,0.7534388094897199,0.6041512310863306,0.8002951881024544
291,298,KIC10191056_Aa,1.564,0.012,0.012,1.976,0.022,0.022,6584.3,155.3,155.3,6.61,0.64,0.64,0.122,0.007,0.007,4.041,0.009,0.009,0.2027,0.0069,0.0069,,MS,,,Helminiak19,,,,,EB,10.938,0.033,True,True,0.01753,0.00064,0.00064,0.4659,0.0056,0.0056,1.9153005806390844,0.041403804527624495,1.8759189142290253,1.9571488279363374,1.8380217484061616,1.9920886927630506
292,299,KIC10191056_Ab,1.413,0.016,0.016,1.659,0.03,0.03,6584.3,155.3,155.3,4.66,0.47,0.47,0.122,0.007,0.007,4.149,0.016,0.016,0.309,0.017,0.017,,MS,,,Helminiak19,,,,,EB,10.938,0.033,True,True,0.01221,0.00069,0.00069,0.4097,0.0076,0.0076,1.6214088498904922,0.028173376710957578,1.5985705022928218,1.650371115843453,1.5770334822598484,1.6704526188324402
293,300,KIC10583181_A,1.559,0.036,0.036,1.882,0.014,0.014,6730.0,140.0,140.0,6.67,0.57,0.57,-0.23,0.007,0.007,4.082,0.005,0.005,0.2339,0.0075,0.0075,,MS,,,Helminiak19,,,,,EB,11.095,0.075,True,True,0.0109,0.0004,0.0004,0.4024,0.0047,0.0047,1.7538126697436063,0.03528462871591871,1.7289553051499635,1.7885330117522804,1.673506174430828,1.818227853307642
294,301,KIC10583181_B,0.96,0.016,0.016,0.98,0.01,0.01,5754.7,127.2,127.2,0.949,0.086,0.086,-0.23,0.007,0.007,4.438,0.007,0.007,1.02,0.036,0.036,,MS,,,Helminiak19,,,,,EB,11.095,0.075,True,True,0.00333,0.00015,0.00015,0.2615,0.0037,0.0037,0.8457467477071742,0.022489139093633134,0.82490147337428,0.8672629661014324,0.8000400515919708,0.8815519626357881
295,302,KIC10987439_A,0.9862,0.0034,0.0034,0.932,0.015,0.015,6477.8,161.7,161.7,1.38,0.14,0.14,-0.158,0.012,0.012,4.493,0.014,0.014,1.218,0.059,0.059,,MS,,,Helminiak19,,,,,EB,27.352,0.029,True,True,0.0001725,8.4e-06,8.4e-06,0.098,0.0016,0.0016,0.935558918156611,0.029409343434317173,0.9074362284869892,0.9617125473275892,0.8760945354008115,0.9915553173784616
296,303,KIC10987439_B,1.4215,0.0045,0.0045,1.512,0.031,0.031,6490.0,90.0,90.0,3.55,0.25,0.25,-0.158,0.012,0.012,4.232,0.018,0.018,0.411,0.025,0.025,,MS,,,Helminiak19,,,,,EB,27.352,0.029,True,True,0.000411,2.5e-05,2.5e-05,0.1345,0.0028,0.0028,1.3635038200900562,0.02221309123628841,1.3416188792509705,1.3856363200226507,1.3293303436839001,1.4116748482561579
297,304,KIC11922782_A,1.067,0.01,0.01,1.501,0.057,0.057,5990.0,110.0,110.0,2.61,0.27,0.27,-0.223,0.012,0.012,4.114,0.033,0.033,0.316,0.036,0.036,,MS,,,Helminiak19,,,,,EB,12.056,0.034,True,True,0.00514,0.00059,0.00059,0.311,0.012,0.012,1.4346448724151368,0.04890853059207614,1.381214926584722,1.4820519468816085,1.3400945136339484,1.5193080828937764
298,305,KIC11922782_B,0.836,0.006,0.006,0.849,0.063,0.063,5862.8,122.6,122.6,0.77,0.13,0.13,-0.223,0.012,0.012,4.503,0.064,0.064,1.37,0.3,0.3,,MS,,,Helminiak19,,,,,EB,12.056,0.034,True,True,0.00137,0.00031,0.00031,0.197,0.015,0.015,0.7709724833779072,0.47944283714016794,0.6923837668714656,0.9405891714865584,0.19828316044243488,1.3906310094809704
7274,7281,KIC5359678_A,1.32,0.06,0.06,1.52,0.04,0.04,6500.0,50.0,50.0,3.72,0.56,0.49,-0.104,0.046,0.046,4.2,0.079,0.079,0.376,0.034,0.034,,MS,F,,Xiong23,,,,,EB,19.19,0.16,True,True,0.00141,0.00013,0.00013,0.2014,0.0059,0.0059,1.4528166117839203,0.10767430390590042,1.4019421576414808,1.5245442682345245,1.2204221680114795,1.6465974585453176
7275,7282,KIC5359678_B,1.12,0.0,0.0,1.05,0.05,0.05,5980.0,22.0,22.0,1.27,0.31,0.25,-0.104,0.046,0.046,4.544,0.07,0.07,0.97,0.14,0.14,,MS,F,,Xiong23,,,,,EB,19.19,0.16,True,True,0.000603,9e-05,9e-05,0.15,0.0074,0.0074,0.9123503924479112,0.6567525538788178,0.759395838527537,0.8959525836532478,0.5925926697915597,1.3367028614410497
7276,7283,KIC8301013_A,1.29,0.02,0.02,1.45,0.01,0.01,6144.0,100.0,100.0,2.7,0.44,0.38,-0.019,0.035,0.035,4.22,0.01,0.01,0.423,0.011,0.011,,MS,F,,Xiong23,,,,,EB,15.2,0.1,True,True,0.00249,0.00012,0.00012,0.2434,0.0035,0.0035,1.3273285860066453,0.026844755869644552,1.2998579487203752,1.350745185790409,1.27456247670377,1.3843928780497115
7277,7284,KIC8301013_B,1.11,0.05,0.05,1.2,0.01,0.01,5966.0,97.0,97.0,1.64,0.27,0.24,-0.019,0.035,0.035,4.33,0.02,0.02,0.642,0.033,0.033,,MS,F,,Xiong23,,,,,EB,15.2,0.1,True,True,0.001792,9.1e-05,9.1e-05,0.2157,0.0033,0.0033,1.084135745094267,0.025174093864277998,1.0580172688797422,1.1085950648820218,1.04337418965966,1.1337004198993244
7278,7285,KIC5444392_A,1.208,0.003,0.003,1.482,0.106,0.106,6012.74,23.74,23.74,2.59,1.02,0.73,0.142,0.014,0.014,4.105,0.022,0.022,0.371,0.08,0.08,,MS,,,Xiong23,,,,,EB,7.55,0.1,True,False,0.0256,0.0056,0.0056,0.525,0.038,0.038,1.5683039090626567,0.03524018198172714,1.5445564552271238,1.5993980043962608,1.5080311822468575,1.6334910980580275
7279,7286,KIC5444392_B,1.281,0.003,0.003,1.905,0.083,0.083,5767.75,21.55,21.55,3.62,0.81,0.66,0.142,0.014,0.014,3.985,0.051,0.051,0.185,0.024,0.024,,MS,,,Xiong23,,,,,EB,7.55,0.1,True,False,0.0494,0.0068,0.0068,0.657,0.03,0.03,1.7685131692855767,0.14070703297651535,1.6781106925707832,1.851309230112701,1.606158719615171,1.9841601076796365
7280,7287,EPIC201637354_A,1.065,0.031,0.031,1.24,0.101,0.101,5940.85,32.41,32.41,1.73,0.79,0.54,-0.303,0.031,0.031,4.157,0.053,0.053,0.56,0.14,0.14,,MS,,,Xiong23,,,,,EB,12.14,0.085,True,False,0.00334,0.00083,0.00083,0.267,0.022,0.022,1.3405367146242635,0.1359196967802015,1.2539707377898017,1.397581894711889,1.1677667472420437,1.6838557925710087
7281,7288,EPIC201637354_B,1.027,0.031,0.031,2.824,0.266,0.266,4482.1,131.76,131.76,2.9,1.94,1.16,-0.303,0.031,0.031,3.547,0.08,0.08,0.046,0.013,0.013,,MS,,,Xiong23,,,,,EB,12.14,0.085,True,False,0.042,0.012,0.012,0.619,0.059,0.059,1.9725923879868277,15.023403192552355,1.9099362222169867,2.3724188213673174,0.7988401267989409,4.62679745615829
7282,7295,EPIC211396167_A,0.746,0.011,0.011,0.661,0.083,0.083,4697.68,43.23,43.23,0.19,0.15,0.08,-0.224,0.17,0.17,4.13,0.2,0.2,2.58,0.97,0.97,,MS,,,Xiong23,,,,,EB,13.036,0.045,True,True,0.00042,0.00016,0.00016,0.134,0.017,0.017,0.841407489391294,2.3369058824923545,0.8852621266860099,1.318134509530361,-8.412546717429278,2.022559820345856
7283,7296,EPIC211396167_B,0.756,0.011,0.011,0.873,0.173,0.173,4658.78,123.6,123.6,0.32,0.51,0.2,-0.224,0.17,0.17,4.434,0.26,0.26,1.14,0.68,0.68,,MS,,,Xiong23,,,,,EB,13.036,0.045,True,True,0.00096,0.00057,0.00057,0.176,0.035,0.035,21.05395503854477,179.3788209724017,0.6230945847877813,1.2663384406893754,-2.4501455037347544,5.025539539251539
7284,7297,EPIC211563123_A,1.148,0.009,0.009,2.081,0.105,0.105,5971.97,10.79,10.79,4.97,1.3,1.03,-0.234,0.01,0.01,3.8,0.04,0.04,0.127,0.019,0.019,,MS,,,Xiong23,,,,,EB,37.217,0.069,True,True,0.000567,8.6e-05,8.6e-05,0.1478,0.0075,0.0075,2.1802116751875844,0.06473561992766541,2.114057264211509,2.2412658078765375,2.064866684648098,2.3042304918729877
7285,7298,EPIC211563123_B,1.157,0.009,0.009,2.15,0.161,0.161,5665.94,84.29,84.29,4.3,1.93,1.33,-0.234,0.01,0.01,3.836,0.078,0.078,0.116,0.026,0.026,,MS,,,Xiong23,,,,,EB,37.217,0.069,True,True,0.00062,0.00014,0.00014,0.152,0.011,0.011,2.010924591840409,0.8788926020696145,1.7949951674442992,2.229809878363296,0.7286012623835558,3.5477903583338324
7286,7301,EPIC211902535_A,1.922,0.064,0.064,2.097,0.252,0.252,5808.92,21.47,21.47,4.52,3.35,1.92,0.1,0.02,0.02,3.935,0.035,0.035,0.208,0.075,0.075,,MS,,,Xiong23,,,,,EB,31.41,0.22,True,True,0.00115,0.00042,0.00042,0.185,0.022,0.022,1.9568108250079004,0.07073434390776846,1.8985133321347314,2.031721128717732,1.8126564330207047,2.0986088542300854
7287,7302,EPIC211902535_B,2.398,0.064,0.064,2.792,0.214,0.214,5950.8,152.67,152.67,8.81,4.65,3.04,0.1,0.02,0.02,3.926,0.098,0.098,0.11,0.026,0.026,,MS,,,Xiong23,,,,,EB,31.41,0.22,True,True,0.0019,0.00044,0.00044,0.223,0.017,0.017,2.235530962735801,1.30527634103089,1.9306820063586636,2.403816018438793,1.5439166828969395,4.9339574954610965
7288,7305,NSVS_6318847_A,1.079,0.026,0.026,1.324,0.031,0.031,6005.93,25.97,25.97,2.06,0.25,0.22,-0.14,0.024,0.024,4.223,0.043,0.043,0.465,0.035,0.035,,MS,,,Xiong23,,,,,EB,4.893,0.031,True,False,0.054,0.0042,0.0042,0.681,0.017,0.017,1.2483998570694346,0.06478615328613298,1.2183056691194827,1.2860116788515512,1.1688972149417869,1.3429782112158384
7289,7306,NSVS_6318847_B,0.871,0.026,0.026,0.921,0.061,0.061,5139.65,43.58,43.58,0.53,0.2,0.14,-0.14,0.024,0.024,4.449,0.087,0.087,1.11,0.22,0.22,,MS,,,Xiong23,,,,,EB,4.893,0.031,True,False,0.0256,0.0052,0.0052,0.522,0.035,0.035,0.502111059277714,6.7185585482958885,0.6864708609558643,1.0281983845151093,-5.280662406573467,6.26722679574098
7290,7307,UCAC4_473-001351_A,1.105,0.023,0.023,1.46,0.186,0.186,5897.59,25.76,25.76,2.32,1.86,1.03,0.079,0.024,0.024,4.173,0.043,0.043,0.36,0.14,0.14,,MS,,,Xiong23,,,,,EB,25.18,0.13,True,True,0.00055,0.00021,0.00021,0.147,0.019,0.019,1.375896195646966,0.07785831316262673,1.3419268677814278,1.4294991712867844,1.1352496577795927,1.470711670968219
7291,7308,UCAC4_473-001351_B,0.932,0.023,0.023,1.882,0.239,0.239,6119.73,295.09,295.09,4.48,4.86,2.33,0.079,0.024,0.024,3.857,0.126,0.126,0.14,0.053,0.053,,MS,,,Xiong23,,,,,EB,25.18,0.13,True,True,0.00155,0.00059,0.00059,0.205,0.026,0.026,-8.112683938025384,90.78863405552545,1.918328119418779,2.4068796846144798,-0.9801356839868575,3.979375586694539
7292,7309,EPIC220398184_A,0.444,0.011,0.011,0.517,0.026,0.026,3631.17,89.92,89.92,0.04,0.02,0.01,-0.498,0.107,0.107,4.656,0.149,0.149,3.21,0.49,0.49,,MS,,,Xiong23,,,,,EB,7.803,0.046,True,True,0.00092,0.00014,0.00014,0.1739,0.0089,0.0089,-0.0696762679589957,7.701830149914125,0.4980393068053695,1.2546994204017854,-0.7987172143884456,3.021731834796042
7293,7310,EPIC220398184_B,0.433,0.011,0.011,0.488,0.041,0.041,3637.21,19.92,19.92,0.04,0.02,0.01,-0.498,0.107,0.107,4.687,0.11,0.11,3.73,0.94,0.94,,MS,,,Xiong23,,,,,EB,7.803,0.046,True,True,0.0008,0.0002,0.0002,0.166,0.014,0.014,0.8597765510583869,10.647068346266307,0.5312444330836323,1.2210829955015021,-4.4421543039889055,4.381575559660268
7294,7311,TYC_18-662-1_A,0.959,0.014,0.014,1.694,0.009,0.009,5562.42,22.66,22.66,2.48,0.11,0.11,0.045,0.019,0.019,3.987,0.036,0.036,0.1973,0.0043,0.0043,,MS,,,Xiong23,,,,,EB,9.27,0.03,True,False,0.02146,0.00053,0.00053,0.4944,0.0038,0.0038,1.6391933240981398,0.043146519826399554,1.6047142617845906,1.675079366170463,1.5663659404521375,1.7298307126828816
7295,7312,TYC_18-662-1_B,1.068,0.014,0.014,2.997,0.057,0.057,3874.73,16.86,16.86,1.82,0.19,0.17,0.045,0.019,0.019,3.513,0.015,0.015,0.0397,0.0023,0.0023,,MS,,,Xiong23,,,,,EB,9.27,0.03,True,False,0.1,0.006,0.006,0.833,0.016,0.016,2.2426786021651473,1.6260741517764496,1.8643090241336695,2.484788769291111,1.3728606527894012,3.2209301088220963
7296,7313,"ASASSN-V_J010440,99+051109,8_A",0.811,0.002,0.002,0.737,0.071,0.071,5212.25,31.08,31.08,0.36,0.2,0.13,-0.074,0.029,0.029,4.658,0.051,0.051,2.03,0.59,0.59,,MS,,,Xiong23,,,,,EB,19.17,0.011,True,True,0.00019,5.5e-05,5.5e-05,0.1025,0.0099,0.0099,0.7203403431478683,0.4600562334833788,0.6087092844006032,0.8277908644862377,-0.2829666944989503,1.4166916896254844
7297,7314,"ASASSN-V_J010440,99+051109,8_B",0.847,0.002,0.002,1.082,0.059,0.059,4881.07,55.75,55.75,0.6,0.19,0.14,-0.074,0.029,0.029,4.297,0.068,0.068,0.67,0.11,0.11,,MS,,,Xiong23,,,,,EB,19.17,0.011,True,True,0.00056,9.2e-05,9.2e-05,0.1475,0.008,0.008,1.9779300913935685,5.795859078108021,0.7843106417237363,1.1533882384152772,-0.1625751939591694,17.43583600903898
7298,7317,TYC_3700-1036-1_A,1.989,0.026,0.026,3.908,0.436,0.436,7326.09,20.39,20.39,39.63,26.59,15.91,0.177,0.019,0.019,3.832,0.034,0.034,0.033,0.011,0.011,,MS,,,Xiong23,,,,,EB,18.544,0.056,True,False,0.031,0.01,0.01,0.562,0.063,0.063,1.8766234152358074,0.6511938396679045,1.2167846807943212,2.5671558193669672,0.5827061808384127,2.7293487265181002
7299,7318,TYC_3700-1036-1_B,2.078,0.026,0.026,3.156,0.417,0.417,7191.09,227.7,227.7,23.99,23.11,11.77,0.177,0.019,0.019,3.757,0.151,0.151,0.066,0.026,0.026,,MS,,,Xiong23,,,,,EB,18.544,0.056,True,False,0.0153,0.0061,0.0061,0.445,0.059,0.059,2.675509993019928,2.990555315314013,1.9701148791257777,2.684924532295301,1.604323929178266,3.554497715392027
7300,7319,V*_NW_Cam_A,1.141,0.009,0.009,2.128,0.027,0.027,6851.09,74.75,74.75,8.99,1.1,0.98,0.047,0.072,0.072,3.859,0.123,0.123,0.1184,0.0046,0.0046,,MS,,,Xiong23,,,,,EB,5.971,0.012,False,False,0.134,0.0053,0.0053,0.918,0.012,0.012,2.2334914593353323,1.6658071940263202,2.271822357918175,2.4713158955746057,0.9563882972624035,2.8211118887173092
7301,7320,V*_NW_Cam_B,1.025,0.009,0.009,1.649,0.051,0.051,6795.18,24.87,24.87,5.22,0.83,0.72,0.047,0.072,0.072,4.014,0.034,0.034,0.229,0.021,0.021,,MS,,,Xiong23,,,,,EB,5.971,0.012,False,False,0.074,0.0069,0.0069,0.747,0.023,0.023,1.942477755407181,0.06202791568434904,1.8843435006476665,1.985241077320153,1.8342120937646822,2.0612888021815863
7302,7321,"ZTF_J034350,31+515137,1_A",1.061,0.043,0.043,1.487,0.154,0.154,5901.86,73.94,73.94,2.42,1.53,0.94,0.026,0.055,0.055,4.323,0.093,0.093,0.32,0.1,0.1,,MS,,,Xiong23,,,,,EB,9.015,0.094,True,True,0.0126,0.004,0.004,0.419,0.044,0.044,0.9143255985316978,3.8070319818580836,0.8376739229448125,1.5306581922229048,-5.507630477765746,6.5601672297572255
7303,7322,"ZTF_J034350,31+515137,1_B",0.893,0.043,0.043,1.721,0.292,0.292,5284.07,132.16,132.16,2.08,2.62,1.16,0.026,0.055,0.055,3.917,0.171,0.171,0.175,0.09,0.09,,MS,,,Xiong23,,,,,EB,9.015,0.094,True,True,0.026,0.013,0.013,0.524,0.089,0.089,1.4604028468108177,0.730413113988233,1.2112413033357055,1.768986524208893,-0.3202009238437148,2.818166525751891
7304,7323,UCAC4_576-009710_A,1.265,0.009,0.009,1.131,0.161,0.161,6164.53,14.12,14.12,1.67,1.55,0.8,-0.087,0.013,0.013,4.272,0.023,0.023,0.87,0.37,0.37,,MS,,,Xiong23,,,,,EB,11.81,0.02,True,True,0.0028,0.0012,0.0012,0.251,0.036,0.036,1.2009603175366625,0.020022609692204256,1.1822986311750652,1.218936279105078,1.1622914020382127,1.239444030020011
7305,7324,UCAC4_576-009710_B,1.233,0.009,0.009,2.0,0.139,0.139,5132.08,274.89,274.89,2.5,2.0,1.11,-0.087,0.013,0.013,3.924,0.077,0.077,0.154,0.032,0.032,,MS,,,Xiong23,,,,,EB,11.81,0.02,True,True,0.016,0.0033,0.0033,0.45,0.031,0.031,0.5690490666125873,8.3762991219574,1.5263261984525256,1.8699598007277212,-0.5845349422612044,2.2052869132759017
7306,7325,V*_NO_Per_A,3.348,0.092,0.092,3.986,0.322,0.322,14293.94,500.0,500.0,598.41,381.08,232.82,0.0,0.0,0.0,3.76,0.1,0.1,0.053,0.013,0.013,,MS,,,Xiong23,,,,,EB,24.31,0.18,True,True,0.0117,0.0029,0.0029,0.409,0.033,0.033,4.4221609364329755,14.44964764610711,1.4154448544004228,2.963496034593044,0.16877301871138076,6.294041629243649
7307,7326,V*_NO_Per_B,2.601,0.092,0.092,2.158,0.618,0.618,12168.73,1095.0,1095.0,92.04,344.47,72.64,0.0,0.0,0.0,4.184,0.443,0.443,0.26,0.22,0.22,,MS,,,Xiong23,,,,,EB,24.31,0.18,True,True,0.0028,0.0024,0.0024,0.248,0.071,0.071,1.6609531154091275,0.8937309213008474,1.0822243639006648,2.367847685759738,-0.6333430937712088,2.975281929869561
7308,7327,V*_V1250_Tau_A,1.238,0.004,0.004,1.914,0.092,0.092,6512.94,20.18,20.18,5.94,1.49,1.19,0.021,0.019,0.019,4.064,0.033,0.033,0.177,0.025,0.025,,MS,,,Xiong23,,,,,EB,9.16,0.007,True,False,0.0294,0.0042,0.0042,0.551,0.027,0.027,1.8236993395762036,0.04536727211444368,1.7795967072423178,1.8661529150039038,1.7448301611540362,1.9275617617628684
7309,7328,V*_V1250_Tau_B,1.238,0.004,0.004,1.659,0.119,0.119,6503.42,111.53,111.53,4.44,1.96,1.36,0.021,0.019,0.019,4.09,0.088,0.088,0.271,0.058,0.058,,MS,,,Xiong23,,,,,EB,9.16,0.007,True,False,0.0191,0.0041,0.0041,0.478,0.034,0.034,1.7911063901388211,0.6224747515504845,1.5972852374262942,1.8762464081734997,1.1329718054460352,2.1895551689624733
7310,7329,UCAC4_571-012856_A,2.061,0.013,0.013,3.631,0.159,0.159,8053.73,69.2,69.2,50.0,12.08,9.73,-0.108,0.038,0.038,3.907,0.058,0.058,0.0431,0.0057,0.0057,,MS,,,Xiong23,,,,,EB,15.97,0.027,True,False,0.0309,0.0041,0.0041,0.566,0.025,0.025,1.9655614222835276,1.2304009077524014,1.3238483623040889,2.5250760400630425,0.7019875051039909,4.805565812819733
7311,7330,UCAC4_571-012856_B,1.587,0.013,0.013,1.814,0.101,0.101,7234.18,90.6,90.6,8.13,2.64,1.99,-0.108,0.038,0.038,4.121,0.073,0.073,0.266,0.044,0.044,,MS,,,Xiong23,,,,,EB,15.97,0.027,True,False,0.00585,0.00098,0.00098,0.319,0.018,0.018,1.7738848066112751,0.17102502778469042,1.680576678247193,1.8712468203595936,1.5949764359327032,2.03560507762276
7312,7331,HD285001_A,1.324,0.016,0.016,2.399,0.078,0.078,6692.25,14.63,14.63,10.4,1.71,1.47,-0.108,0.013,0.013,3.998,0.024,0.024,0.0959,0.0094,0.0094,,MS,,,Xiong23,,,,,EB,14.957,0.039,True,True,0.0153,0.0015,0.0015,0.441,0.014,0.014,2.014616199816051,0.05096609031131363,1.9718349495137304,2.0566559959071276,1.9236225173191535,2.1405227631930743
7313,7332,HD285001_B,1.573,0.016,0.016,1.699,0.202,0.202,6300.44,79.4,79.4,4.1,3.08,1.76,-0.108,0.013,0.013,4.174,0.162,0.162,0.32,0.11,0.11,,MS,,,Xiong23,,,,,EB,14.957,0.039,True,True,0.0041,0.0015,0.0015,0.288,0.034,0.034,1.6359959361514789,2.944004497596773,1.3730813776534507,1.6156551845195917,0.47196002255093894,2.063288609683008
7314,7333,UCAC4_586-021001_A,7.904,0.081,0.081,3.015,0.347,0.347,23496.27,500.0,500.0,2500.35,1900.0,1080.0,0.244,0.0,0.0,4.028,0.1,0.1,0.288,0.1,0.1,,MS,,,Xiong23,,,,,EB,27.92,0.076,True,True,0.0033,0.0012,0.0012,0.269,0.031,0.031,1.7717621884681165,1.1793105056989357,0.9346729724149603,2.8350263347745064,-0.8483491588290066,3.169543018327393
7315,7334,UCAC4_586-021001_B,6.154,0.081,0.081,4.085,0.246,0.246,25690.12,957.88,957.88,6550.0,3640.0,2340.0,0.244,0.0,0.0,4.004,0.103,0.103,0.09,0.016,0.016,,MS,,,Xiong23,,,,,EB,27.92,0.076,True,True,0.0124,0.0022,0.0022,0.409,0.025,0.025,1.1495674976031556,3.737564103702407,0.6203103052330144,2.6396217103273734,-4.297514144679144,2.991943988906659
7316,7335,UCAC4_570-022931_A,1.271,0.04,0.04,2.225,0.151,0.151,6436.53,24.81,24.81,7.66,2.84,2.07,0.063,0.023,0.023,4.05,0.041,0.041,0.115,0.024,0.024,,MS,,,Xiong23,,,,,EB,15.9,0.12,True,True,0.0083,0.0017,0.0017,0.363,0.025,0.025,1.8666336160227464,0.055055364517591354,1.8204968411893911,1.9233015153264421,1.7524022972886022,1.9617241539423564
7317,7336,UCAC4_570-022931_B,1.174,0.04,0.04,0.934,0.204,0.204,6672.47,227.47,227.47,1.56,2.92,1.02,0.063,0.023,0.023,4.566,0.344,0.344,1.44,0.95,0.95,,MS,,,Xiong23,,,,,EB,15.9,0.12,True,True,0.0007,0.00046,0.00046,0.158,0.035,0.035,1.5210637449949584,3.0885958130929576,0.6765168647990826,1.537982314926821,-1.624282332740597,11.85416067873142
7318,7337,V*_MW_Aur_A,1.412,0.11,0.11,2.279,0.426,0.426,7007.88,68.71,68.71,11.3,15.56,6.54,-0.039,0.036,0.036,4.016,0.057,0.057,0.119,0.068,0.068,,MS,,,Xiong23,,,,,EB,35.85,0.71,True,True,0.00074,0.00042,0.00042,0.162,0.031,0.031,1.9678320063251984,0.0706854211601008,1.8960214189449929,2.02123762428888,1.8654108061569001,2.1234702435914143
7319,7338,V*_MW_Aur_B,1.215,0.11,0.11,1.475,0.403,0.403,6804.39,384.03,384.03,4.21,12.2,3.13,-0.039,0.036,0.036,4.185,0.343,0.343,0.38,0.31,0.31,,MS,,,Xiong23,,,,,EB,35.85,0.71,True,True,0.00025,0.00021,0.00021,0.112,0.031,0.031,-4.078994859787141,42.11550048223549,1.2379337928833005,1.8722448817825568,-13.25173839024083,3.248408385312574
7320,7339,"ZTF_J060237,37+224648,8_A",1.534,0.015,0.015,1.722,0.092,0.092,7236.39,23.76,23.76,7.33,2.07,1.61,-0.134,0.022,0.022,4.014,0.039,0.039,0.3,0.048,0.048,,MS,,,Xiong23,,,,,EB,8.028,0.02,True,False,0.028,0.0045,0.0045,0.546,0.029,0.029,1.9904085071457005,0.06996024153476695,1.9178590233189576,2.0518714931079396,1.8711001300558938,2.1459789894634524
7321,7340,"ZTF_J060237,37+224648,8_B",1.305,0.015,0.015,0.996,0.111,0.111,6634.1,210.19,210.19,1.73,1.39,0.77,-0.134,0.022,0.022,4.556,0.18,0.18,1.32,0.44,0.44,,MS,,,Xiong23,,,,,EB,8.028,0.02,True,False,0.007,0.0023,0.0023,0.34,0.038,0.038,0.871890094452926,2.0892329660017714,0.792405703709673,1.2752325705720697,-1.1229105862973863,4.331916766801672
7322,7341,V*_LO_Gem_A,1.589,0.007,0.007,2.312,0.174,0.174,6474.07,13.87,13.87,8.47,3.52,2.49,0.083,0.012,0.012,3.974,0.023,0.023,0.129,0.029,0.029,,MS,,,Xiong23,,,,,EB,10.544,0.011,True,False,0.0333,0.0075,0.0075,0.576,0.043,0.043,2.065814900673449,0.05039220162473741,2.014024498747479,2.0991829969571407,1.9598367346400127,2.1659046760589713
7323,7342,V*_LO_Gem_B,1.552,0.007,0.007,1.515,0.236,0.236,5769.75,113.98,113.98,2.29,2.51,1.2,0.083,0.012,0.012,4.267,0.223,0.223,0.45,0.21,0.21,,MS,,,Xiong23,,,,,EB,10.544,0.011,True,False,0.0097,0.0046,0.0046,0.381,0.059,0.059,1.309385896325295,0.5221707095535159,1.0583651476570213,1.4926681380208497,0.33684004209997864,2.0882587623193114
7324,7343,TYC_1325-1849-1_A,3.019,0.004,0.004,4.782,0.34,0.34,11289.0,500.0,500.0,334.97,229.97,136.36,-0.275,0.0,0.0,4.28,0.1,0.1,0.0276,0.0059,0.0059,,MS,,,Xiong23,,,,,EB,41.144,0.012,True,True,0.0055,0.0012,0.0012,0.313,0.022,0.022,4.238195141604288,27.255589667986854,1.128430812586967,2.1863384891854403,-0.4732268362466183,3.4344919225573127
7325,7344,TYC_1325-1849-1_B,3.311,0.004,0.004,6.434,0.641,0.641,12765.3,693.58,693.58,990.83,963.51,488.49,-0.275,0.0,0.0,3.341,0.101,0.101,0.0124,0.0037,0.0037,,MS,,,Xiong23,,,,,EB,41.144,0.012,True,True,0.0115,0.0034,0.0034,0.404,0.04,0.04,2.2422311329387505,1.5550752098832494,1.2333717169922724,3.2875515734608762,-2.899875858446725,4.394736991371801
7326,7345,UCAC4_624-030041_A,0.614,0.003,0.003,0.573,0.016,0.016,3824.03,67.43,67.43,0.06,0.01,0.01,-0.196,0.044,0.044,4.508,0.07,0.07,3.26,0.27,0.27,,MS,,,Xiong23,,,,,EB,4.073,0.0039,True,False,0.00915,0.00077,0.00077,0.373,0.01,0.01,-2.745733080739013,29.67721930018267,0.5211791062681465,1.0424097185838093,-7.732807267740151,1.9077379138962212
7327,7346,UCAC4_624-030041_B,0.629,0.002,0.002,0.971,0.017,0.017,3674.99,18.27,18.27,0.15,0.01,0.01,-0.196,0.044,0.044,4.262,0.02,0.02,0.687,0.036,0.036,,MS,,,Xiong23,,,,,EB,4.073,0.0039,True,False,0.0428,0.0023,0.0023,0.626,0.011,0.011,-3.082988192245526,36.06221136217058,0.6850147491562619,1.1601818567536024,-1.9701497277458744,3.1552190984400057
7328,7347,LS_V_+23_42_A,3.261,0.014,0.014,2.621,0.078,0.078,13658.64,500.0,500.0,215.77,94.68,65.81,-0.971,0.0,0.0,3.88,0.1,0.1,0.181,0.016,0.016,,MS,,,Xiong23,,,,,EB,11.777,0.013,True,False,0.0303,0.0027,0.0027,0.561,0.017,0.017,5.322103611029041,26.95627064702821,1.1375981694150181,2.5648329053557344,-0.022648734326087314,9.924381321547349
7329,7348,LS_V_+23_42_B,2.667,0.014,0.014,2.299,0.102,0.102,13684.85,317.81,317.81,167.11,57.28,42.66,-0.971,0.0,0.0,4.14,0.067,0.067,0.219,0.029,0.029,,MS,,,Xiong23,,,,,EB,11.777,0.013,True,False,0.0282,0.0038,0.0038,0.54,0.024,0.024,-0.22306782559872124,20.593842374198562,1.178241981929808,2.297773292247203,-1.8368214123321733,3.192356146273588
7330,7349,UCAC4_550-027392_A,6.407,0.039,0.039,3.662,0.136,0.136,18240.68,500.0,500.0,1339.68,475.84,351.12,0.172,0.0,0.0,3.804,0.1,0.1,0.13,0.015,0.015,,MS,,,Xiong23,,,,,EB,16.262,0.027,True,False,0.0289,0.0032,0.0032,0.554,0.021,0.021,2.1095512079069403,4.388069891467567,1.4550470447259432,3.0271585095248548,0.4089378113909002,4.356640601737748
7331,7350,UCAC4_550-027392_B,4.678,0.039,0.039,2.059,0.215,0.215,17151.0,835.72,835.72,330.37,307.89,159.37,0.172,0.0,0.0,4.48,0.222,0.222,0.54,0.17,0.17,,MS,,,Xiong23,,,,,EB,16.262,0.027,True,False,0.0085,0.0027,0.0027,0.36,0.038,0.038,1.6036094958698208,6.355614679176706,1.003172405105131,2.784255353906051,-2.1600719312080003,5.490719929775164
7332,7351,UCAC4_545-027987_A,2.036,0.065,0.065,2.788,0.097,0.097,9644.6,81.42,81.42,60.67,11.77,9.86,0.07,0.036,0.036,3.685,0.027,0.027,0.094,0.01,0.01,,MS,,,Xiong23,,,,,EB,13.54,0.1,True,False,0.0284,0.0032,0.0032,0.545,0.02,0.02,0.5183954279394493,14.719971846085041,1.140324337589137,3.114664730379649,-2.3344652277179376,8.063529689813157
7333,7352,UCAC4_545-027987_B,2.058,0.065,0.065,0.789,0.033,0.033,8919.18,276.57,276.57,3.55,1.46,1.04,0.07,0.036,0.036,4.957,0.048,0.048,4.19,0.54,0.54,,MS,,,Xiong23,,,,,EB,13.54,0.1,True,False,0.000632,8.4e-05,8.4e-05,0.1534,0.0067,0.0067,1.6652466625597762,13.491707726798495,0.544548891674581,2.1912822954644433,-1.1025555133220326,14.204163256997145
7334,7353,V*_TV_Mon_A,2.024,0.04,0.04,2.357,0.187,0.187,7530.58,135.53,135.53,16.11,7.94,5.32,0.244,0.126,0.126,4.103,0.21,0.21,0.155,0.037,0.037,,MS,,,Xiong23,,,,,EB,14.27,0.12,True,False,0.0041,0.001,0.001,0.287,0.024,0.024,1.7944524621628382,0.8317337986163317,1.4348030226013346,2.5172066655027483,-0.04944709162683777,2.875065056623791
7335,7354,V*_TV_Mon_B,0.21,0.04,0.04,2.869,0.151,0.151,5022.67,106.95,106.95,4.72,1.72,1.26,0.244,0.126,0.126,2.844,0.015,0.015,0.0089,0.0022,0.0022,,MS,,,Xiong23,,,,,EB,14.27,0.12,True,False,0.207,0.051,0.051,0.962,0.074,0.074,3.239840296706795,1.5942535833711762,2.7744255214697717,3.8331379289603436,1.67418020602391,4.030421021783157
7336,7355,TYC_1332-131-1_A,1.2,0.014,0.014,2.412,0.21,0.21,6082.8,7.88,7.88,7.18,3.54,2.37,-0.078,0.006,0.006,3.992,0.011,0.011,0.086,0.022,0.022,,MS,,,Xiong23,,,,,EB,12.375,0.033,True,True,0.0256,0.0067,0.0067,0.525,0.046,0.046,1.8824669395278497,0.034634935938541646,1.8446262856487503,1.9127258402231164,1.8245545759873802,1.9551241947593598
7337,7356,TYC_1332-131-1_B,1.309,0.014,0.014,1.551,0.159,0.159,6017.11,128.33,128.33,2.84,1.9,1.14,-0.078,0.006,0.006,4.173,0.133,0.133,0.35,0.11,0.11,,MS,,,Xiong23,,,,,EB,12.375,0.033,True,True,0.0059,0.0018,0.0018,0.324,0.033,0.033,-2.9658956922189685,39.468401880169125,1.2047815220299065,1.8399583584619916,-0.8247582199135258,3.422471660486593
7338,7357,"ASASSN-V_J063123,82+192341,9_A",1.583,0.057,0.057,1.724,0.048,0.048,6418.18,51.45,51.45,4.55,0.72,0.62,-0.258,0.037,0.037,4.185,0.062,0.062,0.309,0.028,0.028,,MS,,,Xiong23,,,,,EB,6.75,0.075,True,False,0.0336,0.0035,0.0035,0.588,0.02,0.02,1.4525302017626671,0.07308444080126936,1.4058115812952647,1.5079654100145754,1.3221108481970207,1.6160484662359629
7339,7358,"ASASSN-V_J063123,82+192341,9_B",0.842,0.057,0.057,1.337,0.068,0.068,5227.08,56.71,56.71,1.2,0.35,0.27,-0.258,0.037,0.037,4.111,0.038,0.038,0.352,0.059,0.059,,MS,,,Xiong23,,,,,EB,6.75,0.075,True,False,0.0427,0.0073,0.0073,0.608,0.034,0.034,1.2237886514991212,0.08158696772375036,1.1630750319859071,1.2910708758198324,1.0721638951775896,1.3804689236594192
7340,7359,UCAC4_555-031577_A,1.151,0.04,0.04,1.572,0.144,0.144,6546.17,39.09,39.09,4.09,2.17,1.42,-0.384,0.027,0.027,4.124,0.044,0.044,0.296,0.082,0.082,,MS,,,Xiong23,,,,,EB,11.46,0.11,True,True,0.0066,0.0018,0.0018,0.338,0.031,0.031,1.5588691734485658,0.061375718525803744,1.5034551629214747,1.6141611280263213,1.432313867141284,1.6781732178445778
7341,7360,UCAC4_555-031577_B,0.85,0.04,0.04,1.132,0.11,0.11,5736.81,52.19,52.19,1.25,0.72,0.46,-0.384,0.027,0.027,4.259,0.114,0.114,0.59,0.17,0.17,,MS,,,Xiong23,,,,,EB,11.46,0.11,True,True,0.004,0.0012,0.0012,0.28,0.028,0.028,-0.5208273254056824,15.048616449210167,0.8028040044382669,1.3360277524436002,-4.718780532009705,3.870044395036423
7342,7361,"ASASSN-V_J064057,24+213910,5_A",1.657,0.023,0.023,1.681,0.058,0.058,8477.5,7.25,7.25,13.15,2.26,1.93,-0.604,0.01,0.01,4.05,0.02,0.02,0.349,0.036,0.036,,MS,,,Xiong23,,,,,EB,10.915,0.034,True,True,0.0124,0.0013,0.0013,0.413,0.014,0.014,1.7969844031613325,1.1571508664569483,1.3788910718005816,2.2242941651702717,0.011326491147784924,3.526545435084372
7343,7362,"ASASSN-V_J064057,24+213910,5_B",1.775,0.023,0.023,0.933,0.089,0.089,8718.72,416.29,416.29,4.54,3.91,2.1,-0.604,0.01,0.01,4.747,0.184,0.184,2.19,0.63,0.63,,MS,,,Xiong23,,,,,EB,10.915,0.034,True,True,0.00191,0.00055,0.00055,0.222,0.021,0.021,3.395909785696664,16.02553645879738,0.6814491531588233,2.062517894105167,-0.6259998367100853,9.760029344753706
7344,7363,"ZTF_J064726,39+223431,6_A",1.407,0.011,0.011,1.501,0.05,0.05,6193.17,39.2,39.2,2.99,0.53,0.45,-0.25,0.11,0.11,4.09,0.08,0.08,0.416,0.042,0.042,,MS,,,Xiong23,,,,,EB,6.616,0.013,True,False,0.0335,0.0034,0.0034,0.579,0.019,0.019,1.346441384742251,1.8066810402704054,1.4404480966781366,1.617845296244992,1.2785487065186807,2.080516708594623
7345,7364,"ZTF_J064726,39+223431,6_B",1.214,0.011,0.011,0.868,0.027,0.027,5654.33,57.49,57.49,0.7,0.13,0.11,-0.25,0.11,0.11,4.644,0.05,0.05,1.86,0.17,0.17,,MS,,,Xiong23,,,,,EB,6.616,0.013,True,False,0.0082,0.00077,0.00077,0.358,0.011,0.011,0.5899390766145366,1.093609147589915,0.6531395158968148,0.7802738721232916,0.40849362512664716,1.0530559372109456
7346,7369,LINEAR_6147366_A,0.623,0.013,0.013,0.584,0.064,0.064,4598.76,78.49,78.49,0.14,0.1,0.06,-0.558,0.057,0.057,3.927,0.097,0.097,3.1,1.0,1.0,,MS,,,Xiong23,,,,,EB,2.71,0.013,True,False,0.032,0.011,0.011,0.569,0.063,0.063,4.570111726832545,47.52429783706033,0.9648314984414413,1.4578117248868068,-7.134944452241862,3.6690454231094267
7347,7370,LINEAR_6147366_B,0.624,0.013,0.013,0.756,0.04,0.04,4190.45,78.81,78.81,0.16,0.06,0.04,-0.558,0.057,0.057,4.475,0.066,0.066,1.44,0.23,0.23,,MS,,,Xiong23,,,,,EB,2.71,0.013,True,False,0.07,0.011,0.011,0.736,0.039,0.039,2.2013889324904348,10.688694007615641,0.5041654297341778,0.9144359089717937,-2.0717915865681134,9.792689907272848
7348,7371,LINEAR_23079661_A,0.568,0.011,0.011,0.76,0.074,0.074,3772.83,66.75,66.75,0.11,0.06,0.04,-0.2,0.0,0.0,4.823,0.11,0.11,1.29,0.38,0.38,,MS,,,Xiong23,,,,,EB,7.873,0.039,True,True,0.00258,0.00076,0.00076,0.246,0.024,0.024,-2.9585719752125033,31.524312721566965,0.6061623083396003,1.2523954364111958,-4.288877810644594,4.9665546746659786
7349,7372,LINEAR_23079661_B,0.489,0.011,0.011,0.713,0.158,0.158,3742.5,114.96,114.96,0.09,0.17,0.06,-0.2,0.0,0.0,4.421,0.259,0.259,1.35,0.9,0.9,,MS,,,Xiong23,,,,,EB,7.873,0.039,True,True,0.0027,0.0018,0.0018,0.247,0.055,0.055,1.029267034931955,1.5305103361592893,0.6202815600100501,1.2718438214595453,-0.6042085775566177,2.02650470098357
7350,7373,UCAC4_637-047265_A,0.669,0.004,0.004,0.727,0.029,0.029,4536.85,73.08,73.08,0.2,0.05,0.04,-0.276,0.07,0.07,4.519,0.12,0.12,1.74,0.21,0.21,,MS,,,Xiong23,,,,,EB,2.9793,0.0043,True,False,0.0459,0.0055,0.0055,0.64,0.026,0.026,-0.8706102270944056,16.964820824530438,0.585835772792959,1.1501871567826796,-3.875766924194804,2.8078136571181678
7351,7374,UCAC4_637-047265_B,0.652,0.004,0.004,0.449,0.033,0.033,4255.39,140.6,140.6,0.06,0.03,0.02,-0.276,0.07,0.07,4.946,0.125,0.125,7.2,1.6,1.6,,MS,,,Xiong23,,,,,EB,2.9793,0.0043,True,False,0.0113,0.0025,0.0025,0.4,0.029,0.029,-0.38623890239328335,8.33851597266509,0.49947886007604486,1.3420901775686378,-10.135268949628362,3.7282584794285953
7352,7375,"ASASSN-V_J172607,12+564531,5_A",1.069,0.04,0.04,1.272,0.241,0.241,5845.57,42.64,42.64,1.7,2.38,0.99,-0.114,0.041,0.041,4.366,0.07,0.07,0.52,0.3,0.3,,MS,,,Xiong23,,,,,EB,14.41,0.13,True,True,0.0021,0.0012,0.0012,0.23,0.044,0.044,0.6102274203681578,3.068931502363778,0.8896759633653804,1.080722764637853,-0.11845689824861302,1.6091641313863774
7353,7376,"ASASSN-V_J172607,12+564531,5_B",1.017,0.04,0.04,1.452,0.246,0.246,6131.13,282.37,282.37,2.69,3.85,1.58,-0.114,0.041,0.041,4.121,0.199,0.199,0.33,0.17,0.17,,MS,,,Xiong23,,,,,EB,14.41,0.13,True,True,0.0034,0.0018,0.0018,0.269,0.046,0.046,3.264532503304514,12.64064145732106,1.3476895257928045,1.8000207762494758,0.8735443984919119,11.859850243534567
7354,7379,UCAC4_625-128029_A,1.187,0.007,0.007,1.825,0.149,0.149,6016.9,32.34,32.34,3.94,1.82,1.24,-0.105,0.02,0.02,4.239,0.03,0.03,0.195,0.048,0.048,,MS,,,Xiong23,,,,,EB,19.905,0.03,True,True,0.00215,0.00053,0.00053,0.232,0.019,0.019,1.2822881761202398,0.031908432471991474,1.2479619412198917,1.3124747156671204,1.2265193151933973,1.343629943038747
7355,7380,UCAC4_625-128029_B,0.986,0.007,0.007,1.905,0.247,0.247,5495.31,43.96,43.96,2.99,2.46,1.35,-0.105,0.02,0.02,3.872,0.132,0.132,0.143,0.055,0.055,,MS,,,Xiong23,,,,,EB,19.905,0.03,True,True,0.0033,0.0013,0.0013,0.264,0.034,0.034,1.5423865825075915,2.2010684405633336,1.4963283585569551,1.9901557419512055,0.8817637672159676,3.110478384254585
7356,7381,V*_V714_And_A,1.617,0.103,0.103,2.459,0.046,0.046,6227.49,10.93,10.93,8.2,0.75,0.69,0.168,0.01,0.01,4.078,0.018,0.018,0.1088,0.0092,0.0092,,MS,,,Xiong23,,,,,EB,18.13,0.3,True,True,0.00696,0.00075,0.00075,0.343,0.011,0.011,1.840485902316749,0.04427631046971177,1.7964781633122853,1.8828089842308342,1.7629968389654032,1.9299036934162395
7357,7382,V*_V714_And_B,1.344,0.103,0.103,1.717,0.026,0.026,6396.25,36.37,36.37,4.45,0.41,0.37,0.168,0.01,0.01,4.096,0.057,0.057,0.266,0.024,0.024,,MS,,,Xiong23,,,,,EB,18.13,0.3,True,True,0.00318,0.00034,0.00034,0.2609,0.0085,0.0085,1.7224455648642056,0.059720874765344795,1.6747875294267225,1.7740028683841433,1.6098174567264154,1.820734300155692
7358,7383,UCAC4_662-053425_A,0.702,0.005,0.005,0.865,0.128,0.128,4632.54,53.85,53.85,0.31,0.31,0.15,-0.097,0.04,0.04,4.297,0.068,0.068,1.08,0.48,0.48,,MS,,,Xiong23,,,,,EB,4.4945,0.0074,True,False,0.024,0.01,0.01,0.512,0.076,0.076,1.0202633118029039,1.5479315723334721,0.7988720050992556,1.097179924160669,-1.1493685066634098,2.4456407806842932
7359,7384,UCAC4_662-053425_B,0.725,0.005,0.005,0.968,0.072,0.072,4604.01,140.35,140.35,0.38,0.21,0.14,-0.097,0.04,0.04,4.326,0.091,0.091,0.8,0.18,0.18,,MS,,,Xiong23,,,,,EB,4.4945,0.0074,True,False,0.0314,0.007,0.007,0.564,0.042,0.042,2.862889841300585,13.661234669846438,0.7660389719353015,1.2227526068792245,-2.7763520561055484,23.438362964766647
7360,7385,UCAC4_665-061158_A,0.712,0.007,0.007,0.817,0.057,0.057,4747.23,73.64,73.64,0.31,0.13,0.09,-0.208,0.058,0.058,4.401,0.095,0.095,1.31,0.27,0.27,,MS,,,Xiong23,,,,,EB,5.554,0.014,True,True,0.0086,0.0018,0.0018,0.369,0.026,0.026,-0.47411966844883385,11.202369873692378,0.5325899505240724,1.0860313585031292,-5.846282388728605,2.6974778445140775
7361,7386,UCAC4_665-061158_B,0.566,0.007,0.007,0.719,0.116,0.116,3579.6,119.26,119.26,0.08,0.09,0.04,-0.208,0.058,0.058,4.477,0.202,0.202,1.52,0.74,0.74,,MS,,,Xiong23,,,,,EB,5.554,0.014,True,True,0.0084,0.0041,0.0041,0.36,0.058,0.058,2.410123444938361,13.579524258102262,0.6616366881213644,1.3242130067663507,-8.726962464198628,5.434306575457029
7362,7389,V*_V644_Aur_A,1.017,0.012,0.012,1.495,0.052,0.052,6510.0,10.0,10.0,3.62,0.63,0.54,-0.26,0.0,0.0,4.15,0.0,0.0,0.304,0.032,0.032,,MS,,,Xiong23,,,,,EB,4.557,0.012,True,False,0.118,0.012,0.012,0.875,0.031,0.031,1.506496753843382,0.03297063650883555,1.4729303658228359,1.535460791612777,1.4389696076897347,1.5756068675509927
7363,7390,V*_V644_Aur_B,1.067,0.012,0.012,0.729,0.057,0.057,6450.22,102.21,102.21,0.83,0.39,0.27,-0.26,0.0,0.0,4.74,0.133,0.133,2.75,0.65,0.65,,MS,,,Xiong23,,,,,EB,4.557,0.012,True,False,0.0127,0.003,0.003,0.418,0.033,0.033,0.2634141142389753,5.31555398813246,0.501580881687286,1.0955356117875268,-1.8100237930637433,3.791302902404248
7364,7391,"ZTF_J022141,06+584544,6_A",0.65,0.018,0.018,1.41,0.293,0.293,5790.44,50.01,50.01,2.01,3.25,1.24,-0.47,0.033,0.033,3.715,0.053,0.053,0.23,0.14,0.14,,MS,,,Xiong23,,,,,EB,6.05,0.042,True,False,0.038,0.023,0.023,0.6,0.12,0.12,2.125749939097802,0.14821684012894518,2.006401392060754,2.260270464761415,1.7851341562283025,2.357248574036497
7365,7392,"ZTF_J022141,06+584544,6_B",0.585,0.018,0.018,0.822,0.315,0.315,4947.58,244.21,244.21,0.36,1.89,0.31,-0.47,0.033,0.033,4.374,0.457,0.457,1.1,1.2,1.2,,MS,,,Xiong23,,,,,EB,6.05,0.042,True,False,0.009,0.01,0.01,0.37,0.14,0.14,1.156147471528685,1.231155663636252,0.7321026473119303,1.3716170913092232,0.2054650528743803,3.5815951667171286
7366,7393,"ZTF_J063215,09+034952,0_A",1.822,0.022,0.022,3.555,0.138,0.138,7867.34,179.46,179.46,43.65,13.89,10.54,-0.112,0.168,0.168,3.938,0.284,0.284,0.0406,0.0047,0.0047,,MS,,,Xiong23,,,,,EB,11.251,0.032,True,False,0.101,0.012,0.012,0.832,0.033,0.033,1.6386657515924217,7.0939392001409205,1.1055968794987006,2.6414485665387186,0.28812507899624495,7.036351896689616
7367,7394,"ZTF_J063215,09+034952,0_B",1.802,0.022,0.022,1.476,0.065,0.065,7441.63,337.48,337.48,6.03,3.57,2.24,-0.112,0.168,0.168,4.335,0.067,0.067,0.56,0.074,0.074,,MS,,,Xiong23,,,,,EB,11.251,0.032,True,False,0.00734,0.00098,0.00098,0.347,0.015,0.015,1.7711300571235635,2.809987716174781,1.2147547754976358,1.691013008567976,0.07657582499313477,3.8184000859642744
7368,7395,"ZTF_J130159,39+540458,5_A",0.923,0.043,0.043,1.413,0.105,0.105,6383.82,17.57,17.57,2.99,1.22,0.87,-0.289,0.016,0.016,4.15,0.029,0.029,0.327,0.075,0.075,,MS,,,Xiong23,,,,,EB,5.277,0.051,True,False,0.076,0.017,0.017,0.748,0.057,0.057,1.465689694844599,0.032821041572663,1.4365553745154047,1.4958281923514334,1.4072188503023735,1.5413646052360097
7369,7396,"ZTF_J130159,39+540458,5_B",1.181,0.043,0.043,0.433,0.034,0.034,5681.34,123.69,123.69,0.18,0.09,0.06,-0.289,0.016,0.016,5.236,0.154,0.154,14.5,3.5,3.5,,MS,,,Xiong23,,,,,EB,5.277,0.051,True,False,0.00147,0.00035,0.00035,0.205,0.016,0.016,0.5535232166671611,5.4683724796734605,0.6871082970745547,1.8499117770330908,-1.7236167983356623,2.6038495958386427
7370,7397,"ASAS_J051753-5406,0_A",1.3094,0.0051,0.0051,1.9288,0.003,0.003,6462.0,43.0,43.0,5.83,0.15,0.15,0.0,0.2,0.2,3.9836,0.0012,0.0012,0.1825,0.0011,0.0011,,MS,F,,Miller22,,,,,EB,49.718,0.09,True,True,0.0001629,1.3e-06,1.3e-06,0.09823,0.00026,0.00026,1.969813691387096,0.04197945699000974,1.941113891297736,1.9993123227692113,1.8737744069450892,2.058349858762138
7371,7398,"ASAS_J051753-5406,0_B",1.0896,0.0034,0.0034,1.1815,0.0037,0.0037,6331.0,43.0,43.0,2.02,0.06,0.06,0.0,0.2,0.2,4.3297,0.0026,0.0026,0.6606,0.0065,0.0065,,MS,F,,Miller22,,,,,EB,49.718,0.09,True,True,5.023e-05,5.8e-07,5.8e-07,0.06544,0.00025,0.00025,1.1535896273735404,0.014689151717138797,1.1418711084063753,1.166166868097139,1.12435255931609,1.1834574940172615
7372,7399,HD96609_A,2.66,0.009,0.009,2.74,0.003,0.003,9660.51,106.27,106.27,59.0,6.3,5.7,0.02,0.06,0.06,3.987,0.001,0.001,0.12931,0.00061,0.00061,,MS,B9-A0,,Xiong23,,,,,EB,28.23,0.06,True,True,0.00222,1.7e-05,1.7e-05,0.23605,0.0006,0.0006,1.035950941019371,10.42176125022927,1.131117144927412,2.6444726452590523,-10.120375388048162,7.390919352193917
7373,7400,HD96609_B,1.84,0.004,0.004,1.697,0.002,0.002,8953.65,107.44,107.44,16.7,1.9,1.7,0.02,0.06,0.06,4.243,0.002,0.002,0.3765,0.0016,0.0016,,MS,A2,,Xiong23,,,,,EB,28.23,0.06,True,True,0.0009497,7.7e-06,7.7e-06,0.17299,0.00045,0.00045,-37.860613870084414,349.8823831440951,1.1610584342330383,2.0882279441339215,-1.2577896415024958,2.999063832344758
7378,7405,"ASAS_J231922-0852,2_A",1.136,0.001,0.001,1.64,0.004,0.004,6266.14,18.8,18.8,3.74,0.11,0.11,-0.39,0.07,0.07,4.064,0.005,0.005,0.2575,0.0019,0.0019,,MS,,,Xiong23,,,,,EB,18.04,0.015,True,True,0.0022,1.7e-05,1.7e-05,0.23341,0.00061,0.00061,1.604387953645508,0.024367000531393502,1.5833783739033942,1.6262337838934409,1.5656691351274004,1.6619303901421354
7379,7406,"ASAS_J231922-0852,2_B",1.006,0.001,0.001,1.11,0.01,0.01,6237.35,43.66,43.66,1.68,0.13,0.12,-0.39,0.07,0.07,4.35,0.018,0.018,0.736,0.02,0.02,,MS,,,Xiong23,,,,,EB,18.04,0.015,True,True,0.000828,2.3e-05,2.3e-05,0.167,0.0015,0.0015,1.0346943445122982,0.015493458405926287,1.021461941166515,1.047627635945056,1.0092336597211922,1.069938772060328
7380,7407,"ASAS_J171750-1915,3_A",1.357,0.001,0.001,1.676,0.003,0.003,6531.31,58.78,58.78,4.61,0.4,0.37,0.04,0.12,0.12,4.122,0.003,0.003,0.2882,0.0016,0.0016,,MS,F,,Xiong23,,,,,EB,12.564,0.009,True,True,0.007597,4.4e-05,4.4e-05,0.35133,0.00068,0.00068,1.6551825044412456,0.027960693156029053,1.627170359575063,1.685227218815915,1.6036386067165986,1.7038687642248358
7381,7408,"ASAS_J171750-1915,3_B",1.345,0.001,0.001,1.648,0.003,0.003,6501.3,58.51,58.51,4.38,0.38,0.35,0.04,0.12,0.12,4.133,0.003,0.003,0.3005,0.0017,0.0017,,MS,F,,Xiong23,,,,,EB,12.564,0.009,True,True,0.007325,4.3e-05,4.3e-05,0.34687,0.00068,0.00068,1.6191279280742126,0.031557304219370905,1.5889598157703608,1.6542640973040794,1.5636672698861818,1.6725444221131556
7382,7409,"ASAS_J163903-2847,2_A",1.421,0.002,0.002,2.157,0.003,0.003,6637.43,33.19,33.19,8.15,0.38,0.37,-0.19,0.16,0.16,3.923,0.002,0.002,0.14159,0.00062,0.00062,,MS,,,Xiong23,,,,,EB,47.0,0.04,True,True,0.0002624,1.3e-06,1.3e-06,0.11529,0.00019,0.00019,2.1729513596226164,0.06262995998059907,2.1218148254893348,2.2247072611199705,2.040933641042655,2.308833448898374
7383,7410,"ASAS_J163903-2847,2_B",1.141,0.001,0.001,1.224,0.002,0.002,6591.74,164.79,164.79,2.55,0.66,0.53,-0.19,0.16,0.16,4.32,0.003,0.003,0.6222,0.0031,0.0031,,MS,,,Xiong23,,,,,EB,47.0,0.04,True,True,6.81e-05,3.9e-07,3.9e-07,0.07232,0.00014,0.00014,1.1999452969210054,0.027657847519325318,1.1822585371455554,1.2184701811518608,1.156844887072761,1.2405163894491107
7384,7411,"ASAS_J085002+1752,5_A",1.326,0.001,0.001,1.571,0.011,0.011,6561.45,91.86,91.86,4.12,0.59,0.52,-0.01,0.27,0.27,4.168,0.014,0.014,0.342,0.0072,0.0072,,MS,,,Xiong23,,,,,EB,18.076,0.012,True,True,0.002431,5.1e-05,5.1e-05,0.2386,0.0017,0.0017,1.5333985223162538,0.030173106589645945,1.5020990761336528,1.5622713356732907,1.4745042905794266,1.5932346898677396
7385,7412,"ASAS_J085002+1752,5_B",1.573,0.001,0.001,3.222,0.018,0.018,5727.96,103.1,103.1,10.1,1.8,1.6,-0.01,0.27,0.27,3.619,0.011,0.011,0.04703,0.00079,0.00079,,MS,,,Xiong23,,,,,EB,18.076,0.012,True,True,0.01596,0.00027,0.00027,0.4526,0.0025,0.0025,2.8856741851965144,0.08712313548535652,2.8147766333734907,2.9533312295325693,2.716343503267527,3.078466129986859
7386,7413,"ASAS_J060505+2032,1_A",1.716,0.01,0.01,2.048,0.004,0.004,7413.1,185.33,185.33,11.43,2.96,2.35,-0.12,0.31,0.31,4.05,0.003,0.003,0.1998,0.0017,0.0017,,MS,,,Xiong23,,,,,EB,10.46,0.05,True,True,0.02398,0.00041,0.00041,0.5154,0.0029,0.0029,1.7423705591792729,1.1614771202829737,1.7524547992054142,1.990296368546289,1.5752276538051826,2.1386460795599964
7387,7414,"ASAS_J060505+2032,1_B",1.697,0.012,0.012,2.008,0.005,0.005,7413.1,163.09,163.09,11.0,2.5,2.0,-0.12,0.31,0.31,4.062,0.004,0.004,0.2096,0.0022,0.0022,,MS,,,Xiong23,,,,,EB,10.46,0.05,True,True,0.02301,0.00041,0.00041,0.5079,0.0029,0.0029,1.8268555341388537,0.2824416121370347,1.7571424775565492,1.9670186577819138,1.6304705997818274,2.084200695836268
7388,7417,NGTS_0002-29_A,0.398,0.001,0.001,0.404,0.002,0.002,3372.87,16.86,16.86,0.019,0.001,0.001,0.04,0.04,0.04,4.826,0.01,0.01,6.036,0.091,0.091,,MS,,,Xiong23,,,,,EB,3.8239,0.0099,True,True,0.002472,4.2e-05,4.2e-05,0.246,0.0014,0.0014,0.03067520909902551,5.35199992291308,0.39764280825266585,1.2478491032544683,-5.238587856985439,2.215370545147301
7389,7418,NGTS_0002-29_B,0.224,0.001,0.001,0.276,0.002,0.002,3228.49,19.37,19.37,0.00746,0.00053,0.0005,0.04,0.04,0.04,4.908,0.017,0.017,10.65,0.24,0.24,,MS,,,Xiong23,,,,,EB,3.8239,0.0099,True,True,0.001965,4.6e-05,4.6e-05,0.2184,0.0017,0.0017,0.9738673001598703,1.0875493222405852,0.2674912874310045,1.4101952060052032,-0.5473090095761063,4.319300897020535
7390,7419,"ASAS_J090232-5653,4_A",1.436,0.007,0.007,1.527,0.003,0.003,7030.72,98.43,98.43,5.14,0.71,0.62,-0.15,0.13,0.13,4.201,0.006,0.006,0.4033,0.0031,0.0031,,MS,,,Xiong23,,,,,EB,44.75,0.17,True,True,0.0001235,1.8e-06,1.8e-06,0.08912,0.00041,0.00041,1.5249082412773063,0.03267488728292702,1.493364752346383,1.5559225736950595,1.467895944859759,1.596616549052106
7391,7420,"ASAS_J090232-5653,4_B",1.372,0.008,0.008,1.392,0.003,0.003,6683.44,100.25,100.25,3.48,0.52,0.45,-0.15,0.13,0.13,4.244,0.007,0.007,0.5087,0.0044,0.0044,,MS,,,Xiong23,,,,,EB,44.75,0.17,True,True,0.0001006,1.5e-06,1.5e-06,0.08295,0.00039,0.00039,1.3661001772328185,0.019662203459791427,1.3448619578398922,1.3840514232690049,1.3286952669520813,1.4073795221446443
7392,7421,EPIC219511354_A,0.912,0.006,0.006,0.92,0.007,0.007,5035.01,65.46,65.46,0.491,0.065,0.057,0.07,0.03,0.03,4.47,0.016,0.016,1.171,0.028,0.028,,MS,K,,Xiong23,,,,,EB,6.979,0.052,True,True,0.0068,0.00022,0.00022,0.3398,0.0037,0.0037,0.7989057304703457,0.052053897233357946,0.7563530437680588,0.8463800746537418,0.7137206249279818,0.9252038764898584
7393,7422,EPIC219511354_B,0.822,0.007,0.007,0.851,0.007,0.007,4688.13,56.26,56.26,0.316,0.039,0.035,0.07,0.03,0.03,4.494,0.017,0.017,1.334,0.035,0.035,,MS,K,,Xiong23,,,,,EB,6.979,0.052,True,True,0.00636,0.00022,0.00022,0.3296,0.0037,0.0037,0.7611666139934792,0.0735584391510507,0.7113448409489724,0.8289274729226818,0.6186516693816068,0.8894821645449605
7394,7423,TIC172900988_A,1.228,0.0,0.0,1.383,0.001,0.001,6053.41,42.37,42.37,2.31,0.15,0.14,0.34,0.34,0.34,4.249,0.002,0.002,0.4642,0.001,0.001,,MS,F9,,Xiong23,,,,,EB,186.569,0.071,True,True,1.2906e-06,3.2e-09,3.2e-09,0.019468,1.6e-05,1.6e-05,1.301133273737287,0.01604692437973608,1.28612926373402,1.3188050240607405,1.2708613599122671,1.3271463366036662
7395,7424,TIC172900988_B,1.202,0.0,0.0,1.314,0.001,0.001,5984.12,41.89,41.89,2.0,0.13,0.12,0.34,0.34,0.34,4.281,0.001,0.001,0.5298,0.0012,0.0012,,MS,G0,,Xiong23,,,,,EB,186.569,0.071,True,True,1.1455e-06,2.9e-09,2.9e-09,0.018678,1.6e-05,1.6e-05,1.2217548812033807,0.018921129158665638,1.2035469873119973,1.2389199793192203,1.1829780972743376,1.2529795007945572
7406,7435,BN_Scl_A,1.407,0.001,0.001,1.834,0.003,0.003,6309.57,18.93,18.93,4.81,0.13,0.13,-0.23,0.06,0.06,4.059,0.003,0.003,0.2281,0.0011,0.0011,,MS,F7,,Xiong23,,,,,EB,13.8252,0.0063,True,True,0.006827,3.5e-05,3.5e-05,0.34047,0.00058,0.00058,1.698409990556124,0.02777082345054466,1.6731962967105694,1.724495781271642,1.6561284951120647,1.753936805289958
7407,7436,BN_Scl_B,1.244,0.001,0.001,1.38,0.004,0.004,6237.35,31.19,31.19,2.6,0.13,0.12,-0.23,0.06,0.06,4.256,0.006,0.006,0.4734,0.0041,0.0041,,MS,F8,,Xiong23,,,,,EB,13.8252,0.0063,True,True,0.003541,3.1e-05,3.1e-05,0.27101,0.0008,0.0008,1.2361141898256929,0.014290004762940916,1.2228704338265621,1.246753319761269,1.2095382038963656,1.2629651882521433
7408,7437,AL_Ari_A,1.164,0.001,0.001,1.372,0.004,0.004,6367.96,25.47,25.47,2.79,0.11,0.11,-0.42,0.08,0.08,4.229,0.005,0.005,0.4507,0.004,0.004,,MS,F6,,Xiong23,,,,,EB,12.9503,0.0014,True,True,0.003166,2.8e-05,2.8e-05,0.26466,0.00077,0.00077,1.2824100988109126,0.01744083322534734,1.2666200753870682,1.298718955082463,1.2480113618733164,1.314851153905758
7409,7438,AL_Ari_B,0.911,0.0,0.0,0.905,0.003,0.003,5559.04,27.8,27.8,0.705,0.035,0.033,-0.42,0.08,0.08,4.458,0.008,0.008,1.229,0.012,0.012,,MS,G7,,Xiong23,,,,,EB,12.9503,0.0014,True,True,0.001344,1.3e-05,1.3e-05,0.19525,0.00065,0.00065,0.7616624153885743,0.014204147655779119,0.7482094965719488,0.7717133797217327,0.7368394385546795,0.7930877831758821
7412,7441,NGC_2506_V4_A,1.478,0.003,0.003,2.3,0.006,0.006,6823.39,40.94,40.94,10.33,0.61,0.58,-0.36,0.1,0.1,3.884,0.007,0.007,0.12148,0.00098,0.00098,,MS,,,Xiong23,,,,,EB,11.87,0.02,True,True,0.02055,0.0002,0.0002,0.4924,0.0016,0.0016,2.281341678177705,0.07242993221795402,2.208686968157465,2.3450078341881975,2.139420373053575,2.438937133915215
7413,7442,NGC_2506_V4_B,1.25,0.004,0.004,1.534,0.008,0.008,6823.39,40.94,40.94,4.6,0.28,0.27,-0.36,0.1,0.1,4.163,0.012,0.012,0.3463,0.0055,0.0055,,MS,,,Xiong23,,,,,EB,11.87,0.02,True,True,0.00797,0.00013,0.00013,0.3545,0.002,0.002,1.5403394889251372,0.03176196358525925,1.512103150394029,1.5652900987883354,1.4885082433759371,1.6263879226937727
7416,7445,47_Tuc_E32_A,0.862,0.002,0.002,1.183,0.001,0.001,6025.6,18.08,18.08,1.66,0.05,0.05,-0.71,0.1,0.1,4.227,0.002,0.002,0.5207,0.0018,0.0018,,MS,,,Xiong23,,,,,EB,59.46,0.1,True,True,2.456e-05,1.5e-07,1.5e-07,0.05201,0.00011,0.00011,1.1411980295859625,0.020772215935205385,1.1218360269951784,1.1604808724226374,1.1024222539885407,1.1840043308205577
7417,7446,47_Tuc_E32_B,0.827,0.002,0.002,1.004,0.002,0.002,5956.62,17.87,17.87,1.15,0.03,0.03,-0.71,0.1,0.1,4.352,0.003,0.003,0.8172,0.0053,0.0053,,MS,,,Xiong23,,,,,EB,59.46,0.1,True,True,1.604e-05,1.3e-07,1.3e-07,0.04499,0.00012,0.00012,0.9300211856378462,0.014627008559688416,0.9160263646285915,0.9442000256655437,0.9122967864541934,0.956792859647355
7418,7447,KIC2557430_A,1.69,0.013,0.013,1.88,0.009,0.009,7046.93,77.52,77.52,7.85,0.86,0.77,-0.02,0.11,0.11,4.116,0.009,0.009,0.2543,0.0041,0.0041,,MS,F,,Xiong23,,,,,EB,7.03,0.01,True,False,0.05172,0.00087,0.00087,0.6711,0.0037,0.0037,1.7667205365994936,0.04859909002297254,1.7198499449386393,1.8083077909994658,1.6883325175872017,1.881663635380774
7419,7448,KIC2557430_B,1.35,0.009,0.009,1.23,0.013,0.013,6053.41,302.67,302.67,1.83,1.08,0.68,-0.02,0.11,0.11,4.386,0.019,0.019,0.725,0.024,0.024,,MS,F,,Xiong23,,,,,EB,7.03,0.01,True,False,0.02074,0.00069,0.00069,0.4865,0.0053,0.0053,1.2014529670900873,1.8226901934114654,0.9281226242892064,1.068986595422229,0.650793087747629,1.5612794183142904
7420,7449,EPIC219552514_A,1.509,0.026,0.026,2.505,0.013,0.013,6180.16,43.26,43.26,8.26,0.59,0.55,0.07,0.03,0.03,3.822,0.009,0.009,0.096,0.0022,0.0022,,MS,F7,,Xiong23,,,,,EB,10.69,0.13,True,False,0.02256,0.00094,0.00094,0.5168,0.0071,0.0071,2.4408641651085645,0.0410633057302144,2.40535054001179,2.4739072017697405,2.3577779094084046,2.5067723971061215
7421,7450,EPIC219552514_B,0.649,0.006,0.006,0.652,0.006,0.006,4008.67,72.16,72.16,0.099,0.018,0.015,0.07,0.03,0.03,4.624,0.012,0.012,2.342,0.068,0.068,,MS,K,,Xiong23,,,,,EB,10.69,0.13,True,False,0.001506,7.4e-05,7.4e-05,0.1975,0.0032,0.0032,0.6749722508848817,1.131466607512386,0.5445303905548665,0.934442059117111,0.3441080017922432,1.9240983901421167
7424,7453,KIC7821010_A,1.277,0.007,0.007,1.276,0.005,0.005,6714.29,67.14,67.14,2.99,0.3,0.27,0.1,0.08,0.08,4.332,0.007,0.007,0.6147,0.008,0.008,,MS,,,Xiong23,,,,,EB,47.83,0.2,True,True,5.9e-05,1.1e-06,1.1e-06,0.06969,0.00042,0.00042,1.250520468025707,0.02150576198515835,1.2277766291492742,1.2753620358443623,1.2090449691717535,1.2874553876806578
7425,7454,KIC7821010_B,1.221,0.007,0.007,1.21,0.006,0.006,6561.45,72.18,72.18,2.45,0.27,0.24,0.1,0.08,0.08,4.359,0.009,0.009,0.689,0.011,0.011,,MS,,,Xiong23,,,,,EB,47.83,0.2,True,True,5.41e-05,1.1e-06,1.1e-06,0.06745,0.00045,0.00045,1.1752645006966975,0.01597506697515402,1.1576322962398,1.18969886177915,1.151523915729905,1.2097739222058215
7426,7455,KIC3439031_A,1.226,0.001,0.001,1.407,0.001,0.001,6531.31,97.97,97.97,3.25,0.48,0.42,0.1,0.13,0.13,4.23,0.001,0.001,0.4402,0.001,0.001,,MS,F,,Xiong23,,,,,EB,18.646,0.13,True,True,0.001386,2.9e-05,2.9e-05,0.1992,0.0014,0.0014,1.4063707781844441,0.02755477541495503,1.384333065932685,1.430660421350305,1.356856727166592,1.4479162545075233
7427,7456,KIC3439031_B,1.227,0.001,0.001,1.403,0.001,0.001,6531.31,97.97,97.97,3.23,0.48,0.42,0.1,0.13,0.13,4.233,0.002,0.002,0.4443,0.001,0.001,,MS,F,,Xiong23,,,,,EB,18.646,0.13,True,True,0.001372,2.9e-05,2.9e-05,0.1985,0.0014,0.0014,1.4019312012657363,0.022606668344413085,1.3832160774762141,1.4262067314582083,1.358171126555973,1.4436017858995198
7428,7457,KIC10031808_A,1.741,0.004,0.004,2.59,0.009,0.009,7112.14,49.78,49.78,15.5,1.1,1.0,-0.11,0.08,0.08,3.852,0.006,0.006,0.1002,0.0011,0.0011,,MS,,,Xiong23,,,,,EB,26.905,0.054,True,True,0.00295,3.7e-05,3.7e-05,0.2559,0.0011,0.0011,2.4015638524050913,0.1543872990482459,2.2714823519904677,2.5685900389513416,2.0769437996708535,2.6534920152527097
7429,7458,KIC10031808_B,1.798,0.006,0.006,3.027,0.006,0.006,6839.12,47.87,47.87,18.1,1.2,1.1,-0.11,0.08,0.08,3.731,0.004,0.004,0.06483,0.00044,0.00044,,MS,,,Xiong23,,,,,EB,26.905,0.054,True,True,0.004473,4.1e-05,4.1e-05,0.29474,0.00087,0.00087,2.680599180674683,0.2010827972712019,2.5251750632947365,2.8645564715373384,2.2110045537042247,2.970436146885722
7430,7459,EPIC219568666_A,1.121,0.006,0.006,1.178,0.003,0.003,6137.62,42.96,42.96,1.77,0.12,0.11,0.07,0.03,0.03,4.346,0.005,0.005,0.6858,0.0064,0.0064,,MS,F8,,Xiong23,,,,,EB,27.086,0.089,True,True,0.0001917,2.5e-06,2.5e-06,0.1045,0.00045,0.00045,1.1043971788509759,0.01193975895018592,1.0931938020575704,1.114267259914203,1.087620372496983,1.1292761101588646
7431,7460,EPIC219568666_B,0.733,0.002,0.002,0.64,0.007,0.007,4497.8,44.98,44.98,0.151,0.017,0.015,0.07,0.03,0.03,4.69,0.022,0.022,2.796,0.092,0.092,,MS,,,Xiong23,,,,,EB,27.086,0.089,True,True,6.05e-05,2.1e-06,2.1e-06,0.06893,0.00079,0.00079,0.73909561647786,0.36154588790121095,0.574929297827248,0.909942763530479,0.15677426407740486,1.2641769187247938
7432,7461,AL_Dor_A,1.102,0.0,0.0,1.092,0.001,0.001,6053.41,30.27,30.27,1.44,0.07,0.06,-0.1,0.04,0.04,4.404,0.002,0.002,0.8463,0.0023,0.0023,,MS,F9,,Xiong23,,,,,EB,33.1727,0.0065,True,True,0.00011505,3.2e-07,3.2e-07,0.086893,8.1e-05,8.1e-05,0.969728519712595,0.009885273039233027,0.9621174810698377,0.9773042349779807,0.9548224896598837,0.9829714279728896
7433,7462,AL_Dor_B,1.103,0.0,0.0,1.098,0.001,0.001,6053.41,30.27,30.27,1.46,0.07,0.07,-0.1,0.04,0.04,4.399,0.002,0.002,0.8332,0.0023,0.0023,,MS,F9,,Xiong23,,,,,EB,33.1727,0.0065,True,True,0.00011679,3.3e-07,3.3e-07,0.087334,8.1e-05,8.1e-05,0.9745486119161451,0.009258583312299258,0.9671714970168047,0.982756691411843,0.952938183752636,0.989935741296107
7434,7463,"ASAS_J073507-0905,7_A",1.452,0.015,0.015,1.635,0.005,0.005,6397.35,44.78,44.78,4.04,0.28,0.26,-0.27,0.08,0.08,4.173,0.005,0.005,0.3322,0.0046,0.0046,,MS,F,,Xiong23,,,,,EB,7.06,0.05,True,False,0.02583,0.00064,0.00064,0.538,0.0044,0.0044,1.4500749754599889,0.022082843344672986,1.430953144887741,1.4659934008190214,1.4032096983439326,1.4891071415855333
7435,7464,"ASAS_J073507-0905,7_B",0.808,0.006,0.006,0.819,0.005,0.005,4365.16,48.02,48.02,0.22,0.025,0.022,-0.27,0.08,0.08,4.519,0.01,0.01,1.471,0.029,0.029,,MS,K,,Xiong23,,,,,EB,7.06,0.05,True,False,0.00824,0.00025,0.00025,0.3521,0.0035,0.0035,0.648631964506081,0.22218291065841278,0.5698664665816071,0.7876903912806239,0.032544321866790814,0.9130030859425665
7436,7465,"ASAS_J065134-2211,5_A",0.956,0.005,0.005,0.997,0.002,0.002,5495.41,43.96,43.96,0.817,0.062,0.058,0.09,0.13,0.13,4.421,0.003,0.003,0.9647,0.0077,0.0077,,MS,,,Xiong23,,,,,EB,20.18,0.07,True,True,0.000297,3.8e-06,3.8e-06,0.12065,0.00051,0.00051,0.8859478717166136,0.016265361954900647,0.8699533393107969,0.9010047326250963,0.8512603646742882,0.918644532937847
7437,7466,"ASAS_J065134-2211,5_B",0.674,0.002,0.002,0.69,0.003,0.003,3971.92,47.66,47.66,0.107,0.013,0.011,0.09,0.13,0.13,4.589,0.009,0.009,2.052,0.027,0.027,,MS,,,Xiong23,,,,,EB,20.18,0.07,True,True,0.000172,3e-06,3e-06,0.09795,0.00056,0.00056,0.8700356429358953,0.5736195258136836,0.5900897041040751,1.0683401698590405,0.43513579223236676,2.1143871388083673
7438,7467,EPIC219394517_A,1.078,0.001,0.001,1.055,0.005,0.005,5929.25,41.5,41.5,1.2,0.1,0.1,0.07,0.03,0.03,4.425,0.009,0.009,0.918,0.013,0.013,,MS,G0,,Xiong23,,,,,EB,18.954,0.012,True,True,0.0005508,7.9e-06,7.9e-06,0.14652,0.0007,0.0007,0.9501387050697552,0.01009002263908837,0.9396132976455415,0.9587818599632821,0.9277154089432222,0.966146463402024
7439,7468,EPIC219394517_B,1.066,0.001,0.001,1.042,0.005,0.005,5874.89,41.12,41.12,1.2,0.1,0.1,0.07,0.03,0.03,4.43,0.01,0.01,0.942,0.014,0.014,,MS,G1,,Xiong23,,,,,EB,18.954,0.012,True,True,0.0005403,7.9e-06,7.9e-06,0.14546,0.00071,0.00071,0.9382391321718414,0.01134107086093439,0.9288647321963629,0.9490815888803791,0.9160621513235917,0.9602058508159619
7442,7471,WASP_0639-32_A,1.155,0.002,0.002,1.834,0.01,0.01,6324.12,18.97,18.97,4.85,0.18,0.18,-0.33,0.1,0.1,3.974,0.011,0.011,0.1872,0.0031,0.0031,,Subgiant,F,,Xiong23,,,,,EB,26.964,0.031,True,True,0.000753,1.3e-05,1.3e-05,0.1647,0.00092,0.00092,1.853070183165304,0.02981968684467759,1.8228026315381634,1.8816221629296275,1.7904672711793264,1.9025324232095606
7443,7472,WASP_0639-32_B,0.783,0.001,0.001,0.729,0.003,0.003,5395.11,32.37,32.37,0.406,0.025,0.024,-0.33,0.1,0.1,4.607,0.01,0.01,2.021,0.025,0.025,,MS,K,,Xiong23,,,,,EB,26.964,0.031,True,True,8.79e-05,1.1e-06,1.1e-06,0.07818,0.00034,0.00034,0.66732313092747,0.04146526789906117,0.6274945688504678,0.7114308827781445,0.6062522121519408,0.7493242025347719
7444,7473,"PTFEB_132,707+19,810_A",0.395,0.001,0.001,0.363,0.003,0.003,3258.37,39.1,39.1,0.0134,0.0017,0.0015,0.14,0.04,0.04,4.915,0.019,0.019,8.26,0.21,0.21,,MS,"M3,5±0,2",,Xiong23,,,,,EB,11.77,0.01,True,True,5.91e-05,1.5e-06,1.5e-06,0.07097,0.00059,0.00059,1.6597687175930154,9.110776171445107,0.2981797574360463,1.632573262541409,-4.388131781605433,20.4332376602221
7445,7474,"PTFEB_132,707+19,810_B",0.21,0.001,0.001,0.272,0.005,0.005,3118.89,46.78,46.78,0.0063,0.0011,0.001,0.14,0.04,0.04,4.891,0.039,0.039,10.44,0.58,0.58,,MS,"M4,3±0,7",,Xiong23,,,,,EB,11.77,0.01,True,True,6.78e-05,3.8e-06,3.8e-06,0.0709,0.0013,0.0013,2.1704176679413676,28.436188508272004,0.3973247922620029,1.4234366533708145,-1.7864342410698817,3.8855012595021017
7446,7475,Tyc_5227-1023-1_A,0.956,0.007,0.007,1.388,0.004,0.004,6353.31,88.95,88.95,2.83,0.39,0.34,-0.63,0.11,0.11,4.13,0.01,0.01,0.3575,0.0041,0.0041,,MS,F7,,Xiong23,,,,,EB,13.54,0.07,True,True,0.003132,6e-05,6e-05,0.2627,0.0017,0.0017,1.432987060136608,0.03551829357617827,1.3965035885514985,1.4662438001417386,1.3721066137462696,1.5060196631248188
7447,7476,Tyc_5227-1023-1_B,0.839,0.005,0.005,0.977,0.004,0.004,5929.25,94.87,94.87,1.1,0.2,0.1,-0.63,0.11,0.11,4.38,0.01,0.01,0.9,0.012,0.012,,MS,,,Xiong23,,,,,EB,13.54,0.07,True,True,0.001346,2.9e-05,2.9e-05,0.1963,0.0014,0.0014,0.8952024817121238,0.021804232876458884,0.8752762523995709,0.9162107016500907,0.846923683731073,0.9399452921141708
7448,7477,NGC_2506_V5_A,0.945,0.004,0.003,0.68,0.04,0.04,5690.0,140.0,120.0,0.437,0.067,0.063,-0.36,0.01,0.01,4.75,0.05,0.05,3.01,0.53,0.53,,MS,,,Knudstrup20,,,,,EB,9.04,0.1,True,True,0.0011,0.0002,0.0002,0.186,0.011,0.011,0.6223803545396878,0.6484866334188153,0.5182670242392768,0.8474278785714573,-0.3398717605834714,0.9683509724735936
7449,7478,NGC_2506_V5_B,0.707,0.004,0.003,0.61,0.021,0.016,4940.0,110.0,60.0,0.2,0.022,0.014,-0.36,0.01,0.01,4.72,0.03,0.02,3.11,0.32,0.25,,MS,,,Knudstrup20,,,,,EB,9.04,0.1,True,True,0.00126,0.00012,0.00012,0.1906,0.0062,0.0062,0.636919930977016,0.14270591809059613,0.5492272136898482,0.742257001765664,0.27565618580128054,0.9725162293718059
7450,7479,OGLE_LMC-ECL-01866_A,3.56,0.02,0.02,26.79,0.52,0.52,5300.0,80.0,80.0,510.0,37.0,37.0,-0.49,0.17,0.17,2.134,0.017,0.017,0.000185,1.1e-05,1.1e-05,,BL,G3,,Graczyk18,,,,,EB,322.3,0.8,True,True,0.00185,0.00011,0.00011,0.2192,0.0043,0.0043,2.8531505469345393,2.808922945112195,1.3582083275674703,4.570787678949553,0.2854782122539092,5.514429979648983
7451,7480,OGLE_LMC-ECL-01866_B,3.55,0.031,0.031,47.11,0.5,0.5,4495.0,60.0,60.0,816.0,47.0,47.0,-0.49,0.17,0.17,1.642,0.009,0.009,3.4e-05,1.1e-06,1.1e-06,,RGB,"K1,5",,Graczyk18,,,,,EB,322.3,0.8,True,True,0.01009,0.00034,0.00034,0.386,0.0043,0.0043,2.975342159576949,3.1257288352788657,1.2450703895230575,5.158560123042184,0.283666346835807,6.038612367241634
7452,7481,OGLE_LMC-ECL-03160_A,1.792,0.016,0.016,17.03,0.28,0.28,4930.0,100.0,100.0,154.0,14.0,14.0,-0.68,0.18,0.18,2.229,0.014,0.014,0.000363,1.8e-05,1.8e-05,,HB/RC,G7,,Graczyk18,,,,,EB,182.2,0.5,True,False,0.00264,0.00014,0.00014,0.247,0.0042,0.0042,2.7428527265277443,2.683748925968469,1.07173640870156,4.6328222948879345,-0.3972436848131324,6.285390587188285
7453,7482,OGLE_LMC-ECL-03160_B,1.802,0.018,0.018,37.42,0.24,0.24,4450.0,70.0,70.0,495.0,32.0,32.0,-0.68,0.18,0.18,1.548,0.005,0.005,3.439e-05,7.5e-07,7.5e-07,,HB/RC,K2,,Graczyk18,,,,,EB,182.2,0.5,True,False,0.0278,0.00065,0.00065,0.5413,0.0041,0.0041,7.31683761196526,39.84230716547403,1.330866911185968,5.259757923466429,0.4261242696186755,6.156541861651023
7454,7483,OGLE_LMC-ECL-06575_A,4.167,0.022,0.022,43.93,0.43,0.43,4920.0,80.0,80.0,1020.0,69.0,69.0,-0.46,0.1,0.1,1.773,0.008,0.008,4.92e-05,1.5e-06,1.5e-06,,HB,G6,,Graczyk18,,,,,EB,280.0,0.5,True,True,0.01202,0.00037,0.00037,0.41,0.0042,0.0042,2.6575252952634423,1.7134133994099663,1.1034673501740515,4.794664813663901,0.4008291822173005,5.832698473824079
7455,7484,OGLE_LMC-ECL-06575_B,3.989,0.026,0.026,46.75,0.43,0.43,4645.0,60.0,60.0,918.0,50.0,50.0,-0.46,0.1,0.1,1.699,0.008,0.008,3.9e-05,1.1e-06,1.1e-06,,RGB,K0,,Graczyk18,,,,,EB,280.0,0.5,True,True,0.01554,0.00045,0.00045,0.4451,0.0043,0.0043,0.13674108000815066,22.575810554308376,1.2650175735894593,4.7361217358686565,-0.16813806901342251,5.8389535784943645
7456,7485,OGLE_LMC-ECL-09114_A,3.304,0.023,0.023,26.33,0.34,0.34,5230.0,60.0,60.0,467.0,25.0,25.0,-0.38,0.12,0.12,2.116,0.011,0.011,0.000181,7.1e-06,7.1e-06,,,G4III,,Graczyk18,,,,,EB,281.5,0.8,True,True,0.00257,0.0001,0.0001,0.2451,0.0033,0.0033,2.4325358530446324,2.3067968039003763,1.0466605329283203,4.642588605173669,-0.2326814373576807,5.4715265854819615
7457,7486,OGLE_LMC-ECL-09114_B,3.205,0.025,0.025,18.79,0.37,0.37,5425.0,110.0,110.0,275.0,25.0,25.0,-0.38,0.12,0.12,2.396,0.017,0.017,0.000483,2.9e-05,2.9e-05,,,G2III,,Graczyk18,,,,,EB,281.5,0.8,True,True,0.000982,5.9e-05,5.9e-05,0.1774,0.0036,0.0036,2.6873791926641757,1.9933661888364007,1.2925168707587356,4.402960314822789,0.22194855591283175,5.0821451783777665
7458,7487,OGLE_LMC-ECL-09660_A,2.981,0.013,0.013,23.66,0.21,0.21,5250.0,65.0,65.0,383.0,20.0,20.0,-0.46,0.1,0.1,2.165,0.008,0.008,0.0002251,6.1e-06,6.1e-06,,,G3III,,Graczyk18,,,,,EB,232.4,0.3,True,True,0.003416,9.3e-05,9.3e-05,0.269,0.0024,0.0024,3.4881315750357436,8.108494638932891,1.2402310550360163,4.648343923253552,-0.1289935580511554,5.477770136046702
7459,7488,OGLE_LMC-ECL-09660_B,2.997,0.012,0.012,44.4,0.26,0.26,4685.0,95.0,95.0,856.0,70.0,70.0,-0.46,0.1,0.1,1.62,0.005,0.005,3.424e-05,6.2e-07,6.2e-07,,,K0III,,Graczyk18,,,,,EB,232.4,0.3,True,True,0.02238,0.00042,0.00042,0.5036,0.0031,0.0031,5.615556952783143,29.341902434640428,1.2844408854504925,5.170345844277713,-0.009474820319037278,6.912556625885476
7460,7489,OGLE_LMC-ECL-09678_A,2.4,0.029,0.029,13.77,0.16,0.16,5230.0,80.0,80.0,128.0,8.0,8.0,-0.38,0.16,0.16,2.54,0.01,0.01,0.000919,3.4e-05,3.4e-05,,,G4III,,Graczyk18,,,,,EB,169.1,0.6,True,True,0.001827,7.1e-05,7.1e-05,0.2179,0.0028,0.0028,2.7004524743462768,2.025827411916887,1.2444056094271005,4.147608045557147,0.8067148460717759,5.067899781934684
7461,7490,OGLE_LMC-ECL-09678_B,2.549,0.031,0.031,30.6,0.28,0.28,4705.0,90.0,90.0,413.0,33.0,33.0,-0.38,0.16,0.16,1.873,0.008,0.008,8.9e-05,2.7e-06,2.7e-06,,,G9III,,Graczyk18,,,,,EB,169.1,0.6,True,True,0.01821,0.00059,0.00059,0.4711,0.005,0.005,5.479474904691633,24.598102896354817,1.1673814865742271,4.951839003088852,-1.8569016053524594,6.115833347537475
7462,7491,OGLE_LMC-ECL-10567_A,3.333,0.029,0.029,24.6,0.29,0.29,5065.0,100.0,100.0,359.0,30.0,30.0,-0.7,0.1,0.1,2.179,0.01,0.01,0.0002239,8.2e-06,8.2e-06,,HB,G6,,Graczyk18,,,,,EB,189.1,0.5,True,True,0.00684,0.00026,0.00026,0.3398,0.0042,0.0042,2.4170063552538847,1.855768352610036,1.2301425308089682,4.513973104702656,-1.0390354146813177,5.316104992328131
7463,7492,OGLE_LMC-ECL-10567_B,3.184,0.026,0.026,36.64,0.25,0.25,4715.0,75.0,75.0,598.0,39.0,39.0,-0.7,0.1,0.1,1.813,0.006,0.006,6.47e-05,1.4e-06,1.4e-06,,RGB,G9,,Graczyk18,,,,,EB,189.1,0.5,True,True,0.02432,0.00058,0.00058,0.5167,0.004,0.004,0.41779938332713507,21.122885568809828,1.0390725890909418,4.9664449309859595,-4.306567659572025,6.245482727010791
7464,7493,OGLE_LMC-ECL-230659_A,3.598,0.038,0.038,32.83,0.22,0.22,5000.0,70.0,70.0,607.0,35.0,35.0,-0.24,0.11,0.11,1.962,0.005,0.005,0.0001017,2.3e-06,2.3e-06,,,G6III,,Graczyk18,,,,,EB,679.0,2.0,True,True,0.0003506,8.6e-06,8.6e-06,0.1262,0.001,0.001,2.5168084468144984,4.931921866580352,0.9739992547493765,4.865383522327077,-2.3885561588228468,5.643638719332612
7465,7494,OGLE_LMC-ECL-230659_B,3.429,0.03,0.03,23.4,0.31,0.31,5030.0,100.0,100.0,316.0,26.0,26.0,-0.24,0.11,0.11,2.235,0.011,0.011,0.000268,1.1e-05,1.1e-05,,,G6III,,Graczyk18,,,,,EB,679.0,2.0,True,True,0.0001371,5.8e-06,5.8e-06,0.092,0.0013,0.0013,1.7393295205018493,6.726062078152305,0.9294235980997205,4.539155778531902,-2.2692888185137887,5.285487718212345
7466,7495,OGLE_LMC-ECL-12669_A,1.843,0.029,0.029,24.17,0.34,0.34,4630.0,85.0,85.0,242.0,19.0,19.0,-0.3,0.14,0.14,1.937,0.012,0.012,0.0001305,5.9e-06,5.9e-06,,,"K0,5III",,Graczyk18,,,,,EB,542.0,3.0,True,True,0.000301,1.5e-05,1.5e-05,0.1194,0.0019,0.0019,2.5405040002789554,3.036077221401946,1.258457012003481,4.8722147673643255,-5.404595094197655,5.633701942414902
7467,7496,OGLE_LMC-ECL-12669_B,1.962,0.03,0.03,23.36,0.3,0.3,4715.0,95.0,95.0,243.0,21.0,21.0,-0.3,0.14,0.14,1.994,0.011,0.011,0.0001539,6.4e-06,6.4e-06,,,G9III,,Graczyk18,,,,,EB,542.0,3.0,True,True,0.000246,1.1e-05,1.1e-05,0.1121,0.0017,0.0017,-2.99307545793656,57.54611922540019,1.1208735871088593,4.81243951673305,0.10497759321055525,5.779734973564508
7468,7497,OGLE_LMC-ECL-12875_A,1.831,0.02,0.02,15.62,0.13,0.13,4845.0,100.0,100.0,121.0,10.0,10.0,-0.48,0.15,0.15,2.313,0.007,0.007,0.00048,1.3e-05,1.3e-05,,,G8III,,Graczyk18,,,,,EB,186.0,0.7,True,False,0.001931,5.9e-05,5.9e-05,0.2224,0.0022,0.0022,0.4533928731682848,19.402878856504795,1.2063232478516643,4.345527840122142,-1.3217475273494996,5.2701409909607255
7469,7498,OGLE_LMC-ECL-12875_B,1.858,0.023,0.023,40.82,0.32,0.32,4385.0,110.0,110.0,555.0,56.0,56.0,-0.48,0.15,0.15,1.486,0.006,0.006,2.732e-05,7.3e-07,7.3e-07,,,"K2,5III",,Graczyk18,,,,,EB,186.0,0.7,True,False,0.03367,0.00098,0.00098,0.5772,0.0055,0.0055,3.000586199454511,4.500611102616335,1.1354120855891938,5.522479539618142,-4.092839827211288,7.381619688778256
7470,7499,OGLE_LMC-ECL-12933_A,1.516,0.019,0.019,17.32,0.22,0.22,4900.0,200.0,200.0,156.0,26.0,26.0,-0.38,0.13,0.13,2.142,0.011,0.011,0.000292,1.2e-05,1.2e-05,,,G7III,,Graczyk18,,,,,EB,152.6,0.6,True,False,0.00471,0.0002,0.0002,0.2994,0.0041,0.0041,2.2198812399556784,5.706148686417147,1.2097183650629124,4.664980721709136,-0.7419803748057963,5.743928485235339
7471,7500,OGLE_LMC-ECL-12933_B,1.514,0.017,0.017,36.41,0.31,0.31,4470.0,150.0,150.0,477.0,64.0,64.0,-0.38,0.13,0.13,1.496,0.007,0.007,3.137e-05,8.8e-07,8.8e-07,,,K2III,,Graczyk18,,,,,EB,152.6,0.6,True,False,0.0438,0.0014,0.0014,0.6299,0.0064,0.0064,2.722632640702998,2.2307185399602,0.821489167043824,5.328502110621034,-0.1734617459360681,6.175412756359823
7472,7501,OGLE_LMC-ECL-13360_A,3.95,0.024,0.024,30.46,0.38,0.38,5495.0,90.0,90.0,762.0,54.0,54.0,-0.3,0.1,0.1,2.067,0.011,0.011,0.0001398,5.3e-06,5.3e-06,,,G1II-III,,Graczyk18,,,,,EB,345.3,0.7,True,True,0.002262,8.7e-05,8.7e-05,0.2343,0.003,0.003,6.734456839199718,34.33494547793172,1.0998553251548868,4.761501823982344,0.053706221810856936,9.92169032829762
7473,7502,OGLE_LMC-ECL-13360_B,4.06,0.024,0.024,39.46,0.35,0.35,5085.0,80.0,80.0,938.0,61.0,61.0,-0.3,0.1,0.1,1.854,0.008,0.008,6.61e-05,1.8e-06,1.8e-06,,,G4II-III,,Graczyk18,,,,,EB,345.3,0.7,True,True,0.00471,0.00013,0.00013,0.2997,0.0028,0.0028,0.7723492206098953,11.345551512013406,0.9910974000405348,4.761136620617444,-9.355389681696364,5.725471980991238
7474,7503,OGLE_LMC-ECL-13529_A,2.857,0.016,0.016,17.03,0.21,0.21,5295.0,75.0,75.0,205.0,13.0,13.0,-0.18,0.14,0.14,2.432,0.011,0.011,0.000578,2.2e-05,2.2e-05,,,G4III,,Graczyk18,,,,,EB,101.1,0.2,True,True,0.0152,0.00058,0.00058,0.4429,0.0056,0.0056,3.0249890789054312,3.0830702329188795,1.3915739893763905,4.46577931998387,0.5967004908043833,5.203434508310387
7475,7504,OGLE_LMC-ECL-13529_B,2.81,0.016,0.016,15.98,0.22,0.22,5260.0,90.0,90.0,176.0,13.0,13.0,-0.18,0.14,0.14,2.48,0.012,0.012,0.000689,2.9e-05,2.9e-05,,,G4III,,Graczyk18,,,,,EB,101.1,0.2,True,True,0.0129,0.00054,0.00054,0.4187,0.0059,0.0059,2.748658931955861,1.6650084527728208,1.304778083888025,4.389323445091758,0.5306070866550795,7.059911935203903
7476,7505,OGLE_LMC-ECL-15260_A,1.449,0.018,0.018,23.22,0.43,0.43,4810.0,130.0,130.0,260.0,30.0,30.0,-0.63,0.12,0.12,1.868,0.016,0.016,0.0001157,6.6e-06,6.6e-06,,RGB,G8,,Graczyk18,,,,,EB,174.5,0.7,True,False,0.00748,0.00044,0.00044,0.3497,0.0068,0.0068,2.6254205520882072,3.1485908472116737,1.0844937714686573,4.7909922065667905,-2.3693885249198865,5.686065355409752
7477,7506,OGLE_LMC-ECL-15260_B,1.422,0.016,0.016,42.2,0.92,0.92,4420.0,85.0,85.0,612.0,54.0,54.0,-0.63,0.12,0.12,1.34,0.019,0.019,1.89e-05,1.3e-06,1.3e-06,,RGB,K2,,Graczyk18,,,,,EB,174.5,0.7,True,False,0.0463,0.0031,0.0031,0.641,0.014,0.014,2.6544318811876666,2.8364223986934007,1.0887508615568677,5.38324146189629,-2.9467028521350462,6.3142939054677445
7478,7507,OGLE_LMC-ECL-18836_A,2.858,0.031,0.031,15.95,0.25,0.25,5155.0,100.0,100.0,162.0,14.0,14.0,-0.4,0.1,0.1,2.489,0.013,0.013,0.000704,3.4e-05,3.4e-05,,HB,G5,,Graczyk18,,,,,EB,241.2,0.9,True,True,0.000913,4.6e-05,4.6e-05,0.1735,0.0029,0.0029,2.900495042980366,2.7682380460688805,1.1096001965734557,4.340051909887998,0.010937834304110924,8.002506639847516
7479,7508,OGLE_LMC-ECL-18836_B,2.784,0.036,0.036,30.87,0.33,0.33,4605.0,80.0,80.0,386.0,28.0,28.0,-0.4,0.1,0.1,1.904,0.009,0.009,9.46e-05,3.3e-06,3.3e-06,,RGB,K1,,Graczyk18,,,,,EB,241.2,0.9,True,True,0.0069,0.00025,0.00025,0.3398,0.0041,0.0041,1.4922150365594353,9.558377041176593,1.0453766532396644,4.931259391547407,-14.79176636722654,11.170389623617798
7480,7509,OGLE_LMC-ECL-21873_A,2.984,0.021,0.021,20.26,0.22,0.22,5265.0,75.0,75.0,284.0,17.0,17.0,-0.28,0.12,0.12,2.3,0.009,0.009,0.000359,1.2e-05,1.2e-05,,RGB,G4,,Graczyk18,,,,,EB,211.3,0.5,True,True,0.00292,0.0001,0.0001,0.2551,0.0029,0.0029,2.5796290021850763,1.8410941460638321,1.2508409748948008,4.578829382905587,-0.19849982266262456,5.333741732420593
7481,7510,OGLE_LMC-ECL-21873_B,3.093,0.024,0.024,24.67,0.24,0.24,5055.0,80.0,80.0,358.0,24.0,24.0,-0.28,0.12,0.12,2.144,0.008,0.008,0.000206,6.2e-06,6.2e-06,,RGB,G6,,Graczyk18,,,,,EB,211.3,0.5,True,True,0.00498,0.00016,0.00016,0.3056,0.0031,0.0031,4.955211454993884,22.37717469721661,1.1901960106918426,4.692378337261067,-2.04234506130321,6.439080089903606
7482,7511,OGLE_LMC-ECL-24887_A,2.747,0.047,0.047,16.43,0.26,0.26,5130.0,80.0,80.0,168.0,12.0,12.0,-0.22,0.12,0.12,2.446,0.014,0.014,0.000619,3.1e-05,3.1e-05,,,G5III,,Graczyk18,,,,,EB,156.6,0.8,True,True,0.00397,0.00021,0.00021,0.282,0.0049,0.0049,2.520789242746064,1.7168265841326436,1.2367462410224845,4.311328828472959,0.22499132409516442,5.025180208519958
7483,7512,OGLE_LMC-ECL-24887_B,2.976,0.045,0.045,17.83,0.3,0.3,5070.0,80.0,80.0,189.0,14.0,14.0,-0.22,0.12,0.12,2.409,0.014,0.014,0.000525,2.8e-05,2.8e-05,,,G6III,,Graczyk18,,,,,EB,156.6,0.8,True,True,0.00446,0.00025,0.00025,0.2951,0.0054,0.0054,2.054300484829839,4.387613673851759,1.3263431493482547,4.299205674087582,-2.6407574707020722,5.1034511981248825
7484,7513,OGLE_LMC-ECL-25658_A,2.231,0.024,0.024,21.4,0.15,0.15,4840.0,70.0,70.0,226.0,14.0,14.0,-0.48,0.13,0.13,2.126,0.006,0.006,0.0002276,5.4e-06,5.4e-06,,,G8III,,Graczyk18,,,,,EB,231.3,0.6,True,True,0.002552,6.5e-05,6.5e-05,0.2441,0.002,0.002,2.642163951435401,1.618557949945868,1.2344402040827478,4.614082882242413,-0.06160634280510878,5.393613997913511
7485,7514,OGLE_LMC-ECL-25658_B,2.23,0.023,0.023,27.61,0.19,0.19,4720.0,75.0,75.0,341.0,22.0,22.0,-0.48,0.13,0.13,1.904,0.006,0.006,0.000106,2.4e-06,2.4e-06,,,G9III,,Graczyk18,,,,,EB,231.3,0.6,True,True,0.00548,0.00014,0.00014,0.3151,0.0026,0.0026,-0.18145339798930835,25.234145349539205,1.148282501853679,4.842112120580055,-0.08917405406436235,5.712999890411883
7486,7515,KIC5193386_A,1.39,0.03,0.03,4.49,0.05,0.05,4780.0,100.0,100.0,9.48,0.82,0.82,-0.36,0.06,0.06,3.274,0.004,0.004,0.01536,0.00061,0.00061,,RGB,,,Benbakoura21,,,,,EB,44.34,0.34,True,True,0.00292,0.00016,0.00016,0.2571,0.0044,0.0044,3.126131058524348,0.5143524996858453,2.9342974896923035,3.358365312519371,2.109506382827507,3.715152584207564
7487,7516,KIC5193386_B,1.17,0.05,0.05,1.37,0.01,0.01,6622.0,127.0,127.0,3.25,0.25,0.25,-0.36,0.06,0.06,4.23,0.02,0.02,0.455,0.022,0.022,,,,,Benbakoura21,,,,,EB,44.34,0.34,True,True,0.0001094,5.5e-06,5.5e-06,0.0849,0.0013,0.0013,1.3463015188293932,0.02031586140833591,1.3289121084754272,1.365989729558284,1.313633709022755,1.3865099255671154
7488,7517,KIC6307537_A,1.29,0.07,0.07,4.45,0.06,0.06,4960.0,240.0,240.0,10.8,2.1,2.1,0.0,0.4,0.4,3.25,0.01,0.01,0.01464,0.00099,0.00099,,RGB,,,Benbakoura21,,,,,EB,53.71,0.61,True,True,0.00157,0.00012,0.00012,0.2092,0.0048,0.0048,3.3278825769069202,0.8206568931528313,3.07985655449544,3.5773962731262,2.2294345456014306,4.01019246185535
7489,7518,KIC6307537_B,1.06,0.04,0.04,1.17,0.02,0.02,6387.0,306.0,306.0,2.05,0.4,0.4,0.0,0.4,0.4,4.33,0.02,0.02,0.662,0.042,0.042,,,,,Benbakoura21,,,,,EB,53.71,0.61,True,True,3.91e-05,3.2e-06,3.2e-06,0.0602,0.0015,0.0015,1.1400863588703267,0.33196968236981556,1.1114283317733626,1.211194588906168,0.6581273031653831,1.508551057476903
7490,7519,KIC11235323_A,1.03,0.01,0.01,3.578,0.009,0.009,4840.0,200.0,200.0,6.3,1.0,1.0,-0.4,0.2,0.2,3.342,0.004,0.004,0.02249,0.00028,0.00028,,RGB,,,Benbakoura21,,,,,EB,38.76,0.065,True,True,0.002455,2.9e-05,2.9e-05,0.24137,0.00091,0.00091,2.980427585311192,1.0770993008035379,2.6200692361628324,3.2425957730185306,0.9376025225793894,4.288324923350308
7491,7520,KIC11235323_B,0.989,0.002,0.002,1.544,0.004,0.004,6319.0,254.0,254.0,3.42,0.55,0.55,-0.4,0.2,0.2,4.06,0.0,0.0,0.2687,0.0022,0.0022,,,,,Benbakoura21,,,,,EB,38.76,0.065,True,True,0.0002105,2.6e-06,2.6e-06,0.10611,0.00041,0.00041,1.6309355119110507,0.062010710146760246,1.5810015592798035,1.66907088562527,1.538561925532764,1.7330118404056238
7493,7522,HD187669_A,1.504,0.004,0.004,11.33,0.28,0.28,4650.0,80.0,80.0,53.9,3.9,3.9,-0.25,0.1,0.1,2.507,0.02,0.02,0.001034,7.7e-05,7.7e-05,,RGB,,,Helminiak15,,,,,EB,120.51,0.04,True,True,0.00268,0.0002,0.0002,0.2482,0.0061,0.0061,4.497380787211418,17.26291640874377,1.610463901819026,3.9761251787828784,0.6682649567464058,4.925727693942662
7494,7523,HD187669_B,1.505,0.004,0.004,22.62,0.5,0.5,4330.0,70.0,70.0,161.0,13.0,13.0,-0.25,0.1,0.1,1.907,0.019,0.019,0.00013,8.6e-06,8.6e-06,,RGB,,,Helminiak15,,,,,EB,120.51,0.04,True,True,0.0213,0.0014,0.0014,0.495,0.011,0.011,2.531341805269707,8.86776827749872,1.004530677915313,4.656294070536456,-6.481103957468529,5.6596267738713175
12627,12658,TV_Cet_A,1.385,0.052,0.052,1.484,0.02,0.02,6902.0,150.0,150.0,4.5,0.41,0.41,-0.122,0.005,0.005,4.237,0.02,0.02,0.424,0.023,0.023,,MS,F2V,,Eker14+18,,,,,EB,25.15,0.25,True,True,0.000616,4.1e-05,4.1e-05,0.1526,0.0032,0.0032,1.4346051707207388,0.03307506801318822,1.4136684586028847,1.4583473546749446,1.3788941903333178,1.4781965644960036
12628,12659,TV_Cet_B,1.265,0.051,0.051,1.221,0.01,0.01,6575.0,150.0,150.0,2.51,0.23,0.23,-0.122,0.005,0.005,4.367,0.019,0.019,0.695,0.033,0.033,,MS,F5V,,Eker14+18,,,,,EB,25.15,0.25,True,True,0.000397,2.3e-05,2.3e-05,0.1308,0.0024,0.0024,1.131323984813352,0.024330113325003806,1.1200651000258928,1.1447695305580194,1.0855538780297518,1.1654312415213006
12780,12813,BH_Vir_A,1.178,0.018,0.018,1.228,0.05,0.05,6100.0,100.0,100.0,1.88,0.2,0.2,-0.2839,0.0074,0.0074,4.331,0.036,0.036,0.636,0.078,0.078,,MS,F8V,,Eker14+18,,,,,EB,4.77,0.02,True,False,0.0502,0.0062,0.0062,0.662,0.027,0.027,1.0660559116896093,0.06589426034861592,1.0275247944314891,1.1027483181872317,0.9449525888507052,1.154829236772971
12781,12814,BH_Vir_B,1.05,0.015,0.015,1.118,0.04,0.04,5500.0,200.0,200.0,1.03,0.17,0.17,-0.2839,0.0074,0.0074,4.363,0.032,0.032,0.751,0.081,0.081,,MS,G5V,,Eker14+18,,,,,EB,4.77,0.02,True,False,0.0455,0.005,0.005,0.635,0.023,0.023,0.8844412597607653,0.05150525655088631,0.8438290349842598,0.9196488909951126,0.763753727251073,0.9843528418279999
12861,12894,KIC7177553_A,1.043,0.014,0.014,0.94,0.005,0.005,5800.0,130.0,130.0,0.901,0.081,0.081,0.204,0.013,0.013,4.51,0.007,0.007,1.256,0.026,0.026,,MS,G2V,,Eker14+18,,,,,EB,36.76,0.15,True,True,5.15e-05,1.3e-06,1.3e-06,0.06663,0.00054,0.00054,0.8734580346770591,0.025847328276018114,0.8496751817448502,0.8970963306788121,0.8266333285499138,0.9352991148906178
12862,12895,KIC7177553_B,0.986,0.015,0.015,0.941,0.005,0.005,5740.0,140.0,140.0,0.866,0.085,0.085,0.204,0.013,0.013,4.485,0.008,0.008,1.183,0.026,0.026,,MS,G2V,,Eker14+18,,,,,EB,36.76,0.15,True,True,5.66e-05,1.5e-06,1.5e-06,0.06843,0.00056,0.00056,0.8875032885327906,0.0249754671060228,0.8658031480747237,0.9122796288621237,0.8417468476307209,0.9492163664273506
12883,12916,KIC3230227_A,1.84,0.18,0.18,2.01,0.09,0.09,8000.0,30.0,30.0,14.9,1.4,1.4,-0.135,0.005,0.005,4.097,0.058,0.058,0.227,0.038,0.038,,MS,A6,,Eker14+18,,,,,EB,23.64,0.95,True,True,0.00189,0.0004,0.0004,0.221,0.015,0.015,2.0611642552455187,1.485108326374156,1.5423320815933457,2.275998384454072,1.3415167947530175,2.55225096137837
12884,12917,KIC3230227_B,1.73,0.17,0.17,1.68,0.08,0.08,8177.0,30.0,30.0,11.4,1.1,1.1,-0.135,0.005,0.005,4.226,0.059,0.059,0.365,0.063,0.063,,MS,A6,,Eker14+18,,,,,EB,23.64,0.95,True,True,0.00122,0.00027,0.00027,0.19,0.013,0.013,171.48241108395186,1508.8190438774077,1.3252472683506729,1.9313169821860852,0.9612991881734202,3.279043422432605
12936,12969,V443_Cyg_A,1.2,0.2,0.2,1.3,0.2,0.2,6700.0,350.0,350.0,3.1,1.1,1.1,-0.213,0.025,0.025,4.29,0.152,0.152,0.55,0.27,0.27,,MS,F2/3V,,Eker14+18,,,,,EB,9.4,0.33,True,True,0.008,0.0043,0.0043,0.358,0.062,0.062,1.3742578119891895,5.175981879432865,1.1225831796210959,1.5060826391158888,-0.4031269134172534,4.557490059294843
12937,12970,V443_Cyg_B,1.1,0.3,0.3,1.1,0.2,0.2,6200.0,550.0,550.0,1.61,0.82,0.82,-0.213,0.025,0.025,4.397,0.197,0.197,0.83,0.5,0.5,,MS,F8V,,Eker14+18,,,,,EB,9.4,0.33,True,True,0.0055,0.0034,0.0034,0.315,0.063,0.063,8.384634757840312,69.59799148471345,0.6340671144061465,1.1800578781296627,-3.1541006152918287,3.7219829032931355
12942,12975,V456_Cyg_A,1.86,0.06,0.06,1.68,0.02,0.02,7750.0,100.0,100.0,9.17,0.52,0.52,0.039,0.016,0.016,4.257,0.017,0.017,0.392,0.019,0.019,,MS,A7V,,Eker14+18,,,,,EB,5.88,0.06,True,False,0.0661,0.0039,0.0039,0.727,0.014,0.014,1.5290458950200478,0.20682629707922087,1.3446711811862548,1.717268605316877,1.0408570417368281,1.8253749662756336
12943,12976,V456_Cyg_B,1.58,0.05,0.05,1.47,0.02,0.02,6755.0,400.0,400.0,4.05,0.97,0.97,0.039,0.016,0.016,4.302,0.018,0.018,0.497,0.026,0.026,,MS,F3V,,Eker14+18,,,,,EB,5.88,0.06,True,False,0.0575,0.0036,0.0036,0.685,0.014,0.014,0.3563172924839871,8.869844040023771,1.1574052092906315,1.5999787501105087,-0.874608465055494,2.5893134205393107
13013,13046,BLG-305487_A,1.06,0.02,0.02,19.27,0.28,0.28,4248.0,375.0,440.0,108.0,41.0,41.0,0.1,0.53,0.67,1.893,0.013,0.013,0.0001481,7e-06,7e-06,,RGB,K0,,Suchomska22,,,,,EB,168.37,0.998,True,True,0.00458,0.00024,0.00024,0.2975,0.005,0.005,-0.10226283914824057,17.244848225168084,0.8151776991734341,4.6733547240618,-14.152521917520819,5.714155892162443
13014,13047,BLG-305487_B,0.991,0.018,0.018,29.99,0.24,0.24,3984.0,242.0,254.0,203.0,51.0,51.0,0.01,0.39,0.34,1.48,0.005,0.005,3.67e-05,1.1e-06,1.1e-06,,AGB,K2,,Suchomska22,,,,,EB,168.37,0.998,True,True,0.01923,0.0007,0.0007,0.4774,0.0056,0.0056,2.14062582836341,4.271130402738536,1.0368651178933346,5.11767529234236,-13.451631144812666,6.2561979057291675
13015,13048,BLG-116218_A,0.969,0.012,0.012,16.73,0.28,0.28,4233.0,204.0,196.0,81.0,15.0,15.0,-0.52,0.28,0.33,1.978,0.015,0.015,0.000207,1.1e-05,1.1e-05,,RGB,K2,,Suchomska22,,,,,EB,98.168,0.369,True,False,0.01614,0.00086,0.00086,0.4512,0.0079,0.0079,1.4051482458467335,13.050231665554662,1.4483553965263873,4.870320279945874,0.392562507389442,5.991702923476621
13016,13049,BLG-116218_B,0.983,0.012,0.012,22.06,0.26,0.26,4083.0,143.0,135.0,121.0,17.0,17.0,-0.41,0.21,0.24,1.744,0.009,0.009,9.16e-05,3.4e-06,3.4e-06,,RGB,K3,,Suchomska22,,,,,EB,98.168,0.369,True,False,0.0362,0.0014,0.0014,0.5911,0.0077,0.0077,9.435695371889953,66.74099860784652,1.1328033315453592,4.864724294476772,-6.964146328511804,5.965946953713734
