ID	M	eM1	eM2	R	eR1	eR2	Teff	eTeff1	eTeff2	Fe/H	e1_Fe/H	e2_Fe/H	Ref	logg	elogg1	elogg2	logg_from_M,R	L	eL1	eL2	L_from_SB	class	type	orbit_a	eOrbit_a	R/a	detached	well_detached	source	mode	database	rho	erho1	erho2
47_Tuc-V69_A	0,876	0,005	0,005	1,316	0,005	0,005	5945	150	150	-0,71	0,1	0,1	NA	4,143	0,003	0,003	NA	1,941	0,217	0,217	NA	MS	G	NA	NA	NA	NA	NA	eker14	EB	NA	0,09175882191053168	0,001169689175677649	0,001169689175677649
47_Tuc-V69_B	0,859	0,006	0,006	1,163	0,006	0,006	5959	150	150	-0,71	0,1	0,1	NA	4,242	0,003	0,003	NA	1,531	0,171	0,171	NA	MS	G	NA	NA	NA	NA	NA	eker14	EB	NA	0,1303663211928678	0,002213666625713926	0,002213666625713926
AD_Boo_A	1,414	0,009	0,009	1,614	0,014	0,014	6575	120	120	0,1	0,15	0,15	NA	4,173	0,008	0,008	NA	4,375	0,356	0,356	NA	MS	F	NA	NA	NA	NA	NA	eker14	EB	NA	0,08028792038871105	0,002150866160227792	0,002150866160227792
AD_Boo_B	1,209	0,006	0,006	1,218	0,01	0,01	6145	120	120	0,1	0,15	0,15	NA	4,351	0,007	0,007	NA	1,901	0,164	0,164	NA	MS	F	NA	NA	NA	NA	NA	eker14	EB	NA	0,15973343337712526	0,004013388800066067	0,004013388800066067
AG_Ari_A	2,164	0,07	0,07	2,232	0,023	0,023	10300	250	250	NA	NA	NA	NA	4,075	0,023	0,023	NA	50,35	5,497	5,497	NA	MS	B	NA	NA	NA	NA	NA	eker14	EB	NA	0,04646073503859044	0,002078844105238302	0,002078844105238302
AG_Ari_B	2,148	0,07	0,07	2,074	0,022	0,022	9800	230	230	NA	NA	NA	NA	4,137	0,023	0,023	NA	35,645	3,801	3,801	NA	MS	A	NA	NA	NA	NA	NA	eker14	EB	NA	0,05748035101388563	0,0026181545928333307	0,0026181545928333307
AI_Hya_A	1,974	0,04	0,04	2,764	0,02	0,02	7100	60	60	NA	NA	NA	NA	3,85	0,004	0,004	NA	17,418	0,654	0,654	NA	MS	F	NA	NA	NA	NA	NA	eker14	EB	NA	0,022317442418795092	0,0006627300883118665	0,0006627300883118665
AI_Hya_B	2,14	0,04	0,04	3,912	0,03	0,03	6700	60	60	NA	NA	NA	NA	3,58	0,004	0,004	NA	27,669	1,105	1,105	NA	MS	F	NA	NA	NA	NA	NA	eker14	EB	NA	0,008533528154796471	0,0002529522196060604	0,0002529522196060604
AI_Phe_A	1,234	0,004	0,004	2,932	0,048	0,048	5010	120	120	-0,14	0,1	0,1	NA	3,595	0,014	0,014	NA	4,864	0,519	0,519	NA	PMS	K	NA	NA	NA	NA	NA	torres10	EB	NA	0,01168785062413653	0,0005752770226823098	0,0005752770226823098
AI_Phe_B	1,19	0,006	0,006	1,762	0,007	0,007	6310	147	147	-0,14	0,1	0,1	NA	NA	NA	NA	NA	4,365	0,421	0,421	NA	MS	F	NA	NA	NA	NA	NA	malkov07	EB	NA	0,051932668616570185	0,0006720560977481702	0,0006720560977481702
alf_Cen_A	1,105	0,007	0,007	1,224	0,003	0,003	5824	26	26	0,24	0,04	0,04	NA	4,306	0,004	0,004	NA	1,549	0,029	0,029	NA	MS	G	NA	NA	NA	NA	NA	torres10	EB	NA	0,14385647532084012	0,0013961933306809553	0,0013961933306809553
alf_Cen_B	0,934	0,006	0,006	0,863	0,005	0,005	5223	62	62	0,24	0,04	0,04	NA	4,536	0,006	0,006	NA	0,498	0,025	0,025	NA	MS	G	NA	NA	NA	NA	NA	torres10	EB	NA	0,34691723776718636	0,006428505148356816	0,006428505148356816
alf_CrB_A	2,581	0,045	0,045	3,059	0,302	0,302	9700	200	200	NA	NA	NA	NA	3,89	0,0860851675189244	0,0860851675189244	NA	74,302	20,322	20,322	NA	MS	A	NA	NA	NA	NA	NA	eker14	EB	NA	0,021525882448320845	0,006386470097445911	0,006386470097445911
alf_CrB_B	0,922	0,025	0,025	0,906	0,04	0,04	5800	300	300	NA	NA	NA	NA	4,5	0,0401156250680685	0,0401156250680685	NA	0,834	0,243	0,243	NA	MS	G	NA	NA	NA	NA	NA	eker14	EB	NA	0,2959768329123111	0,040015270586243074	0,040015270586243074
AN_Cam_A	1,4	0,14	0,14	2,3	0,23	0,23	5495	393	393	NA	NA	NA	NA	NA	NA	NA	NA	4,305	1,748	1,748	NA	PMS	G	NA	NA	NA	NA	NA	malkov07	EB	NA	0,02746982662061151	0,008686721905105844	0,008686721905105844
AN_Cam_B	1,4	0,14	0,14	1,7	0,17	0,17	6026	431	431	NA	NA	NA	NA	NA	NA	NA	NA	3,404	1,382	1,382	NA	MS	F	NA	NA	NA	NA	NA	malkov07	EB	NA	0,06802877681518017	0,021512588117122488	0,021512588117122488
AR_Aur_A	2,48	0,098	0,098	1,781	0,036	0,036	10940	306	306	NA	NA	NA	NA	NA	NA	NA	NA	40,738	4,971	4,971	NA	MS	B	NA	NA	NA	NA	NA	malkov07	EB	NA	0,10480242049381694	0,007585512715588827	0,007585512715588827
AR_Cas_B	1,869	0,06	0,06	1,604	0,03	0,03	8150	200	200	NA	NA	NA	NA	4,3	0,02	0,02	NA	10,186	1,19	1,19	NA	MS	A	NA	NA	NA	NA	NA	eker14	EB	NA	0,10812038916925194	0,006989367698205203	0,006989367698205203
AS_Cam_B	2,51	0,05	0,05	2,0	0,15	0,15	10023	352	352	NA	NA	NA	NA	NA	NA	NA	NA	36,308	8,361	8,361	NA	MS	B	NA	NA	NA	NA	NA	malkov07	EB	NA	0,07490229509262324	0,016918937826514872	0,016918937826514872
AY_Cam_A	1,947	0,041	0,041	2,784	0,02	0,02	7250	100	100	NA	NA	NA	NA	3,832	0,015	0,015	NA	19,231	1,14	1,14	NA	MS	F	NA	NA	NA	NA	NA	eker14	EB	NA	0,021541187919086907	0,0006490720519461916	0,0006490720519461916
AY_Cam_B	1,707	0,036	0,036	2,034	0,015	0,015	7395	100	100	NA	NA	NA	NA	4,057	0,016	0,016	NA	11,117	0,659	0,659	NA	MS	F	NA	NA	NA	NA	NA	eker14	EB	NA	0,04842750181252323	0,0014802024249828756	0,0014802024249828756
bet_Aur_A	2,369	0,027	0,027	2,762	0,017	0,017	9350	200	200	NA	NA	NA	NA	3,932	0,005	0,005	NA	52,36	4,92	4,92	NA	MS	A	NA	NA	NA	NA	NA	eker14	EB	NA	0,026841416351768607	0,0005824329442113847	0,0005824329442113847
bet_Aur_B	2,295	0,027	0,027	2,568	0,017	0,017	9200	200	200	NA	NA	NA	NA	3,979	0,005	0,005	NA	42,462	4,097	4,097	NA	MS	A	NA	NA	NA	NA	NA	eker14	EB	NA	0,03235258764293225	0,0007467916909443623	0,0007467916909443623
BG_Ind_A	1,428	0,008	0,008	2,29	0,017	0,017	6353	270	270	-0,2	0,1	0,1	NA	3,86505724276038	0,0068917938020421	0,0068917938020421	NA	7,907	1,621	1,621	NA	MS	F	NA	NA	NA	NA	NA	eker14	EB	NA	0,02838789244480446	0,0006519154916152006	0,0006519154916152006
BG_Ind_B	1,293	0,008	0,008	1,68	0,038	0,039	6653	233	233	-0,2	0,1	0,1	NA	4,09097996142867	0,0198295561346882	0,020341925232502	NA	5,117	0,881	0,881	NA	MS	F	NA	NA	NA	NA	NA	eker14	EB	NA	0,0651001621649953	0,0044358358185666615	0,0045516181085409205
BH_Vir_A	1,166	0,008	0,008	1,247	0,024	0,024	6100	100	100	NA	NA	NA	NA	4,313	0,017	0,017	NA	1,932	0,153	0,153	NA	MS	F	NA	NA	NA	NA	NA	torres10	EB	NA	0,1435524406504529	0,008346826948437112	0,008346826948437112
BH_Vir_B	1,05	0,015	0,015	1,118	0,04	0,04	5500	200	200	NA	NA	NA	NA	4,35430569196913	0,0316897899866806	0,0316897899866806	NA	1,028	0,199	0,199	NA	MS	G	NA	NA	NA	NA	NA	eker14	EB	NA	0,17938052019590348	0,01942350801338325	0,01942350801338325
BK_Peg_A	1,43	0,02	0,02	1,97	0,07	0,07	6053	28	28	-0,12	0,07	0,07	NA	NA	NA	NA	NA	4,677	0,335	0,335	NA	MS	F	NA	NA	NA	NA	NA	malkov07	EB	NA	0,04465280541997304	0,004800737750778811	0,004800737750778811
BK_Peg_B	1,28	0,01	0,01	1,57	0,11	0,11	6123	28	28	-0,12	0,07	0,07	NA	NA	NA	NA	NA	3,09	0,458	0,458	NA	MS	F	NA	NA	NA	NA	NA	malkov07	EB	NA	0,07896277513007183	0,016608731829663777	0,016608731829663777
BP_Vul_A	1,737	0,015	0,015	1,853	0,014	0,014	7709	150	150	NA	NA	NA	NA	4,142	0,007	0,007	NA	10,889	0,941	0,941	NA	MS	A	NA	NA	NA	NA	NA	eker14	EB	NA	0,06517558698242498	0,0015808517998813934	0,0015808517998813934
BP_Vul_B	1,408	0,009	0,009	1,489	0,014	0,014	6823	150	150	NA	NA	NA	NA	4,24	0,008	0,008	NA	4,315	0,427	0,427	NA	MS	F	NA	NA	NA	NA	NA	eker14	EB	NA	0,10181926372564548	0,002944821253927379	0,002944821253927379
BS_Dra_A	1,363	0,054	0,054	1,508	0,043	0,043	6699	479	479	NA	NA	NA	NA	NA	NA	NA	NA	4,256	0,089	0,089	NA	MS	F	NA	NA	NA	NA	NA	malkov07	EB	NA	0,09488623660935651	0,008945191116908049	0,008945191116908049
BS_Dra_B	1,361	0,054	0,054	1,434	0,044	0,044	6668	15	15	NA	NA	NA	NA	NA	NA	NA	NA	3,784	0,088	0,088	NA	MS	F	NA	NA	NA	NA	NA	malkov07	EB	NA	0,11018489494044635	0,011044617619379454	0,011044617619379454
BW_Aqr_A	1,479	0,02	0,02	2,057	0,04	0,04	6350	100	100	-0,07	0,11	0,11	NA	3,981	0,019	0,019	NA	6,18	0,488	0,488	NA	MS	F	NA	NA	NA	NA	NA	eker14	EB	NA	0,04056735472664725	0,0024293419243208757	0,0024293419243208757
BW_Aqr_B	1,377	0,02	0,02	1,788	0,04	0,04	6450	100	100	-0,07	0,11	0,11	NA	4,075	0,022	0,022	NA	4,966	0,417	0,417	NA	MS	F	NA	NA	NA	NA	NA	eker14	EB	NA	0,057509923192446785	0,003949076119215184	0,003949076119215184
CD_Tau_A	1,441	0,016	0,016	1,798	0,017	0,017	6200	50	50	0,08	0,15	0,15	NA	4,087	0,01	0,01	NA	4,285	0,171	0,171	NA	MS	F	NA	NA	NA	NA	NA	eker14	EB	NA	0,05918427191914277	0,0018027904291465066	0,0018027904291465066
CD_Tau_B	1,366	0,016	0,016	1,584	0,02	0,02	6200	50	50	0,08	0,15	0,15	NA	4,174	0,012	0,012	NA	3,327	0,141	0,141	NA	MS	F	NA	NA	NA	NA	NA	eker14	EB	NA	0,08205339563704174	0,0032532879602973127	0,0032532879602973127
CF_Tau_A	1,282	0,009	0,009	2,797	0,011	0,011	5200	150	150	NA	NA	NA	NA	3,653	0,005	0,005	NA	5,14	0,667	0,667	NA	PMS	G	NA	NA	NA	NA	NA	eker14	EB	NA	0,013986917612935435	0,00019202643844583276	0,00019202643844583276
CF_Tau_B	1,252	0,011	0,011	2,048	0,016	0,016	6000	150	150	NA	NA	NA	NA	3,913	0,008	0,008	NA	4,875	0,545	0,545	NA	MS	F	NA	NA	NA	NA	NA	eker14	EB	NA	0,034795722822493345	0,0008709427056417162	0,0008709427056417162
CG_Cyg_A	0,948	0,012	0,012	0,896	0,013	0,013	5260	185	185	NA	NA	NA	NA	4,512	0,014	0,014	NA	0,552	0,092	0,092	NA	MS	G	NA	NA	NA	NA	NA	eker14	EB	NA	0,31462678975568936	0,014262042467640148	0,014262042467640148
CG_Cyg_B	0,821	0,013	0,013	0,846	0,014	0,014	4720	66	66	NA	NA	NA	NA	4,505	0,016	0,016	NA	0,319	0,022	0,022	NA	PMS	K	NA	NA	NA	NA	NA	eker14	EB	NA	0,3237005659403506	0,016867847783234146	0,016867847783234146
chi02_Hya_B	2,638	0,05	0,05	2,165	0,043	0,043	10990	256	256	NA	NA	NA	NA	NA	NA	NA	NA	61,66	5,949	30,509	NA	MS	B	NA	NA	NA	NA	NA	malkov07	EB	NA	0,06206010125671223	0,0038803859478106716	0,0038803859478106716
CM_Lac_A	1,971	0,06	0,06	1,509	0,03	0,03	9000	300	300	NA	NA	NA	NA	4,37	0,02	0,02	NA	13,428	2,168	2,168	NA	MS	A	NA	NA	NA	NA	NA	eker14	EB	NA	0,1369399912086559	0,009169729801777014	0,009169729801777014
CM_Lac_B	1,503	0,1	0,1	1,549	0,03	0,03	4586	160	160	NA	NA	NA	NA	4,23	0,03	0,03	NA	0,953	0,161	0,161	NA	PMS	K	NA	NA	NA	NA	NA	eker14	EB	NA	0,0965419614149233	0,008527755567969123	0,008527755567969123
CN_Lyn_A	1,038	0,02	0,02	1,799	0,21	0,21	6500	250	250	NA	NA	NA	NA	3,94	0,1	0,1	NA	5,188	2,006	2,006	NA	MS	F	NA	NA	NA	NA	NA	eker14	EB	NA	0,04256133621286281	0,014927291149282691	0,014927291149282691
CN_Lyn_B	1,038	0,02	0,02	1,839	0,24	0,24	6455	260	260	NA	NA	NA	NA	3,93	0,11	0,11	NA	5,272	2,331	2,331	NA	MS	F	NA	NA	NA	NA	NA	eker14	EB	NA	0,0398440573465216	0,015618510211967576	0,015618510211967576
CO_And_A	1,289	0,007	0,007	1,727	0,021	0,021	6140	130	130	0,01	0,15	0,15	NA	4,074	0,011	0,011	NA	3,802	0,367	0,367	NA	MS	F	NA	NA	NA	NA	NA	eker14	EB	NA	0,05974303692164172	0,002203409456563111	0,002203409456563111
CO_And_B	1,264	0,007	0,007	1,694	0,017	0,017	6170	130	130	0,01	0,15	0,15	NA	4,082	0,009	0,009	NA	3,733	0,351	0,351	NA	MS	F	NA	NA	NA	NA	NA	eker14	EB	NA	0,06207521703455536	0,0019002073591008431	0,0019002073591008431
CV_Boo_A	1,045	0,013	0,013	1,269	0,023	0,023	5760	150	150	NA	NA	NA	NA	4,249	0,016	0,016	NA	1,592	0,198	0,198	NA	MS	G	NA	NA	NA	NA	NA	eker14	EB	NA	0,12207952051524029	0,006809409519175832	0,006809409519175832
CV_Boo_B	0,995	0,012	0,012	1,18	0,023	0,023	5670	150	150	NA	NA	NA	NA	4,285	0,017	0,017	NA	1,291	0,164	0,164	NA	MS	G	NA	NA	NA	NA	NA	eker14	EB	NA	0,1445734182685753	0,008631804267012095	0,008631804267012095
CW_CMa_A	2,092	0,015	0,015	1,885	0,038	0,038	10186	480	480	NA	NA	NA	NA	NA	NA	NA	NA	34,356	6,949	6,949	NA	MS	B	NA	NA	NA	NA	NA	malkov07	EB	NA	0,07456568420926497	0,004541125932903697	0,004541125932903697
CW_CMa_B	1,977	0,016	0,016	1,789	0,072	0,072	9772	508	508	NA	NA	NA	NA	NA	NA	NA	NA	26,062	5,271	5,271	NA	MS	A	NA	NA	NA	NA	NA	malkov07	EB	NA	0,08243032996502857	0,009974793504020323	0,009974793504020323
CW_Eri_A	1,583	0,02	0,02	2,093	0,05	0,05	6840	86	86	NA	NA	NA	NA	3,98794245818498	0,0214630721781817	0,0214630721781817	NA	8,61	0,637	0,637	NA	MS	F	NA	NA	NA	NA	NA	eker14	EB	NA	0,04121778224748565	0,002999524593541022	0,002999524593541022
CW_Eri_B	1,327	0,01	0,01	1,569	0,07	0,07	6561	100	100	NA	NA	NA	NA	4,16162503569056	0,0388895332421045	0,0388895332421045	NA	4,093	0,499	0,499	NA	MS	F	NA	NA	NA	NA	NA	eker14	EB	NA	0,08201881357406023	0,010995047546292954	0,010995047546292954
DM_Vir_A	1,454	0,008	0,008	1,764	0,017	0,017	6500	100	100	NA	NA	NA	NA	4,108	0,009	0,009	NA	4,989	0,345	0,345	NA	MS	F	NA	NA	NA	NA	NA	eker14	EB	NA	0,06323828082482005	0,0018611309353191042	0,0018611309353191042
DM_Vir_B	1,448	0,008	0,008	1,764	0,017	0,017	6500	300	300	NA	NA	NA	NA	4,106	0,008	0,008	NA	4,989	0,332	0,332	NA	MS	F	NA	NA	NA	NA	NA	torres10	EB	NA	0,0629773250580051	0,001853719850708748	0,001853719850708748
DV_Psc_A	0,677	0,019	0,02	0,685	0,03	0,03	4450	8	8	NA	NA	NA	NA	4,58920752570029	0,0399453414433454	0,0401457294805825	NA	0,165	0,016	0,016	NA	PMS	K	NA	NA	NA	NA	NA	eker14	EB	NA	0,5028382947337676	0,06755675276035279	0,06771580297667888
EE_Peg_A	2,151	0,024	0,024	2,09	0,025	0,025	8700	200	200	NA	NA	NA	NA	4,131	0,01	0,01	NA	22,491	2,227	2,227	NA	MS	A	NA	NA	NA	NA	NA	torres10	EB	NA	0,0562487586859889	0,002113814062110417	0,002113814062110417
EE_Peg_B	1,332	0,01	0,01	1,321	0,01	0,01	6450	300	300	NA	NA	NA	NA	4,33	0,01	0,01	NA	2,71	0,624	0,624	NA	MS	F	NA	NA	NA	NA	NA	eker14	EB	NA	0,13794538089266944	0,003299490485282401	0,003299490485282401
EF_Aqr_A	1,244	0,008	0,008	1,338	0,012	0,012	6150	65	65	0,0	0,1	0,1	NA	4,28	0,007	0,007	NA	2,301	0,108	0,108	NA	MS	F	NA	NA	NA	NA	NA	eker14	EB	NA	0,12398336828555324	0,003429837436811261	0,003429837436811261
EF_Aqr_B	0,946	0,006	0,006	0,956	0,012	0,012	5185	110	110	0,0	0,1	0,1	NA	4,453	0,011	0,011	NA	0,593	0,057	0,057	NA	MS	K	NA	NA	NA	NA	NA	eker14	EB	NA	0,2584811339611389	0,009870695791727377	0,009870695791727377
EG_Ser_A	2,2	0,05	0,05	1,689	0,01	0,01	9900	200	200	NA	NA	NA	NA	4,3	0,1	0,1	NA	24,604	2,188	2,188	NA	MS	A	NA	NA	NA	NA	NA	eker14	EB	NA	0,1090046746021964	0,0031442080311296985	0,0031442080311296985
EG_Ser_B	1,99	0,03	0,03	1,549	0,01	0,01	9100	200	200	NA	NA	NA	NA	4,36	0,08	0,08	NA	14,757	1,424	1,424	NA	MS	A	NA	NA	NA	NA	NA	eker14	EB	NA	0,12782335543293238	0,003137173185973343	0,003137173185973343
EI_Cep_A	1,772	0,007	0,007	2,898	0,048	0,048	6750	100	100	NA	NA	NA	NA	3,763	0,014	0,014	NA	15,668	1,159	1,159	NA	MS	F	NA	NA	NA	NA	NA	eker14	EB	NA	0,017381208322736607	0,0008663875466562387	0,0008663875466562387
EI_Cep_B	1,68	0,006	0,006	2,33	0,044	0,044	6950	100	100	NA	NA	NA	NA	3,929	0,016	0,016	NA	11,376	0,842	0,842	NA	MS	F	NA	NA	NA	NA	NA	eker14	EB	NA	0,03170683622324049	0,0017998329248051195	0,0017998329248051195
EK_Cep_A	2,024	0,02	0,02	1,579	0,015	0,015	9000	200	200	0,07	0,05	0,05	NA	4,35	0,015	0,015	NA	14,689	1,454	1,454	NA	MS	A	NA	NA	NA	NA	NA	eker14	EB	NA	0,12273700141554365	0,0037021808777612706	0,0037021808777612706
EK_Cep_B	1,122	0,01	0,01	1,315	0,015	0,015	5700	190	190	0,07	0,05	0,05	NA	4,251	0,015	0,015	NA	1,641	0,256	0,256	NA	MS	G	NA	NA	NA	NA	NA	eker14	EB	NA	0,11779503597428394	0,0041654834263625895	0,0041654834263625895
ER_Vul_A	1,093	0,07	0,07	1,161	0,06	0,06	6000	52	52	NA	NA	NA	NA	4,33895572247256	0,0528069620912188	0,0528069620912188	NA	1,567	0,191	0,191	NA	MS	F	NA	NA	NA	NA	NA	eker14	EB	NA	0,1667381173068748	0,027969612289519618	0,027969612289519618
ER_Vul_B	1,055	0,06	0,06	1,181	0,14	0,14	5883	52	52	NA	NA	NA	NA	4,30875266440668	0,105886637734529	0,105886637734529	NA	1,5	0,473	0,473	NA	MS	G	NA	NA	NA	NA	NA	eker14	EB	NA	0,15290234902507008	0,055067714618836895	0,055067714618836895
EW_Ori_A	1,173	0,011	0,011	1,169	0,005	0,005	6070	95	95	0,05	0,09	0,09	NA	4,372	0,005	0,005	NA	1,667	0,111	0,111	NA	MS	F	NA	NA	NA	NA	NA	eker14	EB	NA	0,1752935229521272	0,00278594002369598	0,00278594002369598
EW_Ori_B	1,123	0,009	0,009	1,098	0,005	0,005	5900	95	95	0,05	0,09	0,09	NA	4,408	0,005	0,005	NA	1,312	0,091	0,091	NA	MS	G	NA	NA	NA	NA	NA	eker14	EB	NA	0,20252755820232812	0,0032077233111469095	0,0032077233111469095
EY_Cep_A	1,524	0,008	0,008	1,463	0,01	0,01	7090	150	150	NA	NA	NA	NA	4,29	0,006	0,006	NA	4,853	0,456	0,456	NA	MS	F	NA	NA	NA	NA	NA	eker14	EB	NA	0,11618856269637563	0,0024593686985178633	0,0024593686985178633
EY_Cep_B	1,5	0,014	0,014	1,468	0,01	0,01	6970	150	150	NA	NA	NA	NA	4,28	0,006	0,006	NA	4,571	0,441	0,441	NA	MS	F	NA	NA	NA	NA	NA	eker14	EB	NA	0,1131942804250544	0,0025430698503200663	0,0025430698503200663
FL_Lyr_A	1,218	0,016	0,016	1,282	0,03	0,03	6150	100	100	NA	NA	NA	NA	4,31	0,02	0,02	NA	2,109	0,182	0,182	NA	MS	F	NA	NA	NA	NA	NA	eker14	EB	NA	0,13800493073369632	0,009856486015559118	0,009856486015559118
FL_Lyr_B	0,958	0,012	0,012	0,962	0,028	0,028	5300	100	100	NA	NA	NA	NA	4,453	0,025	0,025	NA	0,656	0,065	0,065	NA	MS	G	NA	NA	NA	NA	NA	torres10	EB	NA	0,2568926528943172	0,022661006704130057	0,022661006704130057
FM_Leo_A	1,318	0,007	0,007	1,649	0,043	0,043	6316	240	240	NA	NA	NA	NA	4,124	0,023	0,023	NA	3,882	0,742	0,742	NA	MS	F	NA	NA	NA	NA	NA	eker14	EB	NA	0,07017215823536821	0,005502150530435502	0,005502150530435502
FM_Leo_B	1,287	0,007	0,007	1,512	0,049	0,049	6190	211	211	NA	NA	NA	NA	4,189	0,028	0,028	NA	3,013	0,535	0,535	NA	MS	F	NA	NA	NA	NA	NA	eker14	EB	NA	0,08888624587851324	0,008655230939384277	0,008655230939384277
FS_Mon_A	1,632	0,012	0,012	2,061	0,012	0,012	6715	100	100	NA	NA	NA	NA	4,026	0,005	0,005	NA	7,762	0,498	0,498	NA	MS	F	NA	NA	NA	NA	NA	eker14	EB	NA	0,04450384862991096	0,000843427809659985	0,000843427809659985
FS_Mon_B	1,462	0,01	0,01	1,637	0,012	0,012	6550	100	100	NA	NA	NA	NA	4,179	0,006	0,006	NA	4,426	0,295	0,295	NA	MS	F	NA	NA	NA	NA	NA	eker14	EB	NA	0,07956328850996697	0,001832390428014551	0,001832390428014551
FT_Ori_A	2,168	0,022	0,022	1,871	0,013	0,013	9600	400	400	NA	NA	NA	NA	4,237	0,006	0,006	NA	26,669	5,32	5,32	NA	MS	A	NA	NA	NA	NA	NA	eker14	EB	NA	0,07902223451168194	0,0018319966317594412	0,0018319966317594412
FT_Ori_B	1,773	0,02	0,02	1,626	0,013	0,013	8600	300	300	NA	NA	NA	NA	4,272	0,007	0,007	NA	12,972	2,129	2,129	NA	MS	A	NA	NA	NA	NA	NA	eker14	EB	NA	0,09845969871937071	0,0026097156064313638	0,0026097156064313638
GG_Lup_B	2,509	0,024	0,024	1,725	0,019	0,019	10990	624	624	NA	NA	NA	NA	NA	NA	NA	NA	38,905	10,073	10,073	NA	MS	B	NA	NA	NA	NA	NA	malkov07	EB	NA	0,11669298622834158	0,00401425818007376	0,00401425818007376
GG_Ori_A	2,342	0,016	0,016	1,852	0,025	0,025	9950	200	200	NA	NA	NA	NA	4,272	0,012	0,012	NA	30,2	2,761	2,761	NA	MS	A	NA	NA	NA	NA	NA	eker14	EB	NA	0,08801877792133828	0,0036148409193824524	0,0036148409193824524
GG_Ori_B	2,337	0,017	0,017	1,83	0,025	0,025	9950	200	200	NA	NA	NA	NA	4,282	0,012	0,012	NA	29,444	2,766	2,766	NA	MS	A	NA	NA	NA	NA	NA	eker14	EB	NA	0,0910367686198305	0,0037893295782492663	0,0037893295782492663
GX_Gem_A	1,488	0,011	0,011	2,334	0,012	0,012	6194	100	100	-0,12	0,1	0,1	NA	3,887	0,004	0,004	NA	7,194	0,497	0,497	NA	MS	F	NA	NA	NA	NA	NA	eker14	EB	NA	0,02793905848452218	0,00047787512361487696	0,00047787512361487696
GX_Gem_B	1,467	0,01	0,01	2,244	0,012	0,012	6166	100	100	-0,12	0,1	0,1	NA	3,904	0,005	0,005	NA	6,531	0,467	0,467	NA	MS	F	NA	NA	NA	NA	NA	eker14	EB	NA	0,030993665870838606	0,0005402483964678855	0,0005402483964678855
GZ_CMa_A	2,201	0,025	0,025	2,49	0,03	0,03	8810	350	350	NA	NA	NA	NA	3,99	0,01	0,01	NA	33,497	6,406	6,406	NA	MS	A	NA	NA	NA	NA	NA	eker14	EB	NA	0,03403559850718124	0,0012895160143928301	0,0012895160143928301
GZ_CMa_B	2,001	0,025	0,025	2,13	0,04	0,04	8531	340	340	NA	NA	NA	NA	4,08	0,015	0,015	NA	21,577	4,245	4,245	NA	MS	A	NA	NA	NA	NA	NA	eker14	EB	NA	0,049433307462047923	0,0028526347827613876	0,0028526347827613876
HP_Aur_A	0,959	0,011	0,011	1,052	0,012	0,012	5790	80	80	NA	NA	NA	NA	4,375	0,009	0,009	NA	1,117	0,072	0,072	NA	MS	G	NA	NA	NA	NA	NA	eker14	EB	NA	0,19664494119620765	0,007097253989110046	0,007097253989110046
HP_Aur_B	0,807	0,01	0,01	0,823	0,009	0,009	5270	90	90	NA	NA	NA	NA	4,514	0,011	0,011	NA	0,469	0,036	0,036	NA	MS	G	NA	NA	NA	NA	NA	eker14	EB	NA	0,3456092995140412	0,012120186084078855	0,012120186084078855
HP_Dra_A	1,056	0,005	0,005	1,34	0,012	0,012	6000	150	150	NA	NA	NA	NA	4,218	0,01	0,01	NA	2,089	0,239	0,239	NA	MS	F	NA	NA	NA	NA	NA	eker14	EB	NA	0,10477578269998396	0,0028582539757766984	0,0028582539757766984
HP_Dra_B	1,024	0,007	0,007	1,028	0,01	0,01	5895	150	150	NA	NA	NA	NA	4,433	0,011	0,011	NA	1,146	0,134	0,134	NA	MS	G	NA	NA	NA	NA	NA	eker14	EB	NA	0,22502563885952898	0,006744655039192358	0,006744655039192358
HS_Aur_A	0,898	0,019	0,019	1,005	0,023	0,023	5350	70	70	-0,01	0,01	0,01	NA	4,39	0,02	0,02	NA	0,743	0,055	0,055	NA	MS	G	NA	NA	NA	NA	NA	eker14	EB	NA	0,21119787399458056	0,015173080763235964	0,015173080763235964
HS_Aur_B	0,877	0,017	0,017	0,874	0,03	0,03	5200	72	72	-0,01	0,01	0,01	NA	4,5	0,03	0,03	NA	0,501	0,048	0,048	NA	MS	G	NA	NA	NA	NA	NA	eker14	EB	NA	0,3136004564685124	0,03286012816831303	0,03286012816831303
HS_Hya_A	1,255	0,008	0,008	1,278	0,007	0,007	6500	50	50	NA	NA	NA	NA	4,326	0,006	0,006	NA	2,618	0,086	0,086	NA	MS	F	NA	NA	NA	NA	NA	eker14	EB	NA	0,1435365670518216	0,0025298393482150123	0,0025298393482150123
HS_Hya_B	1,219	0,007	0,007	1,22	0,007	0,007	6400	50	50	NA	NA	NA	NA	4,354	0,006	0,006	NA	2,244	0,079	0,079	NA	MS	F	NA	NA	NA	NA	NA	eker14	EB	NA	0,16026386208731713	0,00290810077693519	0,00290810077693519
HW_CMa_A	1,779	0,012	0,012	1,668	0,021	0,021	7700	150	150	0,28	0,1	0,1	NA	4,247	0,011	0,011	NA	8,79	0,782	0,782	NA	MS	A	NA	NA	NA	NA	NA	eker14	EB	NA	0,09151645732236795	0,003511247486839595	0,003511247486839595
HW_CMa_B	1,719	0,011	0,011	1,649	0,018	0,018	7560	150	150	0,33	0,1	0,1	NA	4,242	0,01	0,01	NA	7,98	0,71	0,71	NA	MS	A	NA	NA	NA	NA	NA	eker14	EB	NA	0,0915219575163869	0,0030537654727529466	0,0030537654727529466
IM_Vir_A	0,981	0,012	0,012	1,062	0,016	0,016	5570	100	100	-0,1	0,25	0,25	NA	4,379	0,014	0,014	NA	0,975	0,082	0,082	NA	MS	G	NA	NA	NA	NA	NA	eker14	EB	NA	0,1955270499568795	0,009155318361996904	0,009155318361996904
IM_Vir_B	0,664	0,005	0,005	0,681	0,013	0,013	4250	130	130	-0,1	0,25	0,25	NA	4,594	0,017	0,017	NA	0,136	0,02	0,02	NA	PMS	K	NA	NA	NA	NA	NA	eker14	EB	NA	0,5019241986941838	0,028991974569743017	0,028991974569743017
IQ_Per_B	1,733	0,02	0,02	1,509	0,02	0,02	7670	100	100	NA	NA	NA	NA	4,324	0,013	0,013	NA	7,079	0,437	0,437	NA	MS	A	NA	NA	NA	NA	NA	eker14	EB	NA	0,12040436568472891	0,004985029735669402	0,004985029735669402
IT_Cas_A	1,33	0,009	0,009	1,603	0,015	0,015	6470	110	110	NA	NA	NA	NA	4,158	0,009	0,009	NA	4,046	0,309	0,309	NA	MS	F	NA	NA	NA	NA	NA	eker14	EB	NA	0,07708368439537025	0,0022259024153453593	0,0022259024153453593
IT_Cas_B	1,328	0,008	0,008	1,569	0,04	0,04	6470	110	110	NA	NA	NA	NA	4,175	0,02	0,02	NA	3,873	0,364	0,364	NA	MS	F	NA	NA	NA	NA	NA	eker14	EB	NA	0,08208062127080029	0,006297119617648172	0,006297119617648172
Kepler-34A	1,0479	0,0033	0,003	1,1618	0,0027	0,0031	5913	130	130	-0,07	0,15	0,15	NA	4,3284	0,0021	0,0021	NA	1,49	0,13	0,13	NA	MS	G	NA	NA	NA	NA	NA	welsh12	EB	NA	0,15952807131596172	0,0012204171541816834	0,001356205936659709
Kepler-34B	1,0208	0,0022	0,0022	1,0927	0,0032	0,0027	5867	130	130	-0,07	0,15	0,15	NA	4,3703	0,0022	0,0022	NA	1,28	0,11	0,11	NA	MS	G	NA	NA	NA	NA	NA	welsh12	EB	NA	0,18678810788935415	0,0016896957088333934	0,0014419609513346933
Kepler-35A	0,8876	0,0051	0,0053	1,0284	0,002	0,0019	5606	150	150	-0,34	0,2	0,2	NA	4,3623	0,002	0,002	NA	0,94	0,1	0,1	NA	MS	G	NA	NA	NA	NA	NA	welsh12	EB	NA	0,19482401103161928	0,0015953422297377035	0,001587248312375175
Kepler-35B	0,8094	0,0041	0,0044	0,7861	0,002	0,0022	5202	100	100	-0,34	0,2	0,2	NA	4,5556	0,0016	0,0016	NA	0,41	0,03	0,03	NA	MS	G	NA	NA	NA	NA	NA	welsh12	EB	NA	0,3977784049263859	0,003643874511505529	0,003978623961444989
KIC_6131659_A	0,922	0,007	0,007	0,88	0,003	0,003	5660	140	140	-0,21	0,1	0,1	NA	4,50576557675329	0,0044316972988704	0,0044316972988704	NA	0,713	0,078	0,078	NA	MS	G	NA	NA	NA	NA	NA	eker14	EB	NA	0,32299388132761325	0,004114065636619203	0,004114065636619203
KIC_6131659_B	0,685	0,005	0,005	0,64	0,006	0,006	4780	105	105	-0,21	0,1	0,1	NA	4,65333062352465	0,0087383011588306	0,0087383011588306	NA	0,192	0,019	0,019	NA	MS	K	NA	NA	NA	NA	NA	eker14	EB	NA	0,6238239441944978	0,01812629905303512	0,01812629905303512
KW_Hya_A	1,978	0,036	0,036	2,125	0,016	0,016	7998	205	205	NA	NA	NA	NA	NA	NA	NA	NA	16,596	1,601	1,601	NA	MS	A	NA	NA	NA	NA	NA	malkov07	EB	NA	0,0492108509404988	0,001427518263485177	0,001427518263485177
KW_Hya_B	1,485	0,017	0,017	1,486	0,022	0,022	6900	200	200	NA	NA	NA	NA	4,268	0,01	0,01	NA	4,498	0,607	0,607	NA	MS	F	NA	NA	NA	NA	NA	eker14	EB	NA	0,10803921402531011	0,004955342383639829	0,004955342383639829
LL_Aqr_A	1,223	0,058	0,058	1,325	0,02	0,02	6680	160	160	0,02	0,04	0,04	NA	4,281	0,009	0,009	NA	3,141	0,351	0,351	NA	MS	F	NA	NA	NA	NA	NA	eker14	EB	NA	0,1255134343016937	0,00823010483269167	0,00823010483269167
LL_Aqr_B	1,055	0,051	0,051	1,005	0,016	0,016	6200	160	160	0,02	0,04	0,04	NA	4,457	0,01	0,01	NA	1,34	0,163	0,163	NA	MS	F	NA	NA	NA	NA	NA	eker14	EB	NA	0,24812222390231903	0,016861372766138704	0,016861372766138704
LV_Her_A	1,192	0,01	0,01	1,358	0,012	0,012	6060	150	150	0,08	0,21	0,21	NA	4,249	0,008	0,008	NA	2,234	0,25	0,25	NA	MS	F	NA	NA	NA	NA	NA	eker14	EB	NA	0,11362877802781007	0,00315948728808487	0,00315948728808487
LV_Her_B	1,169	0,008	0,008	1,313	0,011	0,011	6030	150	150	0,08	0,21	0,21	NA	4,27	0,008	0,008	NA	2,046	0,229	0,229	NA	MS	F	NA	NA	NA	NA	NA	eker14	EB	NA	0,12329109892916199	0,0032115255404651464	0,0032115255404651464
MP_Del_A	1,559	0,085	0,085	2,429	0,046	0,046	7400	120	120	NA	NA	NA	NA	3,86	0,011	0,011	NA	15,885	1,294	1,294	NA	MS	F	NA	NA	NA	NA	NA	eker14	EB	NA	0,02597018010314149	0,002044966056793049	0,002044966056793049
MP_Del_B	1,248	0,074	0,074	1,576	0,03	0,03	6927	120	120	NA	NA	NA	NA	4,14	0,013	0,013	NA	5,129	0,443	0,443	NA	MS	F	NA	NA	NA	NA	NA	eker14	EB	NA	0,07611273651131766	0,006265814541707023	0,006265814541707023
MW_UMa_A	1,257	0,095	0,095	1,258	0,01	0,01	6514	130	130	NA	NA	NA	NA	4,36	0,004	0,004	NA	2,559	0,228	0,228	NA	MS	F	NA	NA	NA	NA	NA	eker14	EB	NA	0,15073175128655733	0,01194547517642008	0,01194547517642008
MW_UMa_B	1,124	0,091	0,091	1,138	0,01	0,01	6112	22	22	NA	NA	NA	NA	4,37	0,004	0,004	NA	1,622	0,038	0,038	NA	MS	F	NA	NA	NA	NA	NA	eker14	EB	NA	0,1820752503416551	0,015502739402730741	0,015502739402730741
MY_Cyg_A	1,811	0,025	0,025	2,193	0,05	0,05	6998	163	163	NA	NA	NA	NA	NA	NA	NA	NA	10,233	0,987	0,987	NA	MS	F	NA	NA	NA	NA	NA	malkov07	EB	NA	0,04099340053858733	0,0028604612517106275	0,0028604612517106275
MY_Cyg_B	1,786	0,03	0,03	2,193	0,05	0,05	7047	164	164	NA	NA	NA	NA	NA	NA	NA	NA	10,715	1,034	1,034	NA	MS	F	NA	NA	NA	NA	NA	malkov07	EB	NA	0,04042750599774543	0,002847380983043197	0,002847380983043197
OO_Peg_A	1,759	0,031	0,031	2,204	0,081	0,081	8770	150	150	NA	NA	NA	NA	3,99	0,04	0,04	NA	25,823	2,885	2,885	NA	MS	A	NA	NA	NA	NA	NA	eker14	EB	NA	0,03922314917067047	0,0043794110011206215	0,0043794110011206215
OO_Peg_B	1,7	0,03	0,03	1,379	0,05	0,05	8683	180	180	NA	NA	NA	NA	4,39	0,04	0,04	NA	9,705	1,209	1,209	NA	MS	A	NA	NA	NA	NA	NA	eker14	EB	NA	0,1547631332217867	0,017054381116373685	0,017054381116373685
PT_Vel_A	2,199	0,016	0,016	2,095	0,02	0,02	9247	150	150	NA	NA	NA	NA	4,138	0,008	0,008	NA	28,84	2,063	2,063	NA	MS	A	NA	NA	NA	NA	NA	eker14	EB	NA	0,057093220089844306	0,001687071717066249	0,001687071717066249
PT_Vel_B	1,626	0,009	0,009	1,56	0,02	0,02	7638	180	180	NA	NA	NA	NA	4,263	0,011	0,011	NA	7,43	0,811	0,811	NA	MS	A	NA	NA	NA	NA	NA	eker14	EB	NA	0,1022487804816787	0,003973160238353938	0,003973160238353938
PV_Cas_A	2,827	0,05	0,05	2,243	0,035	0,035	10000	233	233	NA	NA	NA	NA	NA	NA	NA	NA	44,668	4,31	4,31	NA	MS	B	NA	NA	NA	NA	NA	malkov07	EB	NA	0,059806636483156754	0,002992847122416481	0,002992847122416481
PV_Cas_B	2,768	0,054	0,054	2,287	0,035	0,035	10000	233	233	NA	NA	NA	NA	NA	NA	NA	NA	46,774	4,513	4,513	NA	MS	B	NA	NA	NA	NA	NA	malkov07	EB	NA	0,05524321974471029	0,0027557841370085957	0,0027557841370085957
PV_Pup_A	1,539	0,012	0,012	1,536	0,016	0,016	6920	300	300	NA	NA	NA	NA	4,256	0,01	0,01	NA	4,853	1,022	1,022	NA	MS	F	NA	NA	NA	NA	NA	eker14	EB	NA	0,10138562049237677	0,0032654354155640056	0,0032654354155640056
PV_Pup_B	1,527	0,014	0,014	1,493	0,016	0,016	6930	300	300	NA	NA	NA	NA	4,278	0,01	0,01	NA	4,613	0,972	0,972	NA	MS	F	NA	NA	NA	NA	NA	eker14	EB	NA	0,10953956314338012	0,0036621001765132764	0,0036621001765132764
RR_Lyn_A	1,935	0,008	0,008	2,579	0,02	0,02	7570	100	100	NA	NA	NA	NA	3,9	0,005	0,005	NA	19,588	1,161	1,161	NA	MS	A	NA	NA	NA	NA	NA	eker14	EB	NA	0,026930122791427424	0,0006363408327064957	0,0006363408327064957
RR_Lyn_B	1,52	0,004	0,004	1,596	0,03	0,03	6980	100	100	NA	NA	NA	NA	4,214	0,018	0,018	NA	5,433	0,402	0,402	NA	MS	F	NA	NA	NA	NA	NA	eker14	EB	NA	0,08925988389559163	0,005038929988654835	0,005038929988654835
RS_Cha_A	1,893	0,01	0,01	2,168	0,061	0,061	7638	76	76	0,17	0,07	0,07	NA	4,05	0,06	0,06	NA	14,355	1,062	1,062	NA	MS	A	NA	NA	NA	NA	NA	eker14	EB	NA	0,04434903466269877	0,0037508078150593257	0,0037508078150593257
RS_Cha_B	1,871	0,01	0,01	2,379	0,06	0,06	7228	72	72	0,17	0,07	0,07	NA	3,936	0,06	0,06	NA	13,868	0,958	0,958	NA	MS	F	NA	NA	NA	NA	NA	eker14	EB	NA	0,033174306443805264	0,0025162904816451296	0,0025162904816451296
RT_And_A	1,24	0,03	0,03	1,256	0,015	0,015	6100	150	150	NA	NA	NA	NA	4,334	0,01	0,01	NA	1,959	0,209	0,209	NA	MS	F	NA	NA	NA	NA	NA	torres10	EB	NA	0,14940466485792397	0,006459009542697601	0,006459009542697601
RT_And_B	0,907	0,017	0,017	0,906	0,011	0,011	4880	100	100	NA	NA	NA	NA	4,481	0,01	0,01	NA	0,418	0,037	0,037	NA	PMS	K	NA	NA	NA	NA	NA	torres10	EB	NA	0,2911615915959503	0,011926969447073476	0,011926969447073476
RT_CrB_A	1,356	0,01	0,01	2,946	0,051	0,074	5134	100	100	NA	NA	NA	NA	3,632	0,015	0,015	NA	5,4322988332612	0,463150568471118	0,50359756863661	NA	PMS	K	NA	NA	NA	NA	NA	eker14	EB	NA	0,012661141215754021	0,000664150348851056	0,00095865614237418
RT_CrB_B	1,343	0,009	0,009	2,615	0,044	0,064	5781	100	100	NA	NA	NA	NA	3,731	0,014	0,014	NA	6,88097490894914	0,529433476569702	0,583200735277918	NA	PMS	G	NA	NA	NA	NA	NA	eker14	EB	NA	0,017929671131930655	0,0009129950866816373	0,0013219143680578815
RW_Lac_A	0,928	0,006	0,006	1,193	0,004	0,004	5760	100	100	NA	NA	NA	NA	4,257	0,003	0,003	NA	1,406	0,104	0,104	NA	MS	G	NA	NA	NA	NA	NA	eker14	EB	NA	0,1304782237650062	0,0015601827866863222	0,0015601827866863222
RW_Lac_B	0,87	0,004	0,004	0,97	0,004	0,004	5560	150	150	NA	NA	NA	NA	4,409	0,004	0,004	NA	0,807	0,098	0,098	NA	MS	G	NA	NA	NA	NA	NA	eker14	EB	NA	0,22757022584750883	0,0030034426038672846	0,0030034426038672846
RX_Her_A	2,75	0,06	0,06	2,44	0,1	0,1	10351	740	740	NA	NA	NA	NA	NA	NA	NA	NA	61,66	19,624	19,624	NA	MS	B	NA	NA	NA	NA	NA	malkov07	EB	NA	0,04519335733594362	0,005643370572980958	0,005643370572980958
RX_Her_B	2,33	0,05	0,05	1,96	0,1	0,1	9660	455	455	NA	NA	NA	NA	NA	NA	NA	NA	30,2	6,954	6,954	NA	MS	A	NA	NA	NA	NA	NA	malkov07	EB	NA	0,07387527280647496	0,011418029117444417	0,011418029117444417
RZ_Cha_A	1,493	0,022	0,022	2,256	0,016	0,016	6450	150	150	NA	NA	NA	NA	3,905	0,006	0,006	NA	7,907	0,783	0,783	NA	MS	F	NA	NA	NA	NA	NA	torres10	EB	NA	0,03104230148452125	0,0008034059979379022	0,0008034059979379022
RZ_Cha_B	1,493	0,022	0,022	2,256	0,016	0,016	6450	150	150	NA	NA	NA	NA	3,905	0,006	0,006	NA	7,907	0,783	0,783	NA	MS	F	NA	NA	NA	NA	NA	torres10	EB	NA	0,03104230148452125	0,0008034059979379022	0,0008034059979379022
SS_Lac_A	2,85	0,19	0,19	3,33	0,06	0,06	9506	154	154	NA	NA	NA	NA	NA	NA	NA	NA	80,91	6,187	6,187	NA	MS	A	NA	NA	NA	NA	NA	malkov07	EB	NA	0,01842568109103754	0,001581422141294104	0,001581422141294104
SS_Lac_B	2,77	0,18	0,18	3,17	0,06	0,06	9506	154	154	NA	NA	NA	NA	NA	NA	NA	NA	73,282	5,604	5,604	NA	MS	A	NA	NA	NA	NA	NA	malkov07	EB	NA	0,020759331931423954	0,001791433793377991	0,001791433793377991
SV_Cam_A	1,575	0,064	0,064	1,47	0,053	0,053	6038	58	58	NA	NA	NA	NA	4,29264588862927	0,0359465783805412	0,0359465783805412	NA	2,576	0,229	0,229	NA	MS	F	NA	NA	NA	NA	NA	eker14	EB	NA	0,118369535827256	0,01367692693805932	0,01367692693805932
SV_Cam_B	0,934	0,064	0,064	1,001	0,064	0,064	4804	143	143	NA	NA	NA	NA	4,39947872127146	0,0630050568229915	0,0630050568229915	NA	0,479	0,101	0,101	NA	PMS	K	NA	NA	NA	NA	NA	eker14	EB	NA	0,22230848267596104	0,04527988498929912	0,04527988498929912
SW_CMa_A	2,24	0,014	0,014	3,015	0,02	0,02	8200	150	150	0,49	0,15	0,15	NA	3,83	0,007	0,007	NA	36,898	3,005	3,005	NA	MS	A	NA	NA	NA	NA	NA	eker14	EB	NA	0,019511805565778285	0,000406994142595921	0,000406994142595921
SW_CMa_B	2,105	0,018	0,018	2,496	0,042	0,042	8100	150	150	0,61	0,15	0,15	NA	3,967	0,015	0,015	NA	24,099	2,143	2,143	NA	MS	A	NA	NA	NA	NA	NA	eker14	EB	NA	0,03231690397765042	0,0016546219619875404	0,0016546219619875404
SZ_Cen_A	2,311	0,026	0,026	4,556	0,032	0,032	8100	300	300	NA	NA	NA	NA	3,485	0,006	0,006	NA	80,168	12,943	12,943	NA	MS	A	NA	NA	NA	NA	NA	torres10	EB	NA	0,005833916246372077	0,00013935204508727566	0,00013935204508727566
SZ_Cen_B	2,272	0,021	0,021	3,626	0,026	0,026	8380	300	300	NA	NA	NA	NA	3,676	0,006	0,006	NA	58,21	8,933	8,933	NA	MS	A	NA	NA	NA	NA	NA	torres10	EB	NA	0,011377224254078548	0,0002663749605616069	0,0002663749605616069
TU_Cam_B	1,5	0,1	0,1	1,52	0,04	0,04	7228	237	237	NA	NA	NA	NA	NA	NA	NA	NA	5,623	0,686	0,686	NA	MS	F	NA	NA	NA	NA	NA	malkov07	EB	NA	0,1019698747644417	0,010536568142038712	0,010536568142038712
TV_Cet_A	1,385	0,052	0,052	1,484	0,02	0,02	6902	150	150	NA	NA	NA	NA	4,231	0,02	0,02	NA	4,487	0,444	0,444	NA	MS	F	NA	NA	NA	NA	NA	eker14	EB	NA	0,10117179637700159	0,005582193496363144	0,005582193496363144
TV_Cet_B	1,27	0,04	0,04	1,26	0,05	0,05	6353	103	103	NA	NA	NA	NA	NA	NA	NA	NA	2,317	0,224	0,224	NA	MS	F	NA	NA	NA	NA	NA	malkov07	EB	NA	0,15156658877634036	0,018664450066962136	0,018664450066962136
TV_Nor_A	2,048	0,022	0,022	1,851	0,012	0,012	9120	148	148	NA	NA	NA	NA	4,221	0,01	0,01	NA	21,281	1,522	1,522	NA	MS	A	NA	NA	NA	NA	NA	eker14	EB	NA	0,07709426755941122	0,0017129092172189476	0,0017129092172189476
TV_Nor_B	1,661	0,018	0,018	1,56	0,014	0,014	7798	108	108	NA	NA	NA	NA	4,278	0,012	0,012	NA	8,072	0,498	0,498	NA	MS	A	NA	NA	NA	NA	NA	eker14	EB	NA	0,10444970749081693	0,0030313624487006015	0,0030313624487006015
TX_Her_A	1,607	0,04	0,04	1,688	0,03	0,03	7534	200	200	NA	NA	NA	NA	4,19	0,03	0,03	NA	8,241	1,048	1,048	NA	MS	A	NA	NA	NA	NA	NA	eker14	EB	NA	0,07976455388853039	0,004693468983171069	0,004693468983171069
TX_Her_B	1,441	0,03	0,03	1,428	0,03	0,03	6678	211	211	NA	NA	NA	NA	4,29	0,03	0,03	NA	3,639	0,558	0,558	NA	MS	F	NA	NA	NA	NA	NA	eker14	EB	NA	0,11813830872779023	0,00784139648657972	0,00784139648657972
TYC_2489-1972-1_A	1,53	0,009	0,009	1,576	0,009	0,009	6950	140	140	NA	NA	NA	NA	4,23	0,01	0,01	NA	5,2	0,462	0,462	NA	MS	F	NA	NA	NA	NA	NA	eker14	EB	NA	0,09331128754993272	0,0016902144123250478	0,0016902144123250478
TYC_2489-1972-1_B	1,299	0,007	0,007	1,365	0,008	0,008	6440	140	140	NA	NA	NA	NA	4,28	0,01	0,01	NA	2,877	0,278	0,278	NA	MS	F	NA	NA	NA	NA	NA	eker14	EB	NA	0,121933372982401	0,0022423151076960126	0,0022423151076960126
TYC_3121-1659-1_A	1,369	0,23	0,23	1,602	0,09	0,09	6700	150	150	NA	NA	NA	NA	4,17	0,03	0,03	NA	4,645	0,775	0,775	NA	MS	F	NA	NA	NA	NA	NA	eker14	EB	NA	0,07949271013563171	0,01891717201154214	0,01891717201154214
TYC_3121-1659-1_B	0,324	0,041	0,041	0,861	0,06	0,06	3170	150	150	NA	NA	NA	NA	4,08	0,05	0,05	NA	0,067	0,021	0,021	NA	PMS	M	NA	NA	NA	NA	NA	eker14	EB	NA	0,12118446406713751	0,0296144054114541	0,0296144054114541
TYC_455-1084-1_A	2,06	0,15	0,15	4,017	0,094	0,094	7920	15	15	NA	NA	NA	NA	3,545	0,014	0,014	NA	57,016	2,825	2,825	NA	MS	A	NA	NA	NA	NA	NA	eker14	EB	NA	0,0075870529649944875	0,000767394784231929	0,000767394784231929
TYC_455-1084-1_B	1,869	0,14	0,14	2,969	0,07	0,07	7608	15	15	NA	NA	NA	NA	3,765	0,015	0,015	NA	26,485	1,312	1,312	NA	MS	A	NA	NA	NA	NA	NA	eker14	EB	NA	0,017048654093388717	0,00175641039987078	0,00175641039987078
TYC_4589-2999-1_A	1,815	0,101	0,101	2,011	0,04	0,04	5830	40	40	NA	NA	NA	NA	4,08205248817865	0,029707696087641	0,029707696087641	NA	4,198	0,218	0,218	NA	MS	G	NA	NA	NA	NA	NA	eker14	EB	NA	0,053278477801174055	0,004347130563358138	0,004347130563358138
TYC_4589-2999-1_B	0,838	0,105	0,105	0,846	0,02	0,02	4616	116	116	NA	NA	NA	NA	4,49850329255223	0,0581617361449256	0,0581617361449256	NA	0,292	0,036	0,036	NA	PMS	K	NA	NA	NA	NA	NA	eker14	EB	NA	0,3304032573179218	0,04757072551711083	0,04757072551711083
TYC_4749-560-1_A	0,834	0,006	0,006	0,848	0,005	0,005	5340	200	200	NA	NA	NA	NA	4,503	0,005	0,005	NA	0,525	0,093	0,093	NA	MS	G	NA	NA	NA	NA	NA	eker14	EB	NA	0,32650503627253874	0,006234848807254509	0,006234848807254509
TYC_4749-560-1_B	0,828	0,006	0,006	0,833	0,005	0,005	5125	200	200	NA	NA	NA	NA	4,515	0,005	0,005	NA	0,43	0,08	0,08	NA	MS	K	NA	NA	NA	NA	NA	eker14	EB	NA	0,34198473669844315	0,0066381107843487075	0,0066381107843487075
TYC_5082-1517-1_A	1,724	0,04	0,04	1,78	0,2	0,2	7250	30	30	NA	NA	NA	NA	4,18	0,12	0,12	NA	7,852	2,287	2,287	NA	MS	F	NA	NA	NA	NA	NA	eker14	EB	NA	0,07297744348255762	0,02465734312813364	0,02465734312813364
TYC_5082-1517-1_B	1,339	0,03	0,03	1,32	0,07	0,07	6425	30	30	NA	NA	NA	NA	4,33	0,07	0,07	NA	2,667	0,319	0,319	NA	MS	F	NA	NA	NA	NA	NA	eker14	EB	NA	0,1389857177143646	0,02232955609979807	0,02232955609979807
TZ_For_A	1,945	0,03	0,03	3,974	0,09	0,09	6350	100	100	-0,05	0,05	0,05	NA	3,532	0,02	0,02	NA	23,067	1,936	1,936	NA	PMS	F	NA	NA	NA	NA	NA	eker14	EB	NA	0,007398563541565341	0,000515461094594332	0,000515461094594332
TZ_For_B	2,045	0,06	0,06	8,349	0,12	0,12	5000	100	100	0,02	0,1	0,1	NA	2,91	0,017	0,017	NA	39,084	3,672	3,672	NA	PMS	K	NA	NA	NA	NA	NA	eker14	EB	NA	0,0008388828578157239	4,375133745023775e-05	4,375133745023775e-05
TZ_Men_A	2,482	0,025	0,025	2,017	0,02	0,02	10400	500	500	NA	NA	NA	NA	4,224	0,009	0,009	NA	42,756	9,124	9,124	NA	MS	B	NA	NA	NA	NA	NA	torres10	EB	NA	0,07220968878164044	0,0022678309984902716	0,0022678309984902716
TZ_Men_B	1,5	0,01	0,01	1,433	0,014	0,014	7200	300	300	NA	NA	NA	NA	4,302	0,008	0,008	NA	4,955	0,907	0,907	NA	MS	F	NA	NA	NA	NA	NA	torres10	EB	NA	0,1216925743672919	0,003657808811797195	0,003657808811797195
TZ_Pyx_A	2,075	0,04	0,04	2,356	0,033	0,033	7468	203	203	NA	NA	NA	NA	4,00266752881798	0,0147683606150751	0,0147683606150751	NA	15,488	1,97	1,97	NA	MS	F	NA	NA	NA	NA	NA	eker14	EB	NA	0,03787944728474445	0,0017512101920204351	0,0017512101920204351
TZ_Pyx_B	2,003	0,079	0,079	2,026	0,031	0,031	7521	208	208	NA	NA	NA	NA	4,11840206724505	0,0216802688355969	0,0216802688355969	NA	11,803	1,532	1,532	NA	MS	A	NA	NA	NA	NA	NA	eker14	EB	NA	0,05750081720051388	0,003479958209209692	0,003479958209209692
UV_Leo_A	0,99	0,04	0,04	1,08	0,04	0,04	5861	68	68	NA	NA	NA	NA	NA	NA	NA	NA	1,23	0,119	0,119	NA	MS	G	NA	NA	NA	NA	NA	malkov07	EB	NA	0,1876183528389541	0,022181985027509787	0,022181985027509787
UV_Leo_B	0,92	0,04	0,04	1,08	0,04	0,04	5861	68	68	NA	NA	NA	NA	NA	NA	NA	NA	1,23	0,119	0,119	NA	MS	G	NA	NA	NA	NA	NA	malkov07	EB	NA	0,17435240869882607	0,020802834961626528	0,020802834961626528
UV_Psc_A	0,983	0,009	0,009	1,117	0,02	0,02	5780	100	100	NA	NA	NA	NA	4,335	0,016	0,016	NA	1,25	0,105	0,105	NA	MS	G	NA	NA	NA	NA	NA	eker14	EB	NA	0,16838577076356936	0,009175340895494067	0,009175340895494067
UV_Psc_B	0,764	0,004	0,004	0,835	0,018	0,018	4750	80	80	NA	NA	NA	NA	4,478	0,019	0,019	NA	0,318	0,027	0,027	NA	PMS	K	NA	NA	NA	NA	NA	torres10	EB	NA	0,3132891272064849	0,02032690168391349	0,02032690168391349
UW_Lmi_A	1,156	0,022	0,022	1,269	0,052	0,052	6500	250	250	NA	NA	NA	NA	4,28	0,03	0,03	NA	2,582	0,544	0,544	NA	MS	F	NA	NA	NA	NA	NA	eker14	EB	NA	0,13504681886661987	0,01679926182275441	0,01679926182275441
UW_Lmi_B	1,136	0,022	0,022	1,248	0,062	0,062	6500	250	250	NA	NA	NA	NA	4,29	0,04	0,04	NA	2,495	0,56	0,56	NA	MS	F	NA	NA	NA	NA	NA	eker14	EB	NA	0,13952305147215535	0,02096911831083628	0,02096911831083628
UX_Men_A	1,235	0,006	0,006	1,349	0,013	0,013	6200	100	100	0,04	0,1	0,1	NA	4,272	0,003	0,003	NA	2,415	0,173	0,173	NA	MS	F	NA	NA	NA	NA	NA	eker14	EB	NA	0,12009985948285429	0,0035208083406213743	0,0035208083406213743
UX_Men_B	1,196	0,007	0,007	1,275	0,013	0,013	6150	100	100	0,04	0,1	0,1	NA	4,306	0,01	0,01	NA	2,089	0,155	0,155	NA	MS	F	NA	NA	NA	NA	NA	eker14	EB	NA	0,13775647334764954	0,004290170768244754	0,004290170768244754
UZ_Dra_A	1,345	0,02	0,02	1,311	0,03	0,03	6210	110	110	NA	NA	NA	NA	4,33	0,03	0,03	NA	2,296	0,21	0,21	NA	MS	F	NA	NA	NA	NA	NA	eker14	EB	NA	0,14250352259813306	0,010009713982744903	0,010009713982744903
UZ_Dra_B	1,236	0,02	0,02	1,15	0,02	0,02	5985	110	110	NA	NA	NA	NA	4,4	0,03	0,03	NA	1,524	0,136	0,136	NA	MS	G	NA	NA	NA	NA	NA	eker14	EB	NA	0,19401546116043333	0,010598198941697112	0,010598198941697112
V1031_Ori_A	2,467	0,018	0,018	4,349	0,034	0,034	7850	500	500	NA	NA	NA	NA	3,56	0,007	0,007	NA	64,417	22,08	22,08	NA	MS	A	NA	NA	NA	NA	NA	eker14	EB	NA	0,007159988375098715	0,00017586637962217346	0,00017586637962217346
V1031_Ori_B	2,281	0,017	0,017	3,006	0,064	0,064	8400	500	500	NA	NA	NA	NA	3,85	0,019	0,019	NA	40,365	12,846	12,846	NA	MS	A	NA	NA	NA	NA	NA	eker14	EB	NA	0,02004793969244182	0,0012891948100465184	0,0012891948100465184
V1061_Cyg_A	1,281	0,015	0,015	1,616	0,017	0,017	6180	100	100	NA	NA	NA	NA	4,129	0,011	0,011	NA	3,42	0,253	0,253	NA	MS	F	NA	NA	NA	NA	NA	eker14	EB	NA	0,0724663606608587	0,002439341788721329	0,002439341788721329
V1061_Cyg_B	0,931	0,007	0,007	0,974	0,02	0,02	5300	150	150	NA	NA	NA	NA	4,43	0,018	0,018	NA	0,671	0,092	0,092	NA	MS	G	NA	NA	NA	NA	NA	eker14	EB	NA	0,24053827993160376	0,014927517075229626	0,014927517075229626
V1130_Tau_A	1,392	0,008	0,008	1,784	0,011	0,011	6625	70	70	-0,25	0,1	0,1	NA	4,08	0,006	0,006	NA	5,508	0,26	0,26	NA	MS	F	NA	NA	NA	NA	NA	eker14	EB	NA	0,05852832236791894	0,0011336930115294556	0,0011336930115294556
V1130_Tau_B	1,306	0,008	0,008	1,49	0,01	0,01	6650	70	70	-0,25	0,1	0,1	NA	4,208	0,006	0,006	NA	3,899	0,184	0,184	NA	MS	F	NA	NA	NA	NA	NA	eker14	EB	NA	0,09425312588465633	0,001983596848773349	0,001983596848773349
V1143_Cyg_A	1,388	0,016	0,016	1,347	0,023	0,023	6460	100	100	NA	NA	NA	NA	4,323	0,016	0,016	NA	2,838	0,217	0,217	NA	MS	F	NA	NA	NA	NA	NA	eker14	EB	NA	0,1355807617553965	0,007118797430755347	0,007118797430755347
V1143_Cyg_B	1,344	0,013	0,013	1,324	0,023	0,023	6400	100	100	NA	NA	NA	NA	4,324	0,016	0,016	NA	2,642	0,202	0,202	NA	MS	F	NA	NA	NA	NA	NA	eker14	EB	NA	0,13824413138925415	0,007327607090728674	0,007327607090728674
V1174_Ori_A	1,006	0,013	0,013	1,338	0,011	0,011	4470	120	120	NA	NA	NA	NA	4,188	0,007	0,007	NA	0,641	0,073	0,073	NA	PMS	K	NA	NA	NA	NA	NA	torres10	EB	NA	0,10026307756854225	0,002791722864422996	0,002791722864422996
V1229_Tau_A	2,221	0,027	0,027	1,844	0,037	0,037	10025	620	620	0,06	0,05	0,05	NA	4,253	0,019	0,019	NA	30,832	10,283	10,283	NA	MS	B	NA	NA	NA	NA	NA	eker14	EB	NA	0,08456238028148923	0,005193018711335873	0,005193018711335873
V1229_Tau_B	1,565	0,015	0,015	1,587	0,042	0,042	7262	380	380	0,06	0,05	0,05	NA	4,231	0,024	0,024	NA	6,295	1,74	1,74	NA	MS	F	NA	NA	NA	NA	NA	eker14	EB	NA	0,09347488775314487	0,007475329624456463	0,007475329624456463
V1430_Aql_A	0,957	0,01	0,01	1,101	0,01	0,01	5262	150	150	NA	NA	NA	NA	4,32733729983334	0,0091012062235767	0,0091012062235767	NA	0,834	0,108	0,108	NA	MS	G	NA	NA	NA	NA	NA	eker14	EB	NA	0,17118329104873412	0,004995618355575454	0,004995618355575454
V1430_Aql_B	0,859	0,02	0,02	0,851	0,01	0,01	4930	100	100	NA	NA	NA	NA	4,50413404366207	0,0143673756924384	0,0143673756924384	NA	0,384	0,035	0,035	NA	MS	K	NA	NA	NA	NA	NA	eker14	EB	NA	0,33274832215699096	0,014057747248869436	0,014057747248869436
V1647_Sgr_A	2,184	0,04	0,04	1,908	0,021	0,021	9600	300	300	NA	NA	NA	NA	4,253	0,011	0,011	NA	27,733	4,182	4,182	NA	MS	A	NA	NA	NA	NA	NA	eker14	EB	NA	0,07506351782776312	0,002834267163303671	0,002834267163303671
V1647_Sgr_B	1,967	0,03	0,03	1,741	0,021	0,021	9100	300	300	NA	NA	NA	NA	4,289	0,011	0,011	NA	18,664	2,914	2,914	NA	MS	A	NA	NA	NA	NA	NA	eker14	EB	NA	0,08898553938668362	0,0034943644952722917	0,0034943644952722917
V2080_Cyg_A	1,19	0,017	0,017	1,596	0,008	0,008	6000	75	75	NA	NA	NA	NA	4,108	0,003	0,003	NA	2,965	0,161	0,161	NA	MS	F	NA	NA	NA	NA	NA	eker14	EB	NA	0,06988109331299606	0,0014494404543962435	0,0014494404543962435
V2080_Cyg_B	1,156	0,017	0,017	1,599	0,008	0,008	5987	75	75	NA	NA	NA	NA	4,093	0,003	0,003	NA	2,951	0,161	0,161	NA	MS	G	NA	NA	NA	NA	NA	eker14	EB	NA	0,06750311799807336	0,001418440321113386	0,001418440321113386
V2365_Oph_A	1,964	0,017	0,017	2,191	0,009	0,009	9500	200	200	NA	NA	NA	NA	4,051	0,003	0,003	NA	35,075	3,207	3,207	NA	MS	A	NA	NA	NA	NA	NA	eker14	EB	NA	0,044578529812198765	0,0006713217753327405	0,0006713217753327405
V2365_Oph_B	1,055	0,01	0,01	0,934	0,004	0,004	6400	210	210	NA	NA	NA	NA	4,521	0,004	0,004	NA	1,315	0,198	0,198	NA	MS	F	NA	NA	NA	NA	NA	eker14	EB	NA	0,3091172361224347	0,004935388146013652	0,004935388146013652
V2368_Oph_A	2,417	0,018	0,018	3,857	0,019	0,019	9300	200	200	NA	NA	NA	NA	3,66	0,01	0,01	NA	100,0	9,396	9,396	NA	MS	A	NA	NA	NA	NA	NA	eker14	EB	NA	0,01005632092663416	0,00016641932199331947	0,00016641932199331947
V2368_Oph_B	2,525	0,065	0,065	3,74	0,019	0,019	9500	200	200	NA	NA	NA	NA	3,71	0,01	0,01	NA	102,329	9,357	9,357	NA	MS	A	NA	NA	NA	NA	NA	eker14	EB	NA	0,011522798477133861	0,0003447141582830757	0,0003447141582830757
V2626_Oph_A	1,758	0,13	0,13	3,239	0,081	0,081	7760	64	64	NA	NA	NA	NA	3,661	0,014	0,014	NA	34,119	2,189	2,189	NA	MS	A	NA	NA	NA	NA	NA	eker14	EB	NA	0,01235086621371053	0,0013010528981508619	0,0013010528981508619
V2626_Oph_B	1,276	0,11	0,11	1,289	0,033	0,033	7205	64	64	NA	NA	NA	NA	4,322	0,018	0,018	NA	4,018	0,268	0,268	NA	MS	F	NA	NA	NA	NA	NA	eker14	EB	NA	0,14223396374224326	0,016421981995056935	0,016421981995056935
V364_Cas_A	1,684	0,094	0,094	1,6	0,01	0,01	7816	86	86	NA	NA	NA	NA	4,28	0,004	0,004	NA	8,57	0,404	0,404	NA	MS	A	NA	NA	NA	NA	NA	eker14	EB	NA	0,09815072906497253	0,005779550122327978	0,005779550122327978
V364_Cas_B	1,559	0,095	0,095	1,6	0,01	0,01	7780	86	86	NA	NA	NA	NA	4,28	0,004	0,004	NA	8,414	0,397	0,397	NA	MS	A	NA	NA	NA	NA	NA	eker14	EB	NA	0,09086519395029227	0,005793195407036971	0,005793195407036971
V364_Lac_A	2,334	0,015	0,015	3,308	0,038	0,038	8250	150	150	NA	NA	NA	NA	3,767	0,01	0,01	NA	45,499	3,705	3,705	NA	MS	A	NA	NA	NA	NA	NA	eker14	EB	NA	0,015392733125145401	0,000539608325615148	0,000539608325615148
V364_Lac_B	2,296	0,025	0,025	2,986	0,035	0,035	8500	150	150	NA	NA	NA	NA	3,849	0,011	0,011	NA	41,783	3,403	3,403	NA	MS	A	NA	NA	NA	NA	NA	eker14	EB	NA	0,020587986000098295	0,0007578709569180431	0,0007578709569180431
V392_Car_A	1,904	0,013	0,013	1,624	0,022	0,022	8850	200	200	NA	NA	NA	NA	4,296	0,011	0,011	NA	14,521	1,438	1,438	NA	MS	A	NA	NA	NA	NA	NA	torres10	EB	NA	0,10612562478095601	0,004373431130247877	0,004373431130247877
V392_Car_B	1,853	0,024	0,024	1,6	0,031	0,031	8650	200	200	NA	NA	NA	NA	4,31	0,024	0,024	NA	12,853	1,436	1,436	NA	MS	A	NA	NA	NA	NA	NA	eker14	EB	NA	0,10800077254002027	0,006431506439701914	0,006431506439701914
V396_Cas_A	2,397	0,025	0,025	2,592	0,014	0,014	9225	150	150	NA	NA	NA	NA	3,99	0,004	0,004	NA	43,652	2,907	2,907	NA	MS	A	NA	NA	NA	NA	NA	torres10	EB	NA	0,032860520113970504	0,0006332271976954926	0,0006332271976954926
V396_Cas_B	1,901	0,019	0,019	1,779	0,01	0,01	8550	120	120	NA	NA	NA	NA	4,217	0,005	0,005	NA	15,171	0,899	0,899	NA	MS	A	NA	NA	NA	NA	NA	torres10	EB	NA	0,08060568319541464	0,0015800961155698764	0,0015800961155698764
V398_Lac_A	3,834	0,35	0,35	4,893	0,18	0,18	11000	500	500	NA	NA	NA	NA	3,63450167702217	0,0509195995983406	0,0509195995983406	NA	314,775	76,967	76,967	NA	MS	B	NA	NA	NA	NA	NA	eker14	EB	NA	0,00781336030768456	0,0011190657574394038	0,0011190657574394038
V398_Lac_B	3,291	0,32	0,32	2,452	0,11	0,11	10900	450	450	NA	NA	NA	NA	4,16828695060162	0,0574596070362686	0,0574596070362686	NA	76,208	17,548	17,548	NA	MS	B	NA	NA	NA	NA	NA	eker14	EB	NA	0,053293945743615574	0,008848637462804997	0,008848637462804997
V404_CMa_A	0,75	0,005	0,005	0,721	0,014	0,014	4200	100	100	NA	NA	NA	NA	4,58919073395284	0,0171125136820422	0,0171125136820422	NA	0,145	0,017	0,017	NA	PMS	K	NA	NA	NA	NA	NA	eker14	EB	NA	0,47771278004313894	0,02800957467082521	0,02800957467082521
V413_Ser_A	3,654	0,05	0,05	3,2	0,05	0,05	11100	300	300	NA	NA	NA	NA	3,991	0,003	0,003	NA	139,637	17,761	17,761	NA	MS	B	NA	NA	NA	NA	NA	eker14	EB	NA	0,026621345309041693	0,0012999580652509337	0,0012999580652509337
V413_Ser_B	3,318	0,04	0,04	2,921	0,05	0,05	10350	280	280	NA	NA	NA	NA	4,031	0,003	0,003	NA	87,902	11,181	11,181	NA	MS	B	NA	NA	NA	NA	NA	eker14	EB	NA	0,031782869263633454	0,0016764944793914941	0,0016764944793914941
V432_Aur_A	1,204	0,006	0,006	2,429	0,023	0,023	6080	85	85	-0,6	0,05	0,05	NA	3,748	0,008	0,008	NA	7,244	0,447	0,447	NA	PMS	F	NA	NA	NA	NA	NA	torres10	EB	NA	0,020056508559449876	0,0005784408713326464	0,0005784408713326464
V432_Aur_B	1,079	0,005	0,005	1,224	0,007	0,007	6685	85	85	-0,6	0,05	0,05	NA	4,296	0,005	0,005	NA	2,685	0,146	0,146	NA	MS	F	NA	NA	NA	NA	NA	torres10	EB	NA	0,14047161707799682	0,0024964108835645285	0,0024964108835645285
V442_Cyg_A	1,56	0,02	0,02	2,072	0,03	0,03	6900	82	82	NA	NA	NA	NA	4,0	0,01	0,01	NA	8,73	0,517	0,517	NA	MS	F	NA	NA	NA	NA	NA	eker14	EB	NA	0,04186650771534131	0,001896084694727457	0,001896084694727457
V442_Cyg_B	1,407	0,02	0,02	1,662	0,03	0,03	6808	79	79	NA	NA	NA	NA	4,15	0,02	0,02	NA	5,333	0,329	0,329	NA	MS	F	NA	NA	NA	NA	NA	eker14	EB	NA	0,07316652513805613	0,004096315625959422	0,004096315625959422
V451_Oph_A	2,78	0,06	0,06	2,6	0,1	0,1	11015	680	680	NA	NA	NA	NA	NA	NA	NA	NA	89,125	23,077	23,077	NA	MS	B	NA	NA	NA	NA	NA	malkov07	EB	NA	0,037760361441352044	0,004432529886202768	0,004432529886202768
V451_Oph_B	2,351	0,052	0,052	2,029	0,028	0,028	9800	500	500	NA	NA	NA	NA	4,195	0,011	0,011	NA	34,119	7,857	7,857	NA	MS	A	NA	NA	NA	NA	NA	torres10	EB	NA	0,06719204803453847	0,0031538435633174646	0,0031538435633174646
V456_Cyg_A	1,863	0,06	0,06	1,681	0,02	0,02	7750	100	100	NA	NA	NA	NA	4,26	0,03	0,03	NA	9,162	0,543	0,543	NA	MS	A	NA	NA	NA	NA	NA	eker14	EB	NA	0,0936313112102715	0,004501346301835536	0,004501346301835536
V456_Cyg_B	1,58	0,05	0,05	1,471	0,02	0,02	6755	400	400	NA	NA	NA	NA	4,3	0,03	0,03	NA	4,046	1,263	1,263	NA	MS	F	NA	NA	NA	NA	NA	eker14	EB	NA	0,11850330409704184	0,006117744143376191	0,006117744143376191
V459_Cas_A	2,015	0,03	0,03	2,01	0,013	0,013	9140	300	300	NA	NA	NA	NA	4,136	0,006	0,006	NA	25,293	3,814	3,814	NA	MS	A	NA	NA	NA	NA	NA	eker14	EB	NA	0,05923771103829062	0,0014487689158503617	0,0014487689158503617
V459_Cas_B	1,962	0,03	0,03	1,966	0,013	0,013	9100	300	300	NA	NA	NA	NA	4,144	0,006	0,006	NA	23,823	3,656	3,656	NA	MS	A	NA	NA	NA	NA	NA	eker14	EB	NA	0,06163960588726077	0,0015438424193816344	0,0015438424193816344
V477_Cyg_A	1,79	0,12	0,12	1,57	0,05	0,05	8690	305	305	NA	NA	NA	NA	NA	NA	NA	NA	12,589	0,9	0,9	NA	MS	A	NA	NA	NA	NA	NA	malkov07	EB	NA	0,11042450584595982	0,012888200875990798	0,012888200875990798
V477_Cyg_B	1,35	0,07	0,07	1,27	0,04	0,04	6699	235	235	NA	NA	NA	NA	NA	NA	NA	NA	2,951	0,211	0,211	NA	MS	F	NA	NA	NA	NA	NA	malkov07	EB	NA	0,15733813440215433	0,016957980033170762	0,016957980033170762
V505_Per_A	1,272	0,001	0,001	1,288	0,014	0,014	6512	21	21	-0,12	0,03	0,03	NA	4,32	0,01	0,01	NA	2,679	0,069	0,069	NA	MS	F	NA	NA	NA	NA	NA	eker14	EB	NA	0,14211859748142797	0,0046356487276393195	0,0046356487276393195
V505_Per_B	1,254	0,001	0,001	1,267	0,014	0,014	6462	12	12	-0,12	0,03	0,03	NA	4,33	0,01	0,01	NA	2,512	0,059	0,059	NA	MS	F	NA	NA	NA	NA	NA	eker14	EB	NA	0,1471902634217901	0,0048806468738806065	0,0048806468738806065
V526_Sgr_B	1,683	0,06	0,06	1,569	0,02	0,02	8710	100	100	NA	NA	NA	NA	4,28	0,2	0,2	NA	12,735	0,693	0,693	NA	MS	A	NA	NA	NA	NA	NA	eker14	EB	NA	0,10402235361352176	0,005438424320244174	0,005438424320244174
V565_Lyr_A	0,995	0,003	0,003	1,101	0,007	0,007	5600	95	95	0,28	0,05	0,05	NA	4,352	0,005	0,005	NA	1,072	0,079	0,079	NA	MS	G	NA	NA	NA	NA	NA	eker14	EB	NA	0,17798053771524602	0,003436876224199847	0,003436876224199847
V565_Lyr_B	0,929	0,003	0,003	0,971	0,009	0,009	5430	125	125	0,28	0,05	0,05	NA	4,432	0,008	0,008	NA	0,736	0,077	0,077	NA	MS	G	NA	NA	NA	NA	NA	eker14	EB	NA	0,24225314001984452	0,006781458130065276	0,006781458130065276
V568_Lyr_A	1,075	0,008	0,008	1,4	0,016	0,016	5665	100	100	0,28	0,05	0,05	NA	4,178	0,01	0,01	NA	1,811	0,143	0,143	NA	MS	G	NA	NA	NA	NA	NA	eker14	EB	NA	0,09352672949551066	0,003281297689365918	0,003281297689365918
V568_Lyr_B	0,827	0,004	0,004	0,768	0,006	0,006	4900	100	100	0,28	0,05	0,05	NA	4,586	0,008	0,008	NA	0,305	0,028	0,028	NA	MS	K	NA	NA	NA	NA	NA	eker14	EB	NA	0,43584617620374577	0,010430397721143724	0,010430397721143724
V570_Per_A	1,447	0,009	0,009	1,521	0,034	0,034	6842	50	50	0,02	0,03	0,03	NA	4,234	0,019	0,019	NA	4,55	0,247	0,247	NA	MS	F	NA	NA	NA	NA	NA	torres10	EB	NA	0,09817304908919708	0,006611852826470385	0,006611852826470385
V570_Per_B	1,347	0,008	0,008	1,386	0,019	0,019	6562	50	50	0,02	0,03	0,03	NA	4,284	0,012	0,012	NA	3,199	0,135	0,135	NA	MS	F	NA	NA	NA	NA	NA	torres10	EB	NA	0,12077840655106901	0,005018605600449206	0,005018605600449206
V624_Her_A	2,277	0,014	0,014	3,028	0,03	0,03	8150	150	150	NA	NA	NA	NA	3,83	0,02	0,02	NA	36,308	2,957	2,957	NA	MS	A	NA	NA	NA	NA	NA	eker14	EB	NA	0,019579734965632985	0,000594281447815414	0,000594281447815414
V624_Her_B	1,876	0,013	0,013	2,208	0,03	0,03	7945	150	150	NA	NA	NA	NA	4,02	0,02	0,02	NA	17,458	1,509	1,509	NA	MS	A	NA	NA	NA	NA	NA	eker14	EB	NA	0,041605142858004436	0,0017201944873672886	0,0017201944873672886
V636_Cen_A	1,052	0,005	0,005	1,024	0,004	0,004	5900	85	85	-0,2	0,08	0,08	NA	4,444	0,004	0,004	NA	1,14	0,07	0,07	NA	MS	G	NA	NA	NA	NA	NA	eker14	EB	NA	0,23389840517100957	0,0029578550479146867	0,0029578550479146867
V636_Cen_B	0,854	0,003	0,003	0,835	0,004	0,004	5000	100	100	-0,2	0,08	0,08	NA	4,532	0,005	0,005	NA	0,391	0,034	0,034	NA	MS	K	NA	NA	NA	NA	NA	eker14	EB	NA	0,3501949144428509	0,005180912992555262	0,005180912992555262
V731_Cep_A	2,577	0,098	0,098	1,823	0,03	0,03	10700	200	200	NA	NA	NA	NA	4,304	0,011	0,011	NA	39,084	3,476	3,476	NA	MS	B	NA	NA	NA	NA	NA	eker14	EB	NA	0,10154669736694148	0,006328158730881126	0,006328158730881126
V731_Cep_B	2,017	0,084	0,084	1,717	0,025	0,025	9265	220	220	NA	NA	NA	NA	4,273	0,011	0,011	NA	19,498	2,129	2,129	NA	MS	A	NA	NA	NA	NA	NA	eker14	EB	NA	0,09512757009582525	0,005741172070827594	0,005741172070827594
V805_Aql_A	2,11	0,04	0,04	2,11	0,12	0,12	8185	585	585	NA	NA	NA	NA	NA	NA	NA	NA	17,783	1,272	1,272	NA	MS	A	NA	NA	NA	NA	NA	malkov07	EB	NA	0,05362242866014758	0,009205151536681219	0,009205151536681219
V805_Aql_B	1,63	0,02	0,02	1,75	0,12	0,12	7178	513	513	NA	NA	NA	NA	NA	NA	NA	NA	7,244	0,518	0,518	NA	MS	F	NA	NA	NA	NA	NA	malkov07	EB	NA	0,07260806266769615	0,014963061158794904	0,014963061158794904
V819_Her_A	1,53	0,08	0,08	1,866	0,024	0,024	6761	483	483	NA	NA	NA	NA	NA	NA	NA	NA	7,311	0,487	0,487	NA	MS	F	NA	NA	NA	NA	NA	malkov07	EB	NA	0,05621703072530885	0,003653159640632329	0,003653159640632329
V819_Her_B	1,11	0,02	0,02	1,263	0,029	0,029	6166	1078	1078	NA	NA	NA	NA	NA	NA	NA	NA	1,977	0,605	0,605	NA	MS	F	NA	NA	NA	NA	NA	malkov07	EB	NA	0,1315298478750482	0,00936507365780156	0,00936507365780156
V821_Cas_A	1,996	0,166	0,166	2,296	0,109	0,109	9400	400	400	NA	NA	NA	NA	4,02	0,1	0,1	NA	36,983	8,937	8,937	NA	MS	A	NA	NA	NA	NA	NA	eker14	EB	NA	0,03936917159472763	0,006492995978590601	0,006492995978590601
V821_Cas_B	1,597	0,187	0,187	1,382	0,119	0,119	8450	380	380	NA	NA	NA	NA	4,36	0,12	0,12	NA	8,75	2,891	2,891	NA	MS	A	NA	NA	NA	NA	NA	eker14	EB	NA	0,14444156248354922	0,04096669677718356	0,04096669677718356
V885_Cyg_A	2,005	0,029	0,029	2,345	0,012	0,012	8375	150	150	NA	NA	NA	NA	4,0	0,007	0,007	NA	27,29	1,95	1,95	NA	MS	A	NA	NA	NA	NA	NA	eker14	EB	NA	0,037119081953082035	0,0007829230310251313	0,0007829230310251313
V885_Cyg_B	2,234	0,026	0,026	3,385	0,026	0,026	8150	150	150	NA	NA	NA	NA	3,728	0,008	0,008	NA	51,05	3,78	3,78	NA	MS	A	NA	NA	NA	NA	NA	eker14	EB	NA	0,013750501583335066	0,00035497145910747045	0,00035497145910747045
V994_Her-A_A	2,828	0,2	0,2	2,123	0,049	0,049	12000	250	250	NA	NA	NA	NA	4,23	0,05	0,05	NA	83,946	8,737	8,737	NA	MS	B	NA	NA	NA	NA	NA	eker14	EB	NA	0,07055711477968551	0,006983342112297591	0,006983342112297591
V994_Her-A_B	2,299	0,16	0,16	1,688	0,039	0,039	9450	90	90	NA	NA	NA	NA	4,33	0,05	0,05	NA	20,417	1,31	1,31	NA	MS	A	NA	NA	NA	NA	NA	eker14	EB	NA	0,11411245139373452	0,011208488405052794	0,011208488405052794
V994_Her-B_A	1,868	0,12	0,12	1,583	0,08	0,08	9000	250	250	NA	NA	NA	NA	4,31	0,06	0,06	NA	14,757	2,621	2,621	NA	MS	A	NA	NA	NA	NA	NA	eker14	EB	NA	0,11242050141871927	0,018511055478276334	0,018511055478276334
V994_Her-B_B	1,859	0,12	0,12	1,493	0,08	0,08	8450	70	70	NA	NA	NA	NA	4,36	0,07	0,07	NA	10,209	1,299	1,299	NA	MS	A	NA	NA	NA	NA	NA	eker14	EB	NA	0,13335563057206526	0,023100731515861138	0,023100731515861138
VV_Pyx_A	2,097	0,022	0,022	2,168	0,02	0,02	9500	200	200	NA	NA	NA	NA	4,087	0,008	0,008	NA	34,356	3,055	3,055	NA	MS	A	NA	NA	NA	NA	NA	torres10	EB	NA	0,04912832841398802	0,001454053914345901	0,001454053914345901
VV_Pyx_B	2,095	0,019	0,019	2,168	0,02	0,02	9500	200	200	NA	NA	NA	NA	4,087	0,008	0,008	NA	34,356	3,055	3,055	NA	MS	A	NA	NA	NA	NA	NA	torres10	EB	NA	0,04908147259289695	0,0014294186254123428	0,0014294186254123428
VZ_Cep_A	1,402	0,015	0,015	1,558	0,012	0,012	6670	160	160	0,06	0,09	0,09	NA	4,213	0,008	0,008	NA	4,315	0,46	0,46	NA	MS	F	NA	NA	NA	NA	NA	eker14	EB	NA	0,08850280681615014	0,0022535761140110217	0,0022535761140110217
VZ_Cep_B	1,108	0,008	0,008	1,058	0,04	0,04	5720	120	120	0,06	0,09	0,09	NA	4,446	0,033	0,033	NA	1,076	0,137	0,137	NA	MS	G	NA	NA	NA	NA	NA	eker14	EB	NA	0,22335421262165187	0,02538445885458902	0,02538445885458902
VZ_Hya_A	1,271	0,009	0,009	1,315	0,005	0,005	6645	150	150	-0,2	0,12	0,12	NA	4,305	0,005	0,005	NA	3,027	0,3	0,3	NA	MS	F	NA	NA	NA	NA	NA	eker14	EB	NA	0,13343804877300788	0,0017915378685343633	0,0017915378685343633
VZ_Hya_B	1,12	0,03	0,03	1,12	0,03	0,03	6281	102	102	-0,2	0,12	0,12	NA	NA	NA	NA	NA	1,738	0,168	0,168	NA	MS	F	NA	NA	NA	NA	NA	malkov07	EB	NA	0,19031601932226003	0,016120502578793477	0,016120502578793477
WW_Aur_A	1,964	0,007	0,007	1,928	0,011	0,011	7960	420	420	NA	NA	NA	NA	4,162	0,007	0,007	NA	13,397	3,586	3,586	NA	MS	A	NA	NA	NA	NA	NA	eker14	EB	NA	0,06542320042062097	0,001143815547257763	0,001143815547257763
WW_Aur_B	1,814	0,007	0,007	1,842	0,011	0,011	7670	410	410	NA	NA	NA	NA	4,167	0,007	0,007	NA	10,544	2,884	2,884	NA	MS	A	NA	NA	NA	NA	NA	eker14	EB	NA	0,06929147334523554	0,001269848690961188	0,001269848690961188
WW_Cam_A	1,92	0,013	0,013	1,913	0,016	0,016	8360	140	140	NA	NA	NA	NA	4,159	0,008	0,008	NA	16,032	1,186	1,186	NA	MS	A	NA	NA	NA	NA	NA	eker14	EB	NA	0,06547382440382042	0,0017015972058512154	0,0017015972058512154
WW_Cam_B	1,873	0,018	0,018	1,81	0,014	0,014	8240	140	140	NA	NA	NA	NA	4,196	0,009	0,009	NA	13,552	1,003	1,003	NA	MS	A	NA	NA	NA	NA	NA	eker14	EB	NA	0,0754073091247459	0,0018939128165469745	0,0018939128165469745
WX_Cep_A	2,533	0,05	0,05	3,996	0,03	0,03	8150	250	250	NA	NA	NA	NA	3,638	0,005	0,005	NA	63,241	8,373	8,373	NA	MS	A	NA	NA	NA	NA	NA	torres10	EB	NA	0,009476983878248475	0,0002838209511204353	0,0002838209511204353
WX_Cep_B	2,324	0,045	0,045	2,712	0,023	0,023	8900	250	250	NA	NA	NA	NA	3,938	0,006	0,006	NA	41,4	5,052	5,052	NA	MS	A	NA	NA	NA	NA	NA	torres10	EB	NA	0,027814961223383543	0,0008893187015399451	0,0008893187015399451
WZ_Oph_A	1,227	0,007	0,007	1,401	0,012	0,012	6165	100	100	-0,27	0,07	0,07	NA	4,234	0,008	0,008	NA	2,547	0,182	0,182	NA	MS	F	NA	NA	NA	NA	NA	eker14	EB	NA	0,1065225483509854	0,0028038458663311593	0,0028038458663311593
WZ_Oph_B	1,22	0,006	0,006	1,419	0,012	0,012	6115	100	100	-0,27	0,07	0,07	NA	4,221	0,008	0,008	NA	2,529	0,181	0,181	NA	MS	F	NA	NA	NA	NA	NA	eker14	EB	NA	0,10193516611782534	0,0026342359965860936	0,0026342359965860936
XY_Cet_A	1,773	0,016	0,016	1,876	0,035	0,035	7870	115	115	NA	NA	NA	NA	4,142	0,016	0,016	NA	12,134	0,898	0,898	NA	MS	A	NA	NA	NA	NA	NA	eker14	EB	NA	0,06410938698450601	0,003634552625316875	0,003634552625316875
XY_Cet_B	1,615	0,014	0,014	1,776	0,029	0,029	7620	125	125	NA	NA	NA	NA	4,179	0,014	0,014	NA	9,55	0,754	0,754	NA	MS	A	NA	NA	NA	NA	NA	eker14	EB	NA	0,06882639665353377	0,0034239473885767117	0,0034239473885767117
XY_UMa_A	1,097	0,073	0,073	1,161	0,02	0,02	5200	7	7	NA	NA	NA	NA	4,34054218809756	0,0325438928297453	0,0325438928297453	NA	0,885	0,031	0,03	NA	MS	G	NA	NA	NA	NA	NA	eker14	EB	NA	0,16734832084688167	0,014100059935465393	0,014100059935465393
XY_UMa_B	0,665	0,031	0,031	0,63	0,01	0,01	4125	7	7	NA	NA	NA	NA	4,65414054639594	0,0244940257411373	0,0244940257411373	NA	0,103	0,003	0,003	NA	PMS	K	NA	NA	NA	NA	NA	eker14	EB	NA	0,634908860070969	0,04230930710019339	0,04230930710019339
YY_Gem_A	0,598	0,005	0,005	0,621	0,006	0,006	3820	100	100	NA	NA	NA	NA	4,63	0,008	0,008	NA	0,074	0,009	0,009	NA	PMS	K	NA	NA	NA	NA	NA	eker14	EB	NA	0,5961256021920904	0,017983533211182838	0,017983533211182838
YY_Gem_B	0,601	0,005	0,005	0,605	0,006	0,006	3820	100	100	NA	NA	NA	NA	4,655	0,008	0,008	NA	0,07	0,008	0,008	NA	PMS	K	NA	NA	NA	NA	NA	eker14	EB	NA	0,6479175425394605	0,020016342409413256	0,020016342409413256
YZ_Cas_A	2,308	0,01	0,01	2,547	0,03	0,03	9200	300	300	0,1	0,06	0,06	NA	3,995	0,01	0,01	NA	41,687	6,397	6,397	NA	MS	A	NA	NA	NA	NA	NA	eker14	EB	NA	0,03334727571553307	0,001187174111690949	0,001187174111690949
YZ_Cas_B	1,347	0,01	0,01	1,359	0,02	0,02	6700	250	250	0,1	0,06	0,06	NA	4,307	0,013	0,013	NA	3,342	0,603	0,603	NA	MS	F	NA	NA	NA	NA	NA	eker14	EB	NA	0,1281210874693928	0,0057359720874905935	0,0057359720874905935
Z_Her_A	1,611	0,07	0,07	1,859	0,06	0,06	6397	75	75	NA	NA	NA	NA	4,11	0,03	0,03	NA	5,2	0,449	0,449	NA	MS	F	NA	NA	NA	NA	NA	eker14	EB	NA	0,059864417605525834	0,006353342670413099	0,006353342670413099
Z_Her_B	1,312	0,03	0,03	2,743	0,08	0,08	4977	175	175	NA	NA	NA	NA	3,68	0,03	0,03	NA	4,15	0,748	0,748	NA	PMS	K	NA	NA	NA	NA	NA	eker14	EB	NA	0,015176366394094842	0,001372458800544822	0,001372458800544822
ZZ_Boo_A	1,616	0,01	0,01	2,164	0,07	0,07	6670	30	30	NA	NA	NA	NA	3,975	0,01	0,01	NA	8,318	0,595	0,595	NA	MS	F	NA	NA	NA	NA	NA	eker14	EB	NA	0,038069833536728666	0,003701895875178927	0,003701895875178927
ZZ_Boo_B	1,568	0,01	0,01	2,164	0,07	0,07	6670	30	30	NA	NA	NA	NA	3,99	0,1	0,1	NA	8,318	0,595	0,595	NA	MS	F	NA	NA	NA	NA	NA	eker14	EB	NA	0,036939046401974346	0,003592390661642681	0,003592390661642681
ZZ_Cep_B	1,9	0,19	0,19	2,9	0,29	0,29	6501	338	338	NA	NA	NA	NA	NA	NA	NA	NA	13,49	0,965	0,965	NA	MS	F	NA	NA	NA	NA	NA	malkov07	EB	NA	0,01859820360867201	0,005881268379096642	0,005881268379096642
ZZ_UMa_A	1,179	0,013	0,013	1,518	0,023	0,023	5903	60	60	NA	NA	NA	NA	4,147	0,017	0,017	NA	2,512	0,137	0,137	NA	MS	G	NA	NA	NA	NA	NA	eker14	EB	NA	0,08046553091347598	0,0037635982103772147	0,0037635982103772147
ZZ_UMa_B	0,96	0,01	0,01	1,158	0,013	0,013	5097	60	60	NA	NA	NA	NA	4,293	0,015	0,015	NA	0,813	0,044	0,044	NA	PMS	K	NA	NA	NA	NA	NA	eker14	EB	NA	0,14759000435606076	0,005202972783864491	0,005202972783864491
EPIC201367296	1,15	0,04	0,04	1,73	0,04	0,04	5718	71	71	0,21	0,08	0,08	NA	4,018	0,013	0,013	NA	2,7	0,342211612410021	0,342211612410021	NA	MS	G	NA	NA	NA	NA	NA	lund16	A	NA	0,053023808916848776	0,004114461990166644	0,004114461990166644
EPIC201367904	1,3	0,05	0,05	2,08	0,05	0,05	6251	78	78	-0,02	0,08	0,08	NA	3,916	0,013	0,013	NA	6,664	0,597819169052716	0,597819169052716	NA	MS	F	NA	NA	NA	NA	NA	lund16	A	NA	0,03448774018783558	0,002818709534582716	0,002818709534582716
EPIC201820830	1,29	0,08	0,08	1,74	0,05	0,05	6420	71	71	-0,07	0,11	0,11	NA	4,063	0,016	0,016	NA	4,555	0,353974438320162	0,353974438320162	NA	MS	F	NA	NA	NA	NA	NA	lund16	A	NA	0,058459265729012916	0,006208129536445169	0,006208129536445169
EPIC201860743	1,14	0,05	0,05	1,88	0,03	0,03	5926	78	78	-0,02	0,11	0,11	NA	3,945	0,014	0,014	NA	4,119	0,374560308738028	0,374560308738028	NA	MS	G	NA	NA	NA	NA	NA	lund16	A	NA	0,0409583727665024	0,0026592772907151605	0,0026592772907151605
EPIC204356572	1,18	0,07	0,07	1,5	0,04	0,04	6316	78	78	-0,07	0,08	0,08	NA	4,157	0,015	0,015	NA	3,422	0,297267427373032	0,297267427373032	NA	MS	F	NA	NA	NA	NA	NA	lund16	A	NA	0,08346792571041622	0,008312962785143582	0,008312962785143582
EPIC204506926	1,08	0,05	0,05	1,41	0,02	0,02	5705	78	78	0,38	0,08	0,08	NA	4,172	0,013	0,013	NA	2,374	0,207373528160854	0,207373528160854	NA	MS	G	NA	NA	NA	NA	NA	lund16	A	NA	0,09197669673881242	0,005783660530884091	0,005783660530884091
EPIC204550630	1,17	0,04	0,04	1,37	0,03	0,03	6199	65	65	-0,13	0,08	0,08	NA	4,228	0,014	0,014	NA	3,635	0,304111216365601	0,304111216365601	NA	MS	F	NA	NA	NA	NA	NA	lund16	A	NA	0,10862644107062557	0,008044555140646859	0,008044555140646859
EPIC204624076	1,22	0,05	0,05	1,83	0,04	0,04	6381	71	71	-0,13	0,11	0,11	NA	4,0	0,014	0,014	NA	6,112	0,478281180350465	0,478281180350465	NA	MS	F	NA	NA	NA	NA	NA	lund16	A	NA	0,047524543310309454	0,0036749643024513636	0,0036749643024513636
EPIC204926239	1,44	0,05	0,05	2,45	0,05	0,05	6225	71	71	0,1	0,08	0,08	NA	3,817	0,012	0,012	NA	6,714	0,596776978402461	0,596776978402461	NA	MS	F	NA	NA	NA	NA	NA	lund16	A	NA	0,0233762923325141	0,0016453440957245236	0,0016453440957245236
EPIC205917956	1,06	0,11	0,11	2,56	0,12	0,12	5185	71	71	-0,35	0,08	0,08	NA	3,664	0,012	0,012	NA	4,579	0,431715442821083	0,431715442821083	NA	PMS	K	NA	NA	NA	NA	NA	lund16	A	NA	0,01508333441711149	0,0026361054947739663	0,0026361054947739663
EPIC205962429	1,15	0,04	0,04	1,79	0,04	0,04	6082	65	65	-0,24	0,08	0,08	NA	3,99	0,012	0,012	NA	4,372	0,372936224763376	0,372936224763376	NA	MS	F	NA	NA	NA	NA	NA	lund16	A	NA	0,04786853520489711	0,003615285697512586	0,003615285697512586
EPIC205967173	0,95	0,08	0,08	2,65	0,11	0,11	5016	52	52	-0,3	0,08	0,08	NA	3,572	0,013	0,013	NA	3,603	0,37869252507843	0,37869252507843	NA	PMS	K	NA	NA	NA	NA	NA	lund16	A	NA	0,012187015799939594	0,00183205794494577	0,00183205794494577
EPIC205974115	1,15	0,04	0,04	1,36	0,03	0,03	6121	71	71	-0,07	0,08	0,08	NA	4,23	0,012	0,012	NA	3,386	0,460929317911396	0,460929317911396	NA	MS	F	NA	NA	NA	NA	NA	lund16	A	NA	0,1091421503033722	0,008159538346359359	0,008159538346359359
EPIC205979004	1,07	0,06	0,06	2,22	0,06	0,06	5588	84	84	-0,35	0,08	0,08	NA	3,777	0,014	0,014	NA	8,324	2,74920060577796	2,74920060577796	NA	PMS	G	NA	NA	NA	NA	NA	lund16	A	NA	0,02334727748772256	0,0023016343831669486	0,0023016343831669486
EPIC205995584	1,31	0,07	0,07	1,71	0,04	0,04	6433	71	71	-0,07	0,08	0,08	NA	4,082	0,013	0,013	NA	4,784	0,38291610691645	0,38291610691645	NA	MS	F	NA	NA	NA	NA	NA	lund16	A	NA	0,06254525322542877	0,005516726634438581	0,005516726634438581
EPIC206009487	1,03	0,05	0,05	1,49	0,04	0,04	5926	71	71	-0,24	0,08	0,08	NA	4,101	0,012	0,012	NA	1,949	0,164977135740432	0,164977135740432	NA	MS	G	NA	NA	NA	NA	NA	lund16	A	NA	0,07433439484011946	0,006990075475284393	0,006990075475284393
EPIC206064678	1,01	0,04	0,04	0,98	0,02	0,02	5562	71	71	0,26	0,11	0,11	NA	4,453	0,013	0,013	NA	0,9558	0,0889516392597488	0,0889516392597488	NA	MS	G	NA	NA	NA	NA	NA	lund16	A	NA	0,25618549539756125	0,01868031806782994	0,01868031806782994
EPIC206064711	1,27	0,05	0,05	1,57	0,03	0,03	6563	71	71	-0,18	0,08	0,08	NA	4,147	0,011	0,011	NA	3,997	0,308407549090577	0,308407549090577	NA	MS	F	NA	NA	NA	NA	NA	lund16	A	NA	0,07834587844936815	0,005448357640936688	0,005448357640936688
EPIC206070413	1,23	0,07	0,07	1,52	0,04	0,04	6446	71	71	-0,13	0,08	0,08	NA	4,16	0,014	0,014	NA	3,855	0,316837613447796	0,316837613447796	NA	MS	F	NA	NA	NA	NA	NA	lund16	A	NA	0,0836152973068422	0,008137577108751888	0,008137577108751888
EPIC206078331	0,94	0,04	0,04	1,13	0,03	0,03	5809	78	78	-0,18	0,11	0,11	NA	4,306	0,012	0,012	NA	1,423	0,123992980527382	0,123992980527382	NA	MS	G	NA	NA	NA	NA	NA	lund16	A	NA	0,15552632638336103	0,014044175599707933	0,014044175599707933
EPIC206088888	1,08	0,06	0,06	1,3	0,03	0,03	5965	71	71	-0,02	0,08	0,08	NA	4,242	0,012	0,012	NA	2,132	0,17966884307268	0,17966884307268	NA	MS	G	NA	NA	NA	NA	NA	lund16	A	NA	0,11735594347240348	0,010417162418641322	0,010417162418641322
EPIC206094605	1,4	0,11	0,11	2,01	0,07	0,07	6537	78	78	0,04	0,08	0,08	NA	3,979	0,014	0,014	NA	6,616	0,579248511148907	0,579248511148907	NA	MS	F	NA	NA	NA	NA	NA	lund16	A	NA	0,041157714865313576	0,00538034466219134	0,00538034466219134
EPIC206107253	1,16	0,03	0,03	1,31	0,02	0,02	6290	65	65	-0,18	0,08	0,08	NA	4,267	0,01	0,01	NA	2,481	0,20841508252867	0,20841508252867	NA	MS	F	NA	NA	NA	NA	NA	lund16	A	NA	0,12318433772471749	0,006479339794244673	0,006479339794244673
EPIC206108325	1,3	0,05	0,05	2,15	0,05	0,05	6433	71	71	-0,18	0,11	0,11	NA	3,887	0,014	0,014	NA	7,835	3,43972966891016	3,43972966891016	NA	MS	F	NA	NA	NA	NA	NA	lund16	A	NA	0,031227654322683134	0,00248780471655474	0,00248780471655474
EPIC206184719	1,44	0,06	0,06	2,78	0,08	0,08	5822	84	84	-0,02	0,11	0,11	NA	3,706	0,013	0,013	NA	12,87	1,13826427749362	1,13826427749362	NA	PMS	G	NA	NA	NA	NA	NA	lund16	A	NA	0,016000718878892258	0,0015338290696814804	0,0015338290696814804
EPIC206189649	1,17	0,06	0,06	2,0	0,05	0,05	6082	78	78	-0,18	0,11	0,11	NA	3,907	0,012	0,012	NA	8,906	1,59769482996764	1,59769482996764	NA	MS	F	NA	NA	NA	NA	NA	lund16	A	NA	0,03491461564078454	0,0031722092449492905	0,0031722092449492905
EPIC206201061	1,41	0,1	0,1	1,97	0,06	0,06	6589	71	71	-0,02	0,11	0,11	NA	3,997	0,013	0,013	NA	5,989	0,54400862162162	0,54400862162162	NA	MS	F	NA	NA	NA	NA	NA	lund16	A	NA	0,04402829065885453	0,0050925540856490165	0,0050925540856490165
EPIC206245055	0,88	0,04	0,04	0,93	0,02	0,02	5835	71	71	-0,35	0,08	0,08	NA	4,444	0,012	0,012	NA	1,027	0,0881553234679514	0,0881553234679514	NA	MS	G	NA	NA	NA	NA	NA	lund16	A	NA	0,2611831871685108	0,020612709853448735	0,020612709853448735
EPIC206289767	1,36	0,08	0,08	2,06	0,06	0,06	6368	78	78	0,04	0,11	0,11	NA	3,94	0,013	0,013	NA	6,726	0,567887631238488	0,567887631238488	NA	MS	F	NA	NA	NA	NA	NA	lund16	A	NA	0,037140576272420574	0,003912162449967166	0,003912162449967166
EPIC206368174	1,32	0,08	0,08	1,78	0,05	0,05	6212	65	65	0,1	0,06	0,06	NA	4,05	0,013	0,013	NA	4,479	0,385317387049338	0,385317387049338	NA	MS	F	NA	NA	NA	NA	NA	lund16	A	NA	0,05587600081031094	0,005799937139289131	0,005799937139289131
EPIC206371648	0,83	0,03	0,03	0,93	0,02	0,02	5549	65	65	-0,24	0,08	0,08	NA	4,421	0,016	0,016	NA	1,218	0,192773285125266	0,192773285125266	NA	MS	G	NA	NA	NA	NA	NA	lund16	A	NA	0,24634323335211808	0,018217346847239548	0,018217346847239548
EPIC206445085	1,18	0,04	0,04	1,86	0,04	0,04	5718	71	71	0,26	0,11	0,11	NA	3,968	0,011	0,011	NA	3,478	0,303061164574273	0,303061164574273	NA	PMS	G	NA	NA	NA	NA	NA	lund16	A	NA	0,04377786375835834	0,003190510165118931	0,003190510165118931
EPIC206453540	1,42	0,08	0,08	1,87	0,05	0,05	6524	78	78	-0,02	0,11	0,11	NA	4,044	0,011	0,011	NA	6,053	0,502935081754122	0,502935081754122	NA	MS	F	NA	NA	NA	NA	NA	lund16	A	NA	0,05184118443573888	0,0050815584106929015	0,0050815584106929015
KIC10003270	1,416	0,207465659809039	0,103232746742494	2,362	0,114947814246292	0,0984784240328814	6594	69	69	-0,181	0,1	0,1	NA	3,848	0,0221359436211787	0,0230867927612304	NA	9,847	0,935283684854657	0,935283684854657	NA	MS	F	NA	NA	NA	NA	NA	serenelli17	A	NA	0,02565281116344777	0,0053059585432337535	0,0037138749904596243
KIC10016239	1,264	0,0540370243444252	0,0596405902049938	1,298	0,0246981780704569	0,0255538646783613	6482	51	51	-0,005	0,1	0,1	NA	4,312	0,010770329614269	0,010770329614269	NA	2,567	0,211327209888464	0,211327209888464	NA	MS	F	NA	NA	NA	NA	NA	serenelli17	A	NA	0,13798579727448598	0,009840787833454365	0,010431005746094516
KIC10018963	1,254	0,0445533388198909	0,046690470119715	1,965	0,0272029410174709	0,0284253408071038	6271	46	46	-0,219	0,1	0,1	NA	3,949	0,0058309518948453	0,0058309518948453	NA	5,266	0,446821090674345	0,446821090674345	NA	MS	F	NA	NA	NA	NA	NA	serenelli17	A	NA	0,039456745723319475	0,0021565013935261486	0,0022561716123235902
KIC10019747	1,168	0,0509901951359278	0,0556057550978314	1,7	0,0292061637330205	0,0308058436014987	5769	65	65	0,204	0,1	0,1	NA	4,044	0,0106301458127346	0,0106301458127346	NA	2,721	0,231861813052369	0,231861813052369	NA	MS	G	NA	NA	NA	NA	NA	serenelli17	A	NA	0,056755436657236036	0,003833512246434378	0,004101283605899287
KIC10024648	1,444	0,087692645073575	0,13729530217746	2,0	0,0504479930225178	0,0602079728939615	6409	157	157	-0,006	0,1	0,1	NA	3,994	0,0143178210632764	0,0161554944214035	NA	5,875	0,502415649551589	0,502415649551589	NA	MS	F	NA	NA	NA	NA	NA	serenelli17	A	NA	0,04309120084213066	0,004181014409846948	0,005650771110676592
KIC10025841	1,121	0,133195345264014	0,0966488489326179	1,521	0,0945568612000208	0,0850940655980192	5738	187	187	0,197	0,1	0,1	NA	4,127	0,0362215405525497	0,0392045915678253	NA	3,181	0,271735078378362	0,271735078378362	NA	MS	G	NA	NA	NA	NA	NA	serenelli17	A	NA	0,0760552785272909	0,016818545614481296	0,014350692874115011
KIC10068307	1,469	0,0095	0,0209	2,0823	0,018	0,018	6132	77	77	-0,23	0,1	0,1	NA	3,9666	0,0044	0,0044	NA	6,294	0,2	0,173	NA	MS	F	NA	NA	NA	NA	NA	silva17	A	NA	0,03884215250855345	0,0010381361904275095	0,0011489212588943346
KIC10070754	1,201	0,0552177507691141	0,056859475903318	1,284	0,0286356421265527	0,0286356421265527	6550	58	58	-0,21	0,099	0,099	NA	4,299	0,0148660687473185	0,0148660687473185	NA	2,492	0,206873468067021	0,206873468067021	NA	MS	F	NA	NA	NA	NA	NA	serenelli17	A	NA	0,1354438614698445	0,010995347410263178	0,011101254484565278
KIC10074716	1,217	0,0742495791233863	0,0920869154657707	1,465	0,046518813398452	0,0456179789118282	6064	91	91	0,11	0,1	0,1	NA	4,189	0,019313207915828	0,0202484567313166	NA	2,686	0,2247932580903	0,2247932580903	NA	MS	F	NA	NA	NA	NA	NA	serenelli17	A	NA	0,09240364327738554	0,010452971556191421	0,011108440596995992
KIC10079226	1,147	0,0470106370941726	0,0460977222864644	1,158	0,0170880074906351	0,0170880074906351	6078	50	50	0,106	0,099	0,099	NA	4,37	0,0076157731058639	0,0076157731058639	NA	1,666	0,139281472396433	0,139281472396433	NA	MS	F	NA	NA	NA	NA	NA	serenelli17	A	NA	0,1763393072879184	0,010638412535202216	0,01054356548300702
KIC10081026	1,354	0,0781024967590666	0,0744043009509531	2,341	0,0922821759604746	0,0862844134244418	6503	61	61	-0,244	0,101	0,101	NA	3,83	0,0223606797749979	0,0223606797749979	NA	10,56	0,966112970046765	0,966112970046765	NA	MS	F	NA	NA	NA	NA	NA	serenelli17	A	NA	0,025195664338227217	0,003315190177389191	0,0031110501748575284
KIC10088136	1,329	0,217635015565051	0,220204450454572	3,414	0,281753438310875	0,284429253066558	5301	83	83	-0,4	0,102	0,102	NA	3,493	0,0271661554144122	0,0291547594742265	NA	8,371	0,782650863700183	0,782650863700183	NA	PMS	G	NA	NA	NA	NA	NA	serenelli17	A	NA	0,007973441666800432	0,002366862327055818	0,002391005095385758
KIC10118942	1,184	0,0617170964968379	0,0609590026165127	2,14	0,0608358446970205	0,0599332962550868	6362	61	61	-0,325	0,0721110255092798	0,0721110255092798	NA	3,85	0,0164924225024706	0,0164924225024706	NA	6,26	0,57991786244829	0,57991786244829	NA	MS	F	NA	NA	NA	NA	NA	serenelli17	A	NA	0,02884176095565687	0,002882799268124793	0,002842033721095751
KIC10129349	1,381	0,0578013840664737	0,0570087712549569	1,534	0,041146081222882	0,0393573373083089	6699	56	56	0,045	0,1	0,1	NA	4,206	0,0177200451466694	0,0177200451466694	NA	4,248	0,367732674870185	0,367732674870185	NA	MS	F	NA	NA	NA	NA	NA	serenelli17	A	NA	0,09133326652786118	0,008284160065423596	0,00797715841874902
KIC10130724	0,85	0,15	0,09	1,08	0,06	0,04	5648	70	70	0,32	0,15	0,15	NA	4,306	0,022	0,016	NA	4,802	1,39168643856667	1,39168643856667	NA	MS	G	NA	NA	NA	NA	NA	C14sdss	A	NA	0,16108646455869796	0,03910111262460189	0,0247238871073593
KIC10130853	1,273	0,0778973683766018	0,0761577310586391	3,796	0,0901387818865997	0,0893084542470644	4945	78	78	0,316	0,099	0,099	NA	3,383	0,0072801098892805	0,0072801098892805	NA	8,318	0,8628803096092	0,8628803096092	NA	PMS	K	NA	NA	NA	NA	NA	serenelli17	A	NA	0,005555986516277104	0,0005217657817266027	0,0005140639268208197
KIC10147635	1,467	0,0554707129934347	0,0468721665810319	2,688	0,0446542271235322	0,0414004830889689	6155	66	66	-0,035	0,1	0,1	NA	3,746	0,0067082039324993	0,0067082039324993	NA	9,718	0,857439330910491	0,857439330910491	NA	MS	F	NA	NA	NA	NA	NA	serenelli17	A	NA	0,018032407429738877	0,001128075292089043	0,0010130062448378426
KIC10162436	1,413	0,0735527021937332	0,114061386980871	2,011	0,0418688428309166	0,0458039299623951	6346	108	108	-0,059	0,1	0,1	NA	3,979	0,0094339811320566	0,0139283882771841	NA	5,258	0,435907811991826	0,435907811991826	NA	MS	F	NA	NA	NA	NA	NA	serenelli17	A	NA	0,04147795544521153	0,003372458003901811	0,004386708699183215
KIC10186764	1,305	0,0629682459657247	0,0698140387028282	1,709	0,0651920240520265	0,062393909959226	6488	74	74	-0,167	0,102	0,102	NA	4,087	0,0231948270094864	0,0251793566240283	NA	3,867	0,346675421583137	0,346675421583137	NA	MS	F	NA	NA	NA	NA	NA	serenelli17	A	NA	0,06241596856050388	0,007751769519007016	0,007608130493543381
KIC10202294	1,18	0,21	0,11	1,88	0,08	0,07	5803	66	66	0,36	0,1	0,1	NA	3,961	0,026	0,015	NA	4,243	0,36646582595668	0,36646582595668	NA	MS	G	NA	NA	NA	NA	NA	C14sdss	A	NA	0,04239550865304635	0,009285381060983946	0,006168130833098313
KIC10214328	1,23	0,085146931829632	0,0630317380372777	1,765	0,0539073278877742	0,051662365412358	6923	80	80	-0,584	0,102	0,102	NA	4,033	0,0234093998214393	0,0206155281280883	NA	6,189	0,470228183233684	0,470228183233684	NA	MS	F	NA	NA	NA	NA	NA	serenelli17	A	NA	0,05340505577449379	0,0061329056360257045	0,005429726942133981
KIC10215584	1,068	0,060605280298007	0,0638200595424354	1,139	0,0290688837074973	0,0290688837074973	5995	57	57	-0,015	0,1	0,1	NA	4,352	0,0170880074906351	0,0170880074906351	NA	1,78	0,157131504009564	0,157131504009564	NA	MS	G	NA	NA	NA	NA	NA	serenelli17	A	NA	0,1725486124067608	0,016444025437203035	0,01675848837127833
KIC10264660	1,39	0,1	0,1	2,08	0,07	0,07	6378	75	75	0,05	0,0721110255092798	0,0721110255092798	NA	NA	NA	NA	NA	NA	NA	NA	NA	MS	F	NA	NA	NA	NA	NA	huber13	A	NA	0,03687535297007035	0,004571495048473883	0,004571495048473883
KIC10272858	1,389	0,0762758153020995	0,0730068489937759	3,636	0,0708025423272357	0,0684105255059483	5208	68	68	0,11	0,0721110255092798	0,0721110255092798	NA	3,459	0,0072111025509279	0,0080622577482985	NA	9,418	0,909557214636216	0,909557214636216	NA	PMS	G	NA	NA	NA	NA	NA	serenelli17	A	NA	0,006898298972647285	0,0005530794525221	0,0005320459095211026
KIC10272923	1,205	0,101636607578175	0,0938616002420585	2,841	0,087091905479212	0,083240615086627	5078	74	74	0,061	0,102	0,102	NA	3,611	0,0111803398874989	0,0111803398874989	NA	4,783	0,461594140836099	0,461594140836099	NA	PMS	K	NA	NA	NA	NA	NA	serenelli17	A	NA	0,012545406454410817	0,0015655123045250745	0,0014734136058704886
KIC10273246	1,287	0,0509901951359278	0,0544518135602479	2,147	0,029	0,0320156211871642	6342	59	59	-0,262	0,1	0,1	NA	3,883	0,0078102496759066	0,0078102496759066	NA	6,403	0,567072115737085	0,567072115737085	NA	MS	F	NA	NA	NA	NA	NA	serenelli17	A	NA	0,031045152983560295	0,001759387549871974	0,0019115633908426007
KIC10290021	1,37	0,13	0,11	2,05	0,06	0,07	6215	56	56	0,06	0,15	0,1	NA	3,955	0,014	0,015	NA	6,234	0,534000492474451	0,534000492474451	NA	MS	F	NA	NA	NA	NA	NA	C14sdss	A	NA	0,03796386100652574	0,004908054178948658	0,0049412199117614885
KIC10295224	1,475	0,0640702739185654	0,0640702739185654	2,613	0,0942549733435854	0,0885437744847146	6091	50	50	0,12	0,1	0,1	NA	3,772	0,0200997512422418	0,0200997512422418	NA	7,578	1,38268935046898	1,38268935046898	NA	PMS	F	NA	NA	NA	NA	NA	serenelli17	A	NA	0,019737183635586686	0,0023014967713439315	0,0021819260486029314
KIC10319352	1,077	0,0622012861603359	0,060605280298007	1,483	0,0288444102037119	0,0366742416417845	5659	63	63	0,197	0,099	0,099	NA	4,128	0,017464249196573	0,0165529453572468	NA	2,162	0,19153491573826	0,19153491573826	NA	MS	G	NA	NA	NA	NA	NA	serenelli17	A	NA	0,07883219893959952	0,006472063855839468	0,007340553939652657
KIC10322381	1,138	0,0687968022512675	0,0646374504447692	1,401	0,066098411478643	0,059464274989274	6464	63	63	-0,361	0,1	0,1	NA	4,199	0,0280713376952364	0,0290688837074973	NA	2,627	0,213321387443824	0,213321387443824	NA	MS	F	NA	NA	NA	NA	NA	serenelli17	A	NA	0,09879597393921873	0,015205534203769041	0,013774762864714808
KIC10324098	1,326	0,172754160586656	0,0738173421358423	2,11	0,0813941029804985	0,060802960454241	6370	68	68	-0,118	0,101	0,101	NA	3,912	0,0167630546142402	0,0158113883008419	NA	6,862	0,611014165471671	0,611014165471671	NA	MS	F	NA	NA	NA	NA	NA	serenelli17	A	NA	0,03369826559400744	0,005872206888800712	0,0034649634609762656
KIC10351059	1,47	0,0729177618965366	0,0722495674727538	1,819	0,0457930125674212	0,0449444101084885	6530	58	58	0,16	0,1	0,1	NA	4,085	0,0139283882771841	0,0148660687473185	NA	5,568	0,459300526153019	0,459300526153019	NA	MS	F	NA	NA	NA	NA	NA	serenelli17	A	NA	0,05830833338579886	0,005268601309817139	0,005185890846820112
KIC10355856	1,347	0,0558659108938537	0,0530754180388624	1,738	0,0270185121722126	0,0264007575648882	6558	56	56	-0,152	0,1	0,1	NA	4,087	0,0072111025509279	0,0072111025509279	NA	5,057	0,435711596721004	0,435711596721004	NA	MS	F	NA	NA	NA	NA	NA	serenelli17	A	NA	0,06125332523973792	0,0038228907458556353	0,0036901156352549353
KIC10385708	1,227	0,128160056179763	0,054561891462815	1,766	0,0488466989672793	0,0407062648740952	6036	55	55	0,121	0,1	0,1	NA	4,033	0,0178885438199983	0,0152643375224737	NA	3,7	0,318249775162472	0,318249775162472	NA	MS	F	NA	NA	NA	NA	NA	serenelli17	A	NA	0,0531843499854542	0,007094725345258727	0,0043724821397629066
KIC10394814	1,128	0,077884529914483	0,0730821455623739	3,146	0,0866833317310774	0,084770277810091	5156	64	64	-0,199	0,101	0,101	NA	3,494	0,0080622577482985	0,0080622577482985	NA	6,623	0,64517421606136	0,64517421606136	NA	PMS	K	NA	NA	NA	NA	NA	serenelli17	A	NA	0,00864857060964088	0,0009314871992505422	0,0008959573122496005
KIC10398597	1,47	0,0779358710735949	0,112538882169675	2,015	0,0784474346298207	0,0717843994193725	6412	65	65	0,112	0,1	0,1	NA	3,991	0,0241867732448957	0,0241867732448957	NA	6,768	0,567435482894059	0,567435482894059	NA	MS	F	NA	NA	NA	NA	NA	serenelli17	A	NA	0,04289469399891667	0,005501899892386699	0,0056391853725827985
KIC10417911	1,145	0,0550090901579003	0,0550090901579003	1,901	0,0569209978830308	0,0550272659687904	5545	63	63	0,137	0,1	0,1	NA	3,938	0,0152970585407784	0,0152970585407784	NA	3,83	0,347679616677837	0,347679616677837	NA	PMS	G	NA	NA	NA	NA	NA	serenelli17	A	NA	0,039789687360432875	0,004053314348915883	0,003948854966482019
KIC10454113	1,203	0,0384837628097877	0,0384837628097877	1,255	0,0134164078649987	0,0143178210632764	6197	45	45	-0,055	0,1	0,1	NA	4,32	0,0053851648071345	0,0053851648071345	NA	2,627	0,230186565383304	0,230186565383304	NA	MS	F	NA	NA	NA	NA	NA	serenelli17	A	NA	0,1452933845465807	0,00658149232255385	0,00680674162513211
KIC10462940	1,239	0,05060632371552	0,0522015325445528	1,271	0,0174928556845359	0,0174928556845359	6265	48	48	0,112	0,099	0,099	NA	4,322	0,0072111025509279	0,0072111025509279	NA	2,189	0,183679028296869	0,183679028296869	NA	MS	F	NA	NA	NA	NA	NA	serenelli17	A	NA	0,14406087404993653	0,008366787232982119	0,008498250977012949
KIC10491771	1,299	0,0551543289325507	0,0537587202228624	1,511	0,043081318457076	0,0412310562561766	6601	48	48	-0,101	0,1	0,1	NA	4,192	0,0189736659610103	0,0189736659610103	NA	3,72	0,300924684209658	0,300924684209658	NA	MS	F	NA	NA	NA	NA	NA	serenelli17	A	NA	0,08989326377748705	0,0085842528314692	0,008245739193109353
KIC10514430	1,059	0,04	0,021	1,59	0,015	0,018	5784	98	98	-0,114	0,0721110255092798	0,0721110255092798	NA	4,061	0,004	0,004	NA	2,634	0,151	0,124	NA	MS	G	NA	NA	NA	NA	NA	silva15	A	NA	0,06289497920144262	0,0029685375398078207	0,002473512812486811
KIC10516096	1,0586	0,0494	0,0608	1,3986	0,024	0,021	5964	77	77	-0,11	0,1	0,1	NA	4,169	0,011	0,0099	NA	2,217	0,189	0,146	NA	MS	G	NA	NA	NA	NA	NA	silva17	A	NA	0,09237675634178195	0,006418593311227263	0,006742718804685785
KIC10518551	1,25	0,0523259018078045	0,0574891294072192	2,08	0,0366196668472011	0,0382753184180093	6242	60	60	-0,267	0,101	0,101	NA	3,898	0,0089442719099991	0,0098488578017961	NA	7,12	0,615406327362857	0,615406327362857	NA	MS	F	NA	NA	NA	NA	NA	serenelli17	A	NA	0,0331612886421496	0,0022348684418299894	0,002382718414036765
KIC10585852	1,34	0,1	0,1	3,55	0,1	0,1	5048	75	75	0,125	0,0721110255092798	0,0721110255092798	NA	NA	NA	NA	NA	7,513	0,830821983668614	0,830821983668614	NA	PMS	K	NA	NA	NA	NA	NA	huber13	A	NA	0,0071504130493828845	0,0008061471336911042	0,0008061471336911042
KIC10586004	1,178	0,021	0,03	1,653	0,009	0,012	5770	83	83	0,256	0,0721110255092798	0,0721110255092798	NA	4,071	0,005	0,005	NA	2,749	0,151	0,155	NA	MS	G	NA	NA	NA	NA	NA	silva15	A	NA	0,06226415813436063	0,0015054454133391047	0,0020864248169596895
KIC10593351	1,59	0,0604400529450463	0,0586003412959345	3,071	0,0535350352572967	0,0535350352572967	5927	81	81	0,151	0,1	0,1	NA	3,665	0,0058309518948453	0,0058309518948453	NA	11,41	0,97035638213164	0,97035638213164	NA	PMS	G	NA	NA	NA	NA	NA	serenelli17	A	NA	0,013105966867021928	0,0008473359367269488	0,0008385098099147293
KIC10593626	0,97	0,06	0,06	0,98	0,02	0,02	5642	50	50	-0,202	0,0721110255092798	0,0721110255092798	NA	NA	NA	NA	NA	0,6381	0,0573022765811835	0,0573022765811835	NA	MS	G	NA	NA	NA	NA	NA	huber13	A	NA	0,24603953518379645	0,02141330300323759	0,02141330300323759
KIC10610027	1,329	0,0626258732474047	0,0551543289325507	1,48	0,057567351858497	0,0528109837060436	6704	58	58	-0,041	0,1	0,1	NA	4,222	0,0253179778023443	0,0263058928759318	NA	5,015	0,1028789500582	0,1028789500582	NA	MS	F	NA	NA	NA	NA	NA	serenelli17	A	NA	0,09787036893597534	0,012316598463052386	0,011236717174919055
KIC10644253	1,159	0,0447772263544762	0,0456946386351835	1,118	0,0136014705087354	0,014560219778561	6069	50	50	0,096	0,1	0,1	NA	4,405	0,0067082039324993	0,0067082039324993	NA	1,537	0,130345556857047	0,130345556857047	NA	MS	F	NA	NA	NA	NA	NA	serenelli17	A	NA	0,1980019265781449	0,010523378576999422	0,010990258841118641
KIC10655953	1,262	0,0483321838943783	0,0501597448159378	1,267	0,0269258240356725	0,026	6594	61	61	-0,073	0,099	0,099	NA	4,333	0,012369316876853	0,0133416640641263	NA	2,301	0,193171468513318	0,193171468513318	NA	MS	F	NA	NA	NA	NA	NA	serenelli17	A	NA	0,1481292762665862	0,011016907181979653	0,010854687302351033
KIC10666592	1,497	0,042	0,04	1,986	0,018	0,015	6350	80	80	0,203	0,0721110255092798	0,0721110255092798	NA	4,017	0,007	0,009	NA	5,754	0,304	0,322	NA	MS	F	NA	NA	NA	NA	NA	silva15	A	NA	0,04562422061060704	0,0017825352077162804	0,0015983960636671087
KIC10670371	1,501	0,0690289794216893	0,0873212459828649	3,017	0,0693397432934389	0,0796492310069595	5334	71	71	-0,119	0,1	0,1	NA	3,652	0,0076157731058639	0,0076157731058639	NA	9,321	0,919298453752055	0,919298453752055	NA	PMS	G	NA	NA	NA	NA	NA	serenelli17	A	NA	0,01304866712844968	0,0010814602690831173	0,0012822984854644866
KIC10709834	1,39	0,04	0,03	1,76	0,03	0,02	6508	84	84	-0,08	0,09	0,09	NA	4,092	0,01	0,01	NA	5,709	0,462955303593953	0,462955303593953	NA	MS	F	NA	NA	NA	NA	NA	C14bruntt	A	NA	0,06086788164931974	0,003571571581196436	0,0024559300076086514
KIC10712891	1,505	0,097948966303887	0,133794618725867	3,059	0,113088460949825	0,13186735759846	5358	109	109	-0,049	0,099	0,099	NA	3,641	0,0130384048104053	0,0130384048104053	NA	NA	NA	NA	NA	PMS	G	NA	NA	NA	NA	NA	serenelli17	A	NA	0,012551899684123544	0,0016140855045014828	0,0019698053079621977
KIC10717090	1,22	0,095	0,120880105890093	1,546	0,0585234995535981	0,0593632883186233	5817	74	74	0,238	0,1	0,1	NA	4,141	0,0223606797749979	0,0241660919471891	NA	2,651	0,221827032423064	0,221827032423064	NA	MS	G	NA	NA	NA	NA	NA	serenelli17	A	NA	0,07882114740398427	0,01085342350099215	0,011976380482312416
KIC10727922	1,212	0,0658559033041078	0,0700071424927486	1,917	0,0756439025963098	0,0729177618965366	6319	66	66	-0,304	0,1	0,1	NA	3,954	0,0233452350598575	0,0243310501211929	NA	4,764	0,413800752012321	0,413800752012321	NA	MS	F	NA	NA	NA	NA	NA	serenelli17	A	NA	0,041072172174545146	0,005349789655687234	0,005253069512684139
KIC10730618	1,368	0,0567274184147313	0,0552268050859363	1,777	0,0240831891575846	0,0240831891575846	6422	54	54	-0,006	0,1	0,1	NA	4,074	0,0072111025509279	0,0072111025509279	NA	4,894	0,397201754280749	0,397201754280749	NA	MS	F	NA	NA	NA	NA	NA	serenelli17	A	NA	0,058201637632894765	0,003380023685918427	0,0033347363262981595
KIC10731424	1,437	0,0823286098510111	0,0763806258157132	2,55	0,0974935895328508	0,0878179936004006	6432	65	65	-0,129	0,101	0,101	NA	3,782	0,0182482875908947	0,0192353840616713	NA	10,5	0,942460199831208	0,942460199831208	NA	MS	F	NA	NA	NA	NA	NA	serenelli17	A	NA	0,02068938672664845	0,002652608781224771	0,0024038247305895417
KIC10732098	1,121	0,0559464029227975	0,0603738353924943	1,778	0,0518941229813165	0,0509901951359278	5796	67	67	-0,01	0,1	0,1	NA	3,987	0,014560219778561	0,01552417469626	NA	3,341	0,281171050181982	0,281171050181982	NA	MS	G	NA	NA	NA	NA	NA	serenelli17	A	NA	0,047612581974088915	0,004798627527469446	0,004832769800784278
KIC10794845	1,142	0,054644304369257	0,0554707129934347	1,143	0,0480520551069359	0,0441474801092882	6398	55	55	-0,195	0,1	0,1	NA	4,378	0,0294278779391243	0,0323882694814033	NA	1,717	0,140750470612926	0,140750470612926	NA	MS	F	NA	NA	NA	NA	NA	serenelli17	A	NA	0,1825739465399179	0,024627909577924916	0,022938901284270806
KIC10858780	0,92	0,14	0,11	1,43	0,1	0,08	5672	60	60	-0,16	0,15	0,1	NA	4,086	0,023	0,023	NA	2,386	0,210801878607723	0,210801878607723	NA	MS	G	NA	NA	NA	NA	NA	C14sdss	A	NA	0,07510884881501742	0,01946592311240718	0,015477431325855499
KIC10864656	1,35	0,1	0,1	4,16	0,12	0,12	4995	78	78	0,075	0,0721110255092798	0,0721110255092798	NA	NA	NA	NA	NA	8,662	0,961667430549011	0,961667430549011	NA	PMS	K	NA	NA	NA	NA	NA	huber13	A	NA	0,0044767739666901965	0,0005099569011983425	0,0005099569011983425
KIC10873176	1,109	0,0540832691319598	0,0508035431835221	2,021	0,0393573373083089	0,0384707681233427	6517	89	89	-0,837	0,104	0,104	NA	3,871	0,0125299640861417	0,0125299640861417	NA	6,273	0,535099039682648	0,535099039682648	NA	MS	F	NA	NA	NA	NA	NA	serenelli17	A	NA	0,03207332583399669	0,002440836032155356	0,0023480945574749753
KIC10875245	1,14	0,07	0,07	1,41	0,05	0,05	5851	75	75	0,323	0,0721110255092798	0,0721110255092798	NA	NA	NA	NA	NA	2,188	0,197082748492068	0,197082748492068	NA	MS	G	NA	NA	NA	NA	NA	huber13	A	NA	0,097086513224302	0,011925341985028976	0,011925341985028976
KIC10909629	1,302	0,116284134773408	0,105342299196477	2,112	0,0651920240520265	0,0581893461039046	6501	61	61	-0,297	0,101	0,101	NA	3,903	0,0134536240470737	0,0116619037896906	NA	7,422	0,607339207044955	0,607339207044955	NA	MS	F	NA	NA	NA	NA	NA	serenelli17	A	NA	0,03299443025055551	0,004244859867961584	0,0038162472453103563
KIC10923629	1,688	0,0787718223732319	0,213459598050779	2,578	0,0431856457633784	0,0992975326984513	6195	87	87	0,157	0,1	0,1	NA	3,84	0,0098994949366116	0,0211896201004171	NA	9,692	0,806334524261021	0,806334524261021	NA	MS	F	NA	NA	NA	NA	NA	serenelli17	A	NA	0,02351987958433646	0,0016129976646942431	0,004028950826791267
KIC10937782	1,36	0,33	0,15	4,07	0,45	0,21	5199	68	68	-0,3	0,15	0,1	NA	3,355	0,009	0,009	NA	9,793	0,933244397420951	0,933244397420951	NA	PMS	K	NA	NA	NA	NA	NA	C14sdss	A	NA	0,004815784797315896	0,001979160932486917	0,0009153170753259393
KIC10959362	1,406	0,0908019823572151	0,09037698822156	2,307	0,0782368199762746	0,0734098086089318	5806	94	94	0,419	0,102	0,102	NA	3,859	0,0183847763108502	0,0183847763108502	NA	6,758	0,610995345083011	0,610995345083011	NA	PMS	G	NA	NA	NA	NA	NA	serenelli17	A	NA	0,027337193561784177	0,003294274265639762	0,0031461216851526113
KIC10963065	1,131	0,044407206622349	0,044407206622349	1,242	0,0170293863659264	0,0178044938147649	6316	45	45	-0,146	0,0721110255092798	0,0721110255092798	NA	4,303	0,0064031242374328	0,0072111025509279	NA	1,87	0,154763396060113	0,154763396060113	NA	MS	F	NA	NA	NA	NA	NA	serenelli17	A	NA	0,1409318679095431	0,008014084984935462	0,008206971717213405
KIC10971974	1,057	0,0595399025864168	0,0586685605754905	1,19	0,0338378486313773	0,0328937684067971	6030	58	58	-0,077	0,102	0,102	NA	4,311	0,0186815416922694	0,0186815416922694	NA	1,647	0,136094550586722	0,136094550586722	NA	MS	F	NA	NA	NA	NA	NA	serenelli17	A	NA	0,14974264284390973	0,015307478298557713	0,014942345911053654
KIC10972252	1,338	0,0650691939399898	0,0637024332345319	2,285	0,0536003731330296	0,0520096144957834	6237	60	60	-0,136	0,101	0,101	NA	3,845	0,0125299640861417	0,0125299640861417	NA	8,655	0,740800397459084	0,740800397459084	NA	MS	F	NA	NA	NA	NA	NA	serenelli17	A	NA	0,02677373070805484	0,002290261739836203	0,002228730805093815
KIC10972873	1,177	0,0487647413609464	0,0550363516232681	1,861	0,0340587727318528	0,0374833296279826	5928	64	64	-0,057	0,101	0,101	NA	3,968	0,0078102496759066	0,0086023252670426	NA	3,488	0,305307643040754	0,305307643040754	NA	MS	G	NA	NA	NA	NA	NA	serenelli17	A	NA	0,043596209825946794	0,002998648422537064	0,003330934185082933
KIC10976896	1,102	0,0596154342431555	0,0577754273026172	2,167	0,0570087712549569	0,0560802995712398	5628	58	58	-0,313	0,102	0,102	NA	3,807	0,0117046999107196	0,0117046999107196	NA	NA	NA	NA	NA	PMS	G	NA	NA	NA	NA	NA	serenelli17	A	NA	0,02585331580588248	0,0024737436854812946	0,002421986048596148
KIC10990438	1,63	0,22	0,28	4,13	0,23	0,31	5226	75	75	0,0	0,1	0,2	NA	3,415	0,014	0,015	NA	11,46	1,11774022590193	1,11774022590193	NA	PMS	G	NA	NA	NA	NA	NA	C14sdss	A	NA	0,005523938568124066	0,0011864151688399049	0,0015645021397559067
KIC11021413	1,116	0,0657875368135941	0,0610982814815605	2,085	0,0597745765355138	0,0569209978830308	5452	72	72	-0,078	0,1	0,1	NA	3,846	0,0101980390271856	0,0101980390271856	NA	3,452	0,319786061614578	0,319786061614578	NA	PMS	G	NA	NA	NA	NA	NA	serenelli17	A	NA	0,029393913199742817	0,003064893771650191	0,002895714190356397
KIC11026764	1,196	0,0432666153055679	0,054561891462815	2,058	0,0333016516106934	0,0388329756778952	5722	57	57	-0,108	0,101	0,101	NA	3,888	0,0067082039324993	0,0067082039324993	NA	3,431	0,329481915294296	0,329481915294296	NA	PMS	G	NA	NA	NA	NA	NA	serenelli17	A	NA	0,03275717637313115	0,0019831748393522876	0,0023815300477214086
KIC11027406	1,066	0,064621977685614	0,0609261848469113	1,357	0,0299666481275434	0,0290688837074973	6250	94	94	-0,279	0,099	0,099	NA	4,2	0,0120830459735946	0,0111803398874989	NA	2,054	0,177470421702783	0,177470421702783	NA	MS	F	NA	NA	NA	NA	NA	serenelli17	A	NA	0,10184250016371084	0,009145342941111499	0,008758740304138351
KIC11074380	1,381	0,136191042289866	0,152052622469986	2,778	0,12747548783982	0,141852035586381	5154	87	87	0,082	0,1	0,1	NA	3,689	0,0133416640641263	0,0143178210632764	NA	5,285	0,458168209862901	0,458168209862901	NA	PMS	K	NA	NA	NA	NA	NA	serenelli17	A	NA	0,015378300573662037	0,0026041787950840715	0,00290113493291564
KIC11075448	1,326	0,0594138031100518	0,0572800139664787	1,564	0,0474341649025257	0,0455411901469428	6470	68	68	0,029	0,1	0,1	NA	4,171	0,0196468827043885	0,0206155281280883	NA	4,039	0,310442640064444	0,310442640064444	NA	MS	F	NA	NA	NA	NA	NA	serenelli17	A	NA	0,08274555411238328	0,008392106989178758	0,008063751697707506
KIC11075456	1,29	0,11	0,17	1,48	0,05	0,07	6513	58	58	-0,2	0,3	0,2	NA	4,207	0,018	0,02	NA	3,247	0,263707259100837	0,263707259100837	NA	MS	F	NA	NA	NA	NA	NA	C14sdss	A	NA	0,09499832650670292	0,012582632906338043	0,018396360013251647
KIC11081729	1,298	0,0587281874401041	0,0536003731330296	1,411	0,0264007575648882	0,0241867732448957	6605	51	51	-0,139	0,099	0,099	NA	4,251	0,0072111025509279	0,0064031242374328	NA	2,588	0,13797264550973	0,13797264550973	NA	MS	F	NA	NA	NA	NA	NA	serenelli17	A	NA	0,11030750000325278	0,007952800091403344	0,0072750682205932225
KIC11082784	1,151	0,0577754273026172	0,0577754273026172	2,042	0,0569209978830308	0,0559732078766261	5923	62	62	-0,259	0,101	0,101	NA	3,877	0,0133416640641263	0,0143178210632764	NA	4,841	0,419267125038331	0,419267125038331	NA	PMS	G	NA	NA	NA	NA	NA	serenelli17	A	NA	0,03227152592720261	0,0031475617584631136	0,003109119420850312
KIC11083308	1,305	0,0824621125123532	0,0765506368360186	2,084	0,0827345151674922	0,0765375724726098	6234	65	65	-0,042	0,1	0,1	NA	3,915	0,022561028345357	0,022561028345357	NA	6,828	0,577672495564469	0,577672495564469	NA	MS	F	NA	NA	NA	NA	NA	serenelli17	A	NA	0,03442141809875261	0,004640845573272653	0,004296520281484755
KIC11098033	1,38	0,21	0,14	2,26	0,12	0,09	6358	66	66	-0,14	0,2	0,15	NA	3,877	0,024	0,027	NA	6,502	0,578005386824734	0,578005386824734	NA	MS	F	NA	NA	NA	NA	NA	C14sdss	A	NA	0,028540735426733802	0,006287443842921911	0,004473235978782315
KIC11127479	1,162	0,0572450871254468	0,0608358446970205	1,372	0,0237065391822594	0,0245967477524977	5998	57	57	0,2	0,0721110255092798	0,0721110255092798	NA	4,228	0,01	0,010816653826392	NA	2,257	0,193984783998536	0,193984783998536	NA	MS	G	NA	NA	NA	NA	NA	serenelli17	A	NA	0,10741258899776508	0,00768130466700297	0,008062096277493037
KIC11133100	1,4	0,25	0,17	2,37	0,14	0,13	6222	51	51	0,0	0,15	0,15	NA	3,849	0,025	0,027	NA	15,06	1,3237011601931	1,3237011601931	NA	MS	F	NA	NA	NA	NA	NA	C14sdss	A	NA	0,025106974896582826	0,006316436806730101	0,005134599912404492
KIC11133306	1,059	0,04	0,03	1,189	0,012	0,012	5982	82	82	-0,025	0,0721110255092798	0,0721110255092798	NA	4,314	0,004	0,007	NA	1,628	0,092	0,079	NA	MS	G	NA	NA	NA	NA	NA	silva15	A	NA	0,15040483132544322	0,007280921523435241	0,0062363435513234575
KIC11137075	0,989	0,0520096144957834	0,0512249938994628	1,633	0,0367695526217005	0,0367695526217005	5604	73	73	-0,18	0,1	0,1	NA	4,007	0,0067082039324993	0,0067082039324993	NA	2,577	0,227394417033251	0,227394417033251	NA	PMS	G	NA	NA	NA	NA	NA	serenelli17	A	NA	0,05421870346815026	0,004641472000756343	0,004615173131430426
KIC11138101	1,305	0,0629364759102383	0,0622253967444162	2,332	0,081344944526381	0,076694197955256	6218	58	58	-0,219	0,101	0,101	NA	3,817	0,0203960780543711	0,021377558326432	NA	8,626	0,715976270095397	0,715976270095397	NA	MS	F	NA	NA	NA	NA	NA	serenelli17	A	NA	0,02456610275669692	0,0028306162356840853	0,002691981898130801
KIC11188219	1,153	0,0621288982680363	0,0629682459657247	1,344	0,0354682957019364	0,0345398320783411	6024	62	62	0,089	0,1	0,1	NA	4,242	0,017464249196573	0,017464249196573	NA	2,057	0,173338140097381	0,173338140097381	NA	MS	F	NA	NA	NA	NA	NA	serenelli17	A	NA	0,11338168107151425	0,010858320790488617	0,010712382096975509
KIC11189107	1,52	0,18	0,15	2,26	0,13	0,1	6795	94	94	-0,1	0,15	0,1	NA	3,909	0,027	0,026	NA	10,05	0,864098657474267	0,864098657474267	NA	MS	F	NA	NA	NA	NA	NA	C14sdss	A	NA	0,031436172354083615	0,006579306120235192	0,005199753280580816
KIC11193681	1,364	0,0480208288141719	0,05060632371552	2,4	0,0403608721412211	0,0418688428309166	5697	77	77	0,137	0,102	0,102	NA	3,812	0,0067082039324993	0,0067082039324993	NA	5,823	0,507869161998842	0,507869161998842	NA	PMS	G	NA	NA	NA	NA	NA	serenelli17	A	NA	0,0235554841989307	0,0014491442093592505	0,0015111494225782409
KIC11229052	1,27	0,12	0,15	1,48	0,05	0,07	6495	51	51	-0,02	0,15	0,15	NA	4,198	0,015	0,017	NA	3,473	0,296828763696417	0,296828763696417	NA	MS	F	NA	NA	NA	NA	NA	C14sdss	A	NA	0,09352548423528118	0,012959309806026496	0,01726636904302349
KIC11244118	1,127	0,043139309220246	0,0445982062419555	1,605	0,0226715680975093	0,0233452350598575	5618	64	64	0,224	0,1	0,1	NA	4,079	0,0078102496759066	0,0078102496759066	NA	2,497	0,216228303190798	0,216228303190798	NA	PMS	G	NA	NA	NA	NA	NA	serenelli17	A	NA	0,06507440359764825	0,003716082080976614	0,003833362442633128
KIC11250587	1,2	0,09	0,09	1,59	0,06	0,06	5862	97	97	0,262	0,0721110255092798	0,0721110255092798	NA	NA	NA	NA	NA	2,921	0,270923700814924	0,270923700814924	NA	MS	G	NA	NA	NA	NA	NA	huber13	A	NA	0,07126909824526076	0,009678162149184351	0,009678162149184351
KIC11253226	1,4082	0,0209	0,0095	1,6145	0,012	0,015	6642	77	77	-0,08	0,1	0,1	NA	4,1734	0,0044	0,0055	NA	4,834	0,124	0,184	NA	MS	F	NA	NA	NA	NA	NA	silva17	A	NA	0,07988432734363066	0,0021397547473415495	0,0022908594723162635
KIC11294717	1,139	0,058309518948453	0,0564623768539724	1,897	0,085146931829632	0,0793095202355934	5640	56	56	0,061	0,1	0,1	NA	3,938	0,0241867732448957	0,0251793566240283	NA	4,259	0,376155693776775	0,376155693776775	NA	PMS	G	NA	NA	NA	NA	NA	serenelli17	A	NA	0,03983209252775181	0,005738143210955382	0,0053719377121297105
KIC11295426	1,068	0,011	0,019	1,237	0,006	0,006	5793	74	74	0,136	0,0721110255092798	0,0721110255092798	NA	4,28	0,003	0,003	NA	1,581	0,043	0,04	NA	MS	G	NA	NA	NA	NA	NA	silva15	A	NA	0,1347018450755294	0,0024014116729198227	0,003095900730579507
KIC11307875	1,583	0,188806779539295	0,19366982212002	4,144	0,186102122502673	0,191971352029411	5136	87	87	0,038	0,102	0,102	NA	3,401	0,0161245154965971	0,017	NA	10,77	1,06910966994933	1,06910966994933	NA	PMS	K	NA	NA	NA	NA	NA	serenelli17	A	NA	0,0053104712911366415	0,000955544069667905	0,0009832564284042238
KIC11389393	1,403	0,0827586853448023	0,142270868416553	1,905	0,0721110255092798	0,0754718490564528	6174	66	66	0,14	0,1	0,1	NA	4,019	0,0152970585407784	0,0162788205960997	NA	4,74	0,376421965088296	0,376421965088296	NA	MS	F	NA	NA	NA	NA	NA	serenelli17	A	NA	0,048448922373930864	0,006199850473475298	0,007569364196830107
KIC11389437	1,192	0,101921538449927	0,0488262224629348	1,69	0,0470106370941726	0,0355105618091294	6158	53	53	-0,023	0,099	0,099	NA	4,059	0,0117046999107196	0,010770329614269	NA	3,883	0,31150081620951	0,31150081620951	NA	MS	F	NA	NA	NA	NA	NA	serenelli17	A	NA	0,05895593512159045	0,007043960393286166	0,004432079902241238
KIC11395018	1,276	0,0425440947723653	0,0469574275274956	2,18	0,0353411940941446	0,0371618083521241	5650	59	59	0,151	0,099	0,099	NA	3,866	0,0080622577482985	0,0080622577482985	NA	5,253	0,468868246552419	0,468868246552419	NA	PMS	G	NA	NA	NA	NA	NA	serenelli17	A	NA	0,029403063664779676	0,001733784910553113	0,0018525298363129465
KIC11401156	1,176	0,12149485585818	0,112614386292338	2,564	0,106920531236989	0,103947101931704	5115	86	86	0,016	0,1	0,1	NA	3,69	0,0121655250605964	0,0121655250605964	NA	4,412	0,432405384972522	0,432405384972522	NA	PMS	K	NA	NA	NA	NA	NA	serenelli17	A	NA	0,01665576750234266	0,002702337391713979	0,002578269095382862
KIC11401708	1,447	0,0427200187265877	0,0496487663492256	2,563	0,0353836120259083	0,0384187454245971	5859	63	63	0,206	0,1	0,1	NA	3,78	0,0072111025509279	0,0072111025509279	NA	8,962	0,793015564335124	0,793015564335124	NA	PMS	G	NA	NA	NA	NA	NA	serenelli17	A	NA	0,020517956430462683	0,001043586691926829	0,0011605830035387376
KIC11401755	1,059	0,03	0,021	1,632	0,015	0,021	5911	66	66	-0,179	0,0721110255092798	0,0721110255092798	NA	4,039	0,004	0,004	NA	2,982	0,144	0,148	NA	MS	G	NA	NA	NA	NA	NA	silva15	A	NA	0,058163011861549506	0,002299322807558307	0,0025241789523920404
KIC11414712	1,228	0,046690470119715	0,0585234995535981	2,288	0,0376430604494374	0,0431856457633784	5673	61	61	-0,174	0,1	0,1	NA	3,807	0,0078102496759066	0,0078102496759066	NA	5,326	0,450866118759589	0,450866118759589	NA	PMS	G	NA	NA	NA	NA	NA	serenelli17	A	NA	0,02447607059507722	0,001524953070974868	0,001811490880972568
KIC11446443	0,94	0,05	0,05	0,95	0,02	0,02	5850	50	50	0,012	0,0721110255092798	0,0721110255092798	NA	NA	NA	NA	NA	1,141	0,103045827486591	0,103045827486591	NA	MS	G	NA	NA	NA	NA	NA	huber13	A	NA	0,2617389937420294	0,02161250083338405	0,02161250083338405
KIC11453915	1,25	0,06	0,09	1,22	0,03	0,03	6608	58	58	-0,12	0,15	0,15	NA	4,359	0,011	0,013	NA	2,146	0,178748413158158	0,178748413158158	NA	MS	F	NA	NA	NA	NA	NA	C14sdss	A	NA	0,16433948122161315	0,01446382150938403	0,01694059125619009
KIC11454149	1,141	0,0558032257132148	0,0566127194188726	1,153	0,0300832179129827	0,0291547594742265	6435	52	52	-0,233	0,1	0,1	NA	4,37	0,0167630546142402	0,0177200451466694	NA	1,866	0,155988512475549	0,155988512475549	NA	MS	F	NA	NA	NA	NA	NA	serenelli17	A	NA	0,1777088732338029	0,01640196711680358	0,016108169152160963
KIC11456910	1,3	0,11	0,17	1,71	0,07	0,08	6386	61	61	-0,26	0,15	0,15	NA	4,082	0,019	0,02	NA	3,678	0,320896124935965	0,320896124935965	NA	MS	F	NA	NA	NA	NA	NA	C14sdss	A	NA	0,06206780854431863	0,00925649899303123	0,011906501936338368
KIC11460626	1,286	0,0558659108938537	0,0587962583843564	2,172	0,0696419413859206	0,0668505796534331	6176	62	62	-0,144	0,099	0,099	NA	3,872	0,0194164878389476	0,0194164878389476	NA	6,979	0,623290104534071	0,623290104534071	NA	MS	F	NA	NA	NA	NA	NA	serenelli17	A	NA	0,02996214466246194	0,0031623607931388032	0,0030871341012845745
KIC11467550	1,247	0,0702922470831599	0,0715891053163818	1,968	0,0696419413859206	0,067955868032128	6146	58	58	-0,08	0,1	0,1	NA	3,945	0,0182482875908947	0,0182482875908947	NA	5,592	0,484249154875977	0,484249154875977	NA	MS	F	NA	NA	NA	NA	NA	serenelli17	A	NA	0,03905733096672162	0,004694641922761197	0,004625771687832305
KIC11496573	1,47	0,16502424064361	0,159665274872152	3,682	0,177792013318934	0,177792013318934	5218	90	90	-0,046	0,1	0,1	NA	3,472	0,0104403065089106	0,0104403065089106	NA	8,595	0,858727808715999	0,858727808715999	NA	PMS	G	NA	NA	NA	NA	NA	serenelli17	A	NA	0,007030356902590474	0,0012884394230017896	0,0012729011770663972
KIC11502597	1,08	0,19	0,11	1,61	0,11	0,07	5798	59	59	-0,1	0,15	0,1	NA	4,061	0,012	0,012	NA	2,332	0,208250395098622	0,208250395098622	NA	MS	G	NA	NA	NA	NA	NA	C14sdss	A	NA	0,06178136765985094	0,016688083987162157	0,010224215733013202
KIC11506988	1,251	0,168077363139716	0,114284732138637	1,872	0,0677421582177598	0,0643506021727847	6438	289	289	-0,23	0,1	0,1	NA	3,994	0,0278926513619627	0,0230867927612304	NA	6,784	0,616199472594074	0,616199472594074	NA	MS	F	NA	NA	NA	NA	NA	serenelli17	A	NA	0,04552512712354364	0,00786368399422492	0,006272008879434258
KIC11507653	1,17	0,108503456166152	0,0630079360080935	1,641	0,0493963561409139	0,0493963561409139	5916	74	74	0,112	0,1	0,1	NA	4,078	0,0240416305603426	0,0221359436211787	NA	3,45	0,320121101695063	0,320121101695063	NA	MS	G	NA	NA	NA	NA	NA	serenelli17	A	NA	0,0632079214796786	0,008181745021990185	0,006645847422523713
KIC11512246	1,08	0,08	0,08	1,55	0,05	0,05	5828	100	100	-0,09	0,0721110255092798	0,0721110255092798	NA	NA	NA	NA	NA	2,361	0,219502803634368	0,219502803634368	NA	MS	G	NA	NA	NA	NA	NA	huber13	A	NA	0,06923728852576158	0,008437924516064227	0,008437924516064227
KIC11554100	1,21	0,14	0,16	3,65	0,18	0,21	4913	78	78	0,1	0,15	0,1	NA	3,395	0,01	0,011	NA	7,554	0,784743118434125	0,784743118434125	NA	PMS	K	NA	NA	NA	NA	NA	C14sdss	A	NA	0,005940433897989857	0,0011157084965089086	0,0012916428220007112
KIC11558593	1,399	0,124326183887386	0,134238593556399	3,155	0,109772492000501	0,121840059093879	5309	60	60	-0,263	0,101	0,101	NA	3,584	0,0139283882771841	0,0148660687473185	NA	NA	NA	NA	NA	PMS	G	NA	NA	NA	NA	NA	serenelli17	A	NA	0,01063484132413963	0,0014578886873836123	0,0015998009284093305
KIC11611414	1,272	0,0785175139698144	0,107377837564369	1,706	0,0594810894318522	0,058591808301161	6279	55	55	-0,074	0,1	0,1	NA	4,074	0,0218403296678416	0,0218403296678416	NA	4,404	0,399251916089505	0,399251916089505	NA	MS	F	NA	NA	NA	NA	NA	serenelli17	A	NA	0,061159147272220715	0,007427985801741434	0,008146363350607531
KIC11620833	1,609	0,188042548376691	0,18883061192508	3,865	0,158644256120416	0,161987653850533	5026	75	75	0,269	0,099	0,099	NA	3,469	0,0158113883008419	0,0166433169770932	NA	5,256	0,544857762247526	0,544857762247526	NA	PMS	K	NA	NA	NA	NA	NA	serenelli17	A	NA	0,006653021700879248	0,0011294796757395698	0,0011442856792381198
KIC11673802	1,41	0,21	0,21	3,79	0,19	0,19	4992	75	75	0,186	0,0721110255092798	0,0721110255092798	NA	NA	NA	NA	NA	5,899	0,72557936054804	0,72557936054804	NA	PMS	K	NA	NA	NA	NA	NA	huber13	A	NA	0,006183194008343003	0,001308748242907921	0,001308748242907921
KIC11674236	1,159	0,0550726792520575	0,0550726792520575	2,028	0,0466154480832267	0,0466154480832267	5413	65	65	0,121	0,1	0,1	NA	3,887	0,0125299640861417	0,0125299640861417	NA	3,955	0,368525104892824	0,368525104892824	NA	PMS	G	NA	NA	NA	NA	NA	serenelli17	A	NA	0,03317347556526697	0,0027780834876200704	0,0027780834876200704
KIC11708273	1,07	0,18	0,12	1,56	0,09	0,07	5959	96	96	0,24	0,15	0,1	NA	4,081	0,023	0,022	NA	3,277	0,28619581981843	0,28619581981843	NA	MS	G	NA	NA	NA	NA	NA	C14sdss	A	NA	0,06728548285079718	0,016240078014024252	0,011789142323533328
KIC11709205	1,33	0,07	0,14	4,07	0,11	0,18	4882	71	71	0,26	0,15	0,1	NA	3,34	0,011	0,011	NA	8,298	0,848401657466643	0,848401657466643	NA	PMS	K	NA	NA	NA	NA	NA	C14sdss	A	NA	0,00470955425031628	0,00045525156063249046	0,0007976241465660024
KIC11713510	1,08	0,0447213595499958	0,0420594816896262	1,62	0,0282842712474619	0,0275862284482674	5941	58	58	-0,143	0,1	0,1	NA	4,052	0,0067082039324993	0,0067082039324993	NA	2,86	0,258193921285705	0,258193921285705	NA	MS	G	NA	NA	NA	NA	NA	serenelli17	A	NA	0,06064431606915689	0,004049188725051666	0,003895599289102101
KIC11717120	0,999	0,0939201788754685	0,089196412483911	2,344	0,104995237987254	0,102142057938931	5209	59	59	-0,365	0,101	0,101	NA	3,697	0,0092195444572928	0,0092195444572928	NA	3,506	0,342056545041439	0,342056545041439	NA	PMS	G	NA	NA	NA	NA	NA	serenelli17	A	NA	0,018518425422182367	0,0030370521182715897	0,002931632100283014
KIC11722551	1,09	0,07	0,07	2,2	0,06	0,06	4997	78	78	0,41	0,1	0,1	NA	3,791	0,008	0,008	NA	3,083	0,298607124602014	0,298607124602014	NA	PMS	K	NA	NA	NA	NA	NA	C14sdss	A	NA	0,02443823553298731	0,002541863962474086	0,002541863962474086
KIC11723674	1,4	0,061400325732035	0,061400325732035	2,466	0,0653069674690228	0,0626099033699941	6246	63	63	-0,062	0,1	0,1	NA	3,799	0,014560219778561	0,01552417469626	NA	10,05	0,93095053632956	0,93095053632956	NA	MS	F	NA	NA	NA	NA	NA	serenelli17	A	NA	0,022287441158546976	0,0020225888612450636	0,0019588870491348497
KIC11757831	1,42	0,14	0,1	1,82	0,07	0,06	6754	70	70	-0,02	0,15	0,2	NA	4,07	0,014	0,014	NA	7,031	0,617434133830106	0,617434133830106	NA	MS	F	NA	NA	NA	NA	NA	C14sdss	A	NA	0,05623226424347159	0,00853432816514479	0,006827245517948248
KIC11771760	1,529	0,0580086200490927	0,0572013985843004	2,983	0,0496789693934969	0,0484148737476408	6075	70	70	-0,101	0,1	0,1	NA	3,671	0,0063245553203367	0,0063245553203367	NA	12,46	1,13342387439043	1,13342387439043	NA	PMS	F	NA	NA	NA	NA	NA	serenelli17	A	NA	0,013751786336141361	0,0008627065024041555	0,0008444061288691977
KIC11772920	0,835	0,0498196748283246	0,0498196748283246	0,849	0,0184390889145858	0,0184390889145858	5412	57	57	-0,092	0,1	0,1	NA	4,501	0,01	0,01	NA	0,553	0,050619341144658	0,050619341144658	NA	MS	G	NA	NA	NA	NA	NA	serenelli17	A	NA	0,3257427777325362	0,028778233431394847	0,028778233431394847
KIC11802939	1,37	0,16	0,19	2,68	0,15	0,15	6045	82	82	0,06	0,15	0,15	NA	3,718	0,03	0,03	NA	10,02	0,888111407570189	0,888111407570189	NA	PMS	F	NA	NA	NA	NA	NA	C14sdss	A	NA	0,016991337866829784	0,003475276113258673	0,003700359247972054
KIC11802968	0,966	0,0930483745156249	0,0810246875958186	2,467	0,0822800097228969	0,0739256383131049	5083	74	74	-0,133	0,101	0,101	NA	3,638	0,013	0,013	NA	3,9	0,372827117031946	0,372827117031946	NA	PMS	K	NA	NA	NA	NA	NA	serenelli17	A	NA	0,015359641126242787	0,002133251605212851	0,0018884745863717452
KIC11807274	1,239	0,04	0,04	1,582	0,015	0,021	6225	75	75	-0,089	0,0721110255092798	0,0721110255092798	NA	4,135	0,007	0,009	NA	3,466	0,167	0,157	NA	MS	F	NA	NA	NA	NA	NA	silva15	A	NA	0,07470733762987108	0,00321448363981971	0,0038298971125717294
KIC11809558	1,37	0,17	0,14	3,0	0,14	0,12	5089	105	105	0,24	0,15	0,2	NA	3,618	0,014	0,014	NA	5,24	0,506955178211003	0,506955178211003	NA	PMS	K	NA	NA	NA	NA	NA	C14sdss	A	NA	0,012113459557549814	0,0022661472898623677	0,0019092730391574554
KIC11817562	1,448	0,0815414005275848	0,0734098086089318	2,477	0,103740059764779	0,0933005894943864	6247	58	58	0,059	0,1	0,1	NA	3,809	0,0243310501211929	0,0243310501211929	NA	9,93	0,875129543737153	0,875129543737153	NA	MS	F	NA	NA	NA	NA	NA	serenelli17	A	NA	0,022745837534103523	0,0031317955253398724	0,0028171153322526818
KIC11853905	1,117	0,021	0,029	1,555	0,012	0,012	5781	76	76	0,177	0,0721110255092798	0,0721110255092798	NA	4,102	0,005	0,004	NA	2,505	0,142	0,124	NA	MS	G	NA	NA	NA	NA	NA	silva15	A	NA	0,0709207604557214	0,0021150897470403355	0,0024670036881050857
KIC11862119	1,17	0,15	0,13	1,52	0,09	0,08	6271	56	56	-0,38	0,15	0,15	NA	4,141	0,018	0,018	NA	2,733	0,242536025024653	0,242536025024653	NA	MS	F	NA	NA	NA	NA	NA	C14sdss	A	NA	0,07953650231626452	0,01742367450203946	0,015356195312462387
KIC11873252	1,284	0,234610315203744	0,221056553849914	3,938	0,330727984906025	0,326352570083338	5199	68	68	-0,355	0,102	0,102	NA	3,355	0,0152970585407784	0,0152970585407784	NA	7,978	0,784680701770234	0,784680701770234	NA	PMS	K	NA	NA	NA	NA	NA	serenelli17	A	NA	0,005019370790439348	0,001562189198183491	0,001517899669571264
KIC11904151	0,918	0,011	0,019	1,066	0,006	0,009	5647	74	74	-0,114	0,0721110255092798	0,0721110255092798	NA	4,344	0,003	0,003	NA	1,063	0,032	0,034	NA	MS	G	NA	NA	NA	NA	NA	silva15	A	NA	0,18091828316395392	0,0037459431729629624	0,005917706963778722
KIC11911418	1,32	0,11	0,12	2,66	0,09	0,1	5629	72	72	-0,46	0,15	0,15	NA	3,706	0,01	0,011	NA	6,034	0,556599212760809	0,556599212760809	NA	PMS	G	NA	NA	NA	NA	NA	C14sdss	A	NA	0,016743275063362553	0,0021988872202858235	0,002425419993156605
KIC11919192	1,6	0,15	0,19	2,29	0,1	0,11	6788	81	81	-0,28	0,2	0,15	NA	3,919	0,019	0,02	NA	9,2	0,763354240531006	0,763354240531006	NA	MS	F	NA	NA	NA	NA	NA	C14sdss	A	NA	0,031807162403142256	0,005123936088659603	0,005939322817871479
KIC11962180	1,35	0,14	0,15	1,97	0,1	0,1	6329	80	80	0,06	0,15	0,1	NA	3,979	0,016	0,018	NA	6,241	0,54760477266195	0,54760477266195	NA	MS	F	NA	NA	NA	NA	NA	C14sdss	A	NA	0,04215474637549903	0,007766656551693024	0,007946608677395297
KIC11968749	1,43	0,48	0,43	4,25	0,45	0,48	5136	70	70	-0,12	0,1	0,15	NA	3,342	0,033	0,051	NA	10,26	1,00343540915718	1,00343540915718	NA	PMS	K	NA	NA	NA	NA	NA	C14sdss	A	NA	0,004447138324375207	0,002055185207684797	0,002014614788650627
KIC11971746	1,11	0,1	0,17	1,35	0,05	0,08	5952	75	75	0,18	0,15	0,15	NA	4,215	0,018	0,021	NA	2,284	0,187851531564525	0,187851531564525	NA	MS	G	NA	NA	NA	NA	NA	C14sdss	A	NA	0,10770430533882262	0,015406574148147622	0,025272862086888087
KIC12009504	1,1688	0,019	0,0399	1,4016	0,012	0,015	6179	77	77	-0,08	0,1	0,1	NA	4,2108	0,0055	0,0066	NA	2,544	0,106	0,113	NA	MS	F	NA	NA	NA	NA	NA	silva17	A	NA	0,10133963299659542	0,00308041295202068	0,0047491215901171585
KIC12011630	0,85	0,12	0,08	0,99	0,05	0,03	5817	85	85	-0,08	0,15	0,15	NA	4,383	0,018	0,015	NA	1,085	0,0967060568359897	0,0967060568359897	NA	MS	G	NA	NA	NA	NA	NA	C14sdss	A	NA	0,2091340426426973	0,04331026008423287	0,02736588615644527
KIC12020532	1,855	0,0918313671900838	0,11216059914248	3,983	0,104995237987254	0,113600176056202	5392	81	81	0,021	0,1	0,1	NA	3,5	0,0098488578017961	0,0098488578017961	NA	14,32	1,30003420769516	1,30003420769516	NA	PMS	G	NA	NA	NA	NA	NA	serenelli17	A	NA	0,007008488828606082	0,0006538874889562997	0,0007342892293323813
KIC12055375	1,04	0,16	0,12	1,54	0,1	0,08	5991	75	75	-0,34	0,2	0,1	NA	4,081	0,025	0,026	NA	2,481	0,210149961264132	0,210149961264132	NA	MS	G	NA	NA	NA	NA	NA	C14sdss	A	NA	0,06798022027524755	0,016874671209417002	0,013182030889867512
KIC12058443	1,12	0,12	0,11	3,24	0,14	0,13	4986	81	81	0,16	0,1	0,15	NA	3,464	0,01	0,011	NA	6,645	0,643725343742905	0,643725343742905	NA	PMS	K	NA	NA	NA	NA	NA	C14sdss	A	NA	0,007861300231187005	0,0013220882385734582	0,001221289664998923
KIC12068975	0,92	0,06	0,06	1,12	0,03	0,03	6004	102	102	-0,401	0,0721110255092798	0,0721110255092798	NA	NA	NA	NA	NA	1,667	0,14812128720472	0,14812128720472	NA	MS	F	NA	NA	NA	NA	NA	huber13	A	NA	0,15633101587185647	0,016178997767142052	0,016178997767142052
KIC12069127	1,59	0,0629682459657247	0,0629682459657247	2,295	0,031890437438204	0,0312409987036266	6476	66	66	0,076	0,1	0,1	NA	3,916	0,0067082039324993	0,0067082039324993	NA	9,191	0,784090215884662	0,784090215884662	NA	MS	F	NA	NA	NA	NA	NA	serenelli17	A	NA	0,03140222676163956	0,001805604735671287	0,001786371675012723
KIC12069424	1,0491	0,019	0,0209	1,2156	0,012	0,012	5825	50	50	0,1	0,03	0,03	NA	4,2867	0,0066	0,0066	NA	1,531	0,072	0,07	NA	MS	G	NA	NA	NA	NA	NA	silva17	A	NA	0,13942999233801862	0,0048401454561064925	0,004976553399488594
KIC12069449	0,9883	0,0209	0,019	1,0957	0,009	0,009	5750	50	50	0,05	0,02	0,02	NA	4,3527	0,0055	0,0066	NA	1,173	0,058	0,049	NA	MS	G	NA	NA	NA	NA	NA	silva17	A	NA	0,17935983722539908	0,005824173160879721	0,005605720613232097
KIC12069569	1,363	0,0763806258157132	0,0704343666117613	2,314	0,094847245611035	0,0885494212290515	6357	59	59	-0,109	0,1	0,1	NA	3,843	0,0245153013442625	0,0254950975679639	NA	9,057	0,82883283083401	0,82883283083401	NA	MS	F	NA	NA	NA	NA	NA	serenelli17	A	NA	0,026261358155216418	0,0035487631517829407	0,003306173880063479
KIC12117868	1,11	0,068264192663504	0,0632455532033676	1,326	0,0474341649025257	0,0445982062419555	6160	51	51	-0,108	0,099	0,099	NA	4,239	0,021377558326432	0,0223606797749979	NA	2,205	0,193501337269489	0,193501337269489	NA	MS	F	NA	NA	NA	NA	NA	serenelli17	A	NA	0,11365899125438306	0,01405843819607891	0,013170465910948365
KIC12156916	1,28	0,14	0,16	1,58	0,06	0,07	6546	56	56	-0,42	0,2	0,15	NA	4,146	0,015	0,018	NA	3,54	0,309113868215457	0,309113868215457	NA	MS	F	NA	NA	NA	NA	NA	C14sdss	A	NA	0,0774729511094556	0,01223522836846134	0,014135457057409805
KIC12253255	1,48	0,16	0,14	2,27	0,11	0,09	6457	64	64	0,1	0,2	0,1	NA	3,89	0,018	0,018	NA	9,183	0,787558936040192	0,787558936040192	NA	MS	F	NA	NA	NA	NA	NA	C14sdss	A	NA	0,03020616111418612	0,0054723272171796	0,00459049288992985
KIC12258514	1,2581	0,0095	0,0095	1,6055	0,012	0,009	5964	77	77	0,0	0,1	0,1	NA	4,1261	0,0033	0,0044	NA	3,162	0,104	0,09	NA	MS	G	NA	NA	NA	NA	NA	silva17	A	NA	0,07257643362463365	0,0017171744311644923	0,0013379216117411403
KIC12265063	1,12	0,0754320886625844	0,0708378429936993	1,641	0,0572712842531054	0,0554616984954482	6189	60	60	-0,268	0,101	0,101	NA	4,056	0,0240416305603426	0,0230867927612304	NA	3,367	0,302359729694871	0,302359729694871	NA	MS	F	NA	NA	NA	NA	NA	serenelli17	A	NA	0,06050672825405132	0,007532606578032771	0,007230682710325108
KIC12304142	1,36	0,09	0,11	1,83	0,04	0,05	6186	56	56	0,06	0,15	0,1	NA	4,045	0,012	0,013	NA	4,448	0,382339102492622	0,382339102492622	NA	MS	F	NA	NA	NA	NA	NA	C14sdss	A	NA	0,05297817942788595	0,004935577715958368	0,006100680403305072
KIC12307366	1,39	0,29	0,08	3,81	0,3	0,12	5064	79	79	0,02	0,1	0,15	NA	3,429	0,011	0,012	NA	10,13	1,08257177893044	1,08257177893044	NA	PMS	K	NA	NA	NA	NA	NA	C14sdss	A	NA	0,006000000187078038	0,0018909796081112902	0,0006638201235271346
KIC12314973	1,35	0,08	0,08	1,57	0,08	0,08	6215	89	89	0,17	0,0721110255092798	0,0721110255092798	NA	NA	NA	NA	NA	3,494	0,304589392801797	0,304589392801797	NA	MS	F	NA	NA	NA	NA	NA	huber13	A	NA	0,08328105189499764	0,0136539653524392	0,0136539653524392
KIC12317678	1,452	0,0742024258363566	0,0730068489937759	1,851	0,0346698716467194	0,034132096331752	6549	48	48	-0,3	0,204	0,204	NA	4,066	0,0084852813742385	0,0084852813742385	NA	5,484	0,499756557166578	0,499756557166578	NA	MS	F	NA	NA	NA	NA	NA	serenelli17	A	NA	0,05465863110169193	0,004151541915398508	0,004086016629776713
KIC12366681	1,516	0,0965401470891774	0,0802807573457052	2,62	0,0560357029044876	0,0459673797382448	6188	66	66	0,15	0,1	0,1	NA	3,781	0,0134164078649987	0,01	NA	14,21	1,14715463299792	1,14715463299792	NA	MS	F	NA	NA	NA	NA	NA	serenelli17	A	NA	0,020123648274856867	0,001819175778827622	0,001502507751937115
KIC12507240	1,37	0,11	0,1	1,94	0,06	0,06	6157	97	97	0,02	0,2	0,15	NA	4,001	0,015	0,015	NA	4,666	0,394698516195017	0,394698516195017	NA	MS	F	NA	NA	NA	NA	NA	C14sdss	A	NA	0,04479471399584585	0,005496364234168743	0,00528818876726155
KIC12508433	1,17	0,09	0,12	2,2	0,07	0,09	5257	74	74	0,2	0,15	0,15	NA	3,819	0,011	0,013	NA	3,943	0,377045108976199	0,377045108976199	NA	PMS	G	NA	NA	NA	NA	NA	C14sdss	A	NA	0,02623186749871114	0,0032158097767365926	0,004195572041028266
KIC12735580	1,17	0,2	0,12	1,81	0,1	0,08	6170	64	64	0,06	0,15	0,15	NA	3,994	0,03	0,029	NA	4,369	0,387567902099446	0,387567902099446	NA	MS	F	NA	NA	NA	NA	NA	C14sdss	A	NA	0,04710440559314079	0,011215620393195002	0,007896316516280925
KIC1430163	1,34	0,06	0,06	1,48	0,03	0,03	6520	84	84	-0,11	0,09	0,09	NA	4,221	0,013	0,014	NA	3,592	0,288982235214758	0,288982235214758	NA	MS	F	NA	NA	NA	NA	NA	C14bruntt	A	NA	0,09868043218525732	0,007452075215486314	0,007452075215486314
KIC1435467	1,344	0,0447772263544762	0,042190046219458	1,693	0,0180277563773199	0,0188679622641132	6433	86	86	-0,028	0,099	0,099	NA	4,109	0,0063245553203367	0,0063245553203367	NA	4,083	0,335815055345119	0,335815055345119	NA	MS	F	NA	NA	NA	NA	NA	serenelli17	A	NA	0,0661210566309101	0,003051957221509688	0,0030323966462938836
KIC1725815	1,43	0,15	0,11	2,02	0,08	0,08	6550	82	82	-0,08	0,15	0,1	NA	3,982	0,014	0,014	NA	6,845	0,587496080720966	0,587496080720966	NA	MS	F	NA	NA	NA	NA	NA	C14sdss	A	NA	0,04141840017287611	0,006564423939404604	0,005862338599933385
KIC2010607	1,402	0,0818413098624405	0,0693541635375988	2,41	0,105948100502085	0,0965660395791398	6361	71	71	-0,07	0,1	0,1	NA	3,819	0,0271661554144122	0,0271661554144122	NA	10,71	0,986519042556871	0,986519042556871	NA	MS	F	NA	NA	NA	NA	NA	serenelli17	A	NA	0,023911580152103776	0,003448694520127652	0,003108204935348644
KIC2306756	1,1	0,1	0,1	1,58	0,06	0,06	5543	79	79	0,401	0,0721110255092798	0,0721110255092798	NA	NA	NA	NA	NA	NA	NA	NA	NA	PMS	G	NA	NA	NA	NA	NA	huber13	A	NA	0,0665783173596884	0,009703810224851379	0,009703810224851379
KIC2309595	1,167	0,087091905479212	0,0803616824114578	2,423	0,0791201617794099	0,0762430324685476	5238	65	65	-0,095	0,101	0,101	NA	3,736	0,0082462112512353	0,0082462112512353	NA	2,475	0,0457604590457449	0,0457604590457449	NA	PMS	G	NA	NA	NA	NA	NA	serenelli17	A	NA	0,01958492912915028	0,0024118827901112487	0,0022884333209237154
KIC2450729	1,112	0,0591692487699481	0,0591692487699481	1,758	0,0633245607959503	0,0605392434706612	6029	59	59	-0,212	0,1	0,1	NA	3,994	0,0208806130178211	0,0218403296678416	NA	3,406	0,295644468294535	0,295644468294535	NA	MS	F	NA	NA	NA	NA	NA	serenelli17	A	NA	0,048860686629068874	0,005885382448029039	0,005677958126892153
KIC2837475	1,4291	0,019	0,0209	1,6385	0,015	0,018	6614	77	77	0,01	0,1	0,1	NA	4,1635	0,0066	0,0066	NA	4,767	0,218	0,171	NA	MS	F	NA	NA	NA	NA	NA	silva17	A	NA	0,0775594414414106	0,002366565152197258	0,00279648916124936
KIC2849125	1,534	0,19670536342459	0,080529497701153	2,534	0,118359621493143	0,0933005894943864	6158	56	56	0,293	0,101	0,101	NA	3,82	0,0151327459504216	0,0151327459504216	NA	7,412	0,33738489056096	0,33738489056096	NA	MS	F	NA	NA	NA	NA	NA	serenelli17	A	NA	0,02250696412370674	0,0042750361381798255	0,002752570193498648
KIC2852862	1,458	0,061057350089895	0,0595399025864168	2,087	0,0322024843762092	0,0334215499341368	6417	58	58	-0,155	0,1	0,1	NA	3,962	0,0064031242374328	0,0080622577482985	NA	6,696	0,554198346414326	0,554198346414326	NA	MS	F	NA	NA	NA	NA	NA	serenelli17	A	NA	0,038291428415681034	0,0023902245818418683	0,0024143999211167807
KIC2865774	1,28	0,11	0,21	1,79	0,08	0,11	6074	63	63	-0,06	0,15	0,15	NA	4,03	0,022	0,025	NA	3,998	0,356470016644336	0,356470016644336	NA	MS	F	NA	NA	NA	NA	NA	C14sdss	A	NA	0,05327976092371157	0,008485079348234528	0,013148793788203083
KIC2991448	1,113	0,052773099207835	0,0554616984954482	1,757	0,0408044115262063	0,0416173040933696	5836	70	70	-0,085	0,1	0,1	NA	3,994	0,0076157731058639	0,0076157731058639	NA	2,843	0,1697884633087	0,1697884633087	NA	MS	G	NA	NA	NA	NA	NA	serenelli17	A	NA	0,04898817612199588	0,004128500153290953	0,004251708833230357
KIC2998253	1,262	0,0594138031100518	0,0622414652783817	1,425	0,0642884126417817	0,0585234995535981	6333	54	54	0,057	0,1	0,1	NA	4,23	0,0294278779391243	0,0304138126514911	NA	3,188	0,263328546014609	0,263328546014609	NA	MS	F	NA	NA	NA	NA	NA	serenelli17	A	NA	0,10411808041054091	0,014919959485692438	0,013817724010122146
KIC3102384	1,07	0,05	0,05	1,08	0,02	0,02	5739	75	75	0,28	0,0721110255092798	0,0721110255092798	NA	NA	NA	NA	NA	1,149	0,116122383209942	0,116122383209942	NA	MS	G	NA	NA	NA	NA	NA	huber13	A	NA	0,20277943185624334	0,014720748482344491	0,014720748482344491
KIC3112152	1,251	0,0982700361249552	0,0834086326467471	1,741	0,056302753041037	0,0554707129934347	6282	59	59	-0,136	0,1	0,1	NA	4,052	0,014560219778561	0,0164924225024706	NA	4,304	0,355182210531848	0,355182210531848	NA	MS	F	NA	NA	NA	NA	NA	serenelli17	A	NA	0,05659426017932954	0,007064787923766867	0,006595528442872437
KIC3112889	1,235	0,058	0,0630317380372777	1,986	0,0605392434706612	0,0588302643203309	6433	65	65	-0,358	0,102	0,102	NA	3,932	0,017464249196573	0,017464249196573	NA	5,684	0,492828563865588	0,492828563865588	NA	MS	F	NA	NA	NA	NA	NA	serenelli17	A	NA	0,03763922007621889	0,003869432161085858	0,003857292649304461
KIC3115178	1,165	0,14101418368377	0,123454445039456	3,0	0,160639347608237	0,147871565894191	5046	85	85	0,08	0,1	0,1	NA	3,549	0,0092195444572928	0,0092195444572928	NA	4,902	0,453773781532749	0,453773781532749	NA	PMS	K	NA	NA	NA	NA	NA	serenelli17	A	NA	0,010300861594558782	0,0020718876175424804	0,001873950986384508
KIC3123191	1,3	0,11	0,17	1,42	0,05	0,06	6568	93	93	-0,1	0,15	0,1	NA	4,243	0,02	0,022	NA	3,494	0,323861480811423	0,323861480811423	NA	MS	F	NA	NA	NA	NA	NA	C14sdss	A	NA	0,10839012318327601	0,014670059054425645	0,019740347799932563
KIC3223000	1,069	0,0624819974072532	0,0609590026165127	1,164	0,0241867732448957	0,0241867732448957	6198	47	47	-0,185	0,1	0,1	NA	4,335	0,0125299640861417	0,0125299640861417	NA	2,195	0,187430825510991	0,187430825510991	NA	MS	F	NA	NA	NA	NA	NA	serenelli17	A	NA	0,16181923919153562	0,01382791984378436	0,013671265326261778
KIC3236382	1,44	0,16	0,11	1,64	0,06	0,05	6831	58	58	-0,06	0,15	0,15	NA	4,165	0,014	0,013	NA	4,73	0,385700199815086	0,385700199815086	NA	MS	F	NA	NA	NA	NA	NA	C14sdss	A	NA	0,07793675845317784	0,01217213488138521	0,009287504303008986
KIC3241581	1,062	0,0721387551874857	0,0721387551874857	1,084	0,0294108823397055	0,0294108823397055	5770	81	81	0,185	0,1	0,1	NA	4,393	0,0165529453572468	0,0165529453572468	NA	1,13	0,0996572855368258	0,0996572855368258	NA	MS	G	NA	NA	NA	NA	NA	serenelli17	A	NA	0,1990435279948699	0,02110173971383713	0,02110173971383713
KIC3329196	1,098	0,152108513897152	0,136124942607885	2,845	0,168133875230425	0,156604597633658	5161	65	65	-0,313	0,101	0,101	NA	3,57	0,0203960780543711	0,0223606797749979	NA	4,964	0,484211510460639	0,484211510460639	NA	PMS	K	NA	NA	NA	NA	NA	serenelli17	A	NA	0,011383266896804965	0,00256121980339286	0,002350582741394165
KIC3344897	1,55	0,16	0,18	2,34	0,08	0,1	6630	83	83	-0,04	0,15	0,1	NA	3,89	0,017	0,016	NA	8,694	0,765139525104026	0,765139525104026	NA	MS	F	NA	NA	NA	NA	NA	C14sdss	A	NA	0,028879888797157676	0,00420249145487362	0,004995678778134633
KIC3424541	1,824	0,0765571681816928	0,0778203058333749	2,658	0,0427200187265877	0,0436577599058861	6475	66	66	0,27	0,1	0,1	NA	3,849	0,0092195444572928	0,0092195444572928	NA	10,67	0,892296144690191	0,892296144690191	NA	MS	F	NA	NA	NA	NA	NA	serenelli17	A	NA	0,023188427311994254	0,0014823395905726902	0,0015113998255982502
KIC3425851	1,178	0,049	0,049	1,36	0,015	0,018	6343	85	85	-0,016	0,0721110255092798	0,0721110255092798	NA	4,243	0,008	0,008	NA	2,728	0,162	0,157	NA	MS	F	NA	NA	NA	NA	NA	silva15	A	NA	0,11179952439771518	0,005942281252527888	0,0064289860301237406
KIC3427720	1,1	0,0457930125674212	0,0483735464897913	1,117	0,0152643375224737	0,017	6023	51	51	-0,037	0,1	0,1	NA	4,384	0,0072111025509279	0,0080622577482985	NA	1,54	0,129570502985013	0,129570502985013	NA	MS	F	NA	NA	NA	NA	NA	serenelli17	A	NA	0,18842761733461477	0,01100934233532267	0,011944792731214866
KIC3429205	1,325	0,0680294054067798	0,0662117814289874	3,427	0,0639765582068933	0,0630713881248859	5116	62	62	-0,046	0,1	0,1	NA	3,49	0,0072801098892805	0,0072801098892805	NA	6,026	0,38765396931441	0,38765396931441	NA	PMS	K	NA	NA	NA	NA	NA	serenelli17	A	NA	0,0078593197071466	0,0005971363978498307	0,0005852722214449575
KIC3430893	1,2	0,0619112267686564	0,0715541752799933	1,466	0,0484664832642105	0,0475394572960188	6270	60	60	-0,11	0,1	0,1	NA	4,184	0,0181107702762748	0,0181107702762748	NA	3,507	0,286407736195391	0,286407736195391	NA	MS	F	NA	NA	NA	NA	NA	serenelli17	A	NA	0,0909265526675127	0,010165365075847555	0,010375088583851711
KIC3437637	1,039	0,0613269924258479	0,0604152298679729	2,01	0,0718401002226472	0,0689637585982667	5483	58	58	-0,255	0,102	0,102	NA	3,847	0,0162788205960997	0,0172626765016321	NA	3,825	0,351216261260029	0,351216261260029	NA	PMS	G	NA	NA	NA	NA	NA	serenelli17	A	NA	0,030544904103614864	0,0037385946009714033	0,0036110118558521573
KIC3438633	1,28	0,0802620707432845	0,0586941223633168	1,965	0,0679779375974294	0,0566038867923396	6432	73	73	-0,184	0,1	0,1	NA	3,959	0,014142135623731	0,014142135623731	NA	5,59	0,448421680043221	0,448421680043221	NA	MS	F	NA	NA	NA	NA	NA	serenelli17	A	NA	0,04027482817053343	0,004883531569768835	0,003940096422699476
KIC3456181	1,4975	0,0304	0,019	2,1483	0,027	0,027	6384	77	77	-0,15	0,1	0,1	NA	3,949	0,0088	0,0077	NA	7,215	0,243	0,295	NA	MS	F	NA	NA	NA	NA	NA	silva17	A	NA	0,03605731935657081	0,0015440447210170152	0,001434424180009908
KIC3531558	1,02	0,07	0,07	1,36	0,04	0,04	5747	85	85	0,069	0,0721110255092798	0,0721110255092798	NA	NA	NA	NA	NA	1,741	0,1445606051298	0,1445606051298	NA	MS	G	NA	NA	NA	NA	NA	huber13	A	NA	0,0968043420082084	0,010820973705946212	0,010820973705946212
KIC3534307	0,96	0,13	0,11	1,44	0,07	0,06	5781	59	59	-0,24	0,15	0,1	NA	4,104	0,019	0,017	NA	2,003	0,175425643030756	0,175425643030756	NA	MS	G	NA	NA	NA	NA	NA	C14sdss	A	NA	0,0767529625250267	0,015274617605284625	0,013015080282959099
KIC3544595	0,899	0,009	0,009	0,916	0,006	0,006	5669	75	75	-0,092	0,0721110255092798	0,0721110255092798	NA	4,468	0,003	0,003	NA	0,78	0,029	0,025	NA	MS	G	NA	NA	NA	NA	NA	silva15	A	NA	0,27924452148852424	0,006158407522358186	0,006158407522358186
KIC3545753	1,258	0,0573149195236284	0,0618465843842649	2,296	0,0577754273026172	0,056859475903318	6206	58	58	-0,338	0,105	0,105	NA	3,814	0,0148660687473185	0,0158113883008419	NA	8,035	0,720810235740592	0,720810235740592	NA	MS	F	NA	NA	NA	NA	NA	serenelli17	A	NA	0,024812834602288256	0,0021878346264543585	0,0022105051937350976
KIC3547794	1,4	0,11	0,13	1,75	0,06	0,06	6825	81	81	-0,14	0,15	0,15	NA	4,093	0,019	0,019	NA	5,785	0,491271159812543	0,491271159812543	NA	MS	F	NA	NA	NA	NA	NA	C14sdss	A	NA	0,06236275321151816	0,008071836717807469	0,008641695802167516
KIC3630240	1,309	0,142337626789265	0,13186735759846	4,101	0,182485615871498	0,176773866846884	5256	71	71	-0,613	0,103	0,103	NA	3,328	0,0114017542509914	0,0114017542509914	NA	7,836	0,717243122228563	0,717243122228563	NA	PMS	G	NA	NA	NA	NA	NA	serenelli17	A	NA	0,00453087133363319	0,000780104980347569	0,0007427142423699715
KIC3632418	1,4082	0,0209	0,0209	1,9114	0,021	0,024	6193	77	77	-0,041	0,0721110255092798	0,0721110255092798	NA	4,0238	0,0077	0,0077	NA	5,14	0,209	0,2	NA	MS	F	NA	NA	NA	NA	NA	silva17	A	NA	0,048141651609631284	0,001740202352158562	0,0019491169748724459
KIC3633847	1,285	0,142337626789265	0,071505244562899	1,858	0,0581377674149945	0,0485489443757534	6122	51	51	0,12	0,1	0,1	NA	4,013	0,0183575597506858	0,0158113883008419	NA	5,266	0,47585644152796	0,47585644152796	NA	MS	F	NA	NA	NA	NA	NA	serenelli17	A	NA	0,047827467954523924	0,006944301739069938	0,004597742405277383
KIC3633889	1,208	0,0576281181368956	0,06	1,322	0,0355105618091294	0,0355105618091294	6452	49	49	-0,12	0,1	0,1	NA	4,276	0,0120415945787923	0,0120415945787923	NA	2,788	0,231897345463035	0,231897345463035	NA	MS	F	NA	NA	NA	NA	NA	serenelli17	A	NA	0,12481993714056376	0,011688866725309591	0,011815599185754163
KIC3640905	1,3	0,08	0,08	2,94	0,07	0,07	4991	75	75	0,333	0,0721110255092798	0,0721110255092798	NA	NA	NA	NA	NA	2,75	0,112529637707296	0,112529637707296	NA	PMS	K	NA	NA	NA	NA	NA	huber13	A	NA	0,012212729886939113	0,001151435906226847	0,001151435906226847
KIC3642422	1,566	0,106018866245589	0,144027775099111	3,21	0,09037698822156	0,110724884285331	5325	98	98	-0,019	0,1	0,1	NA	3,617	0,0122065556157337	0,0138924439894498	NA	9,807	1,03755686431547	1,03755686431547	NA	PMS	G	NA	NA	NA	NA	NA	serenelli17	A	NA	0,011302852266406075	0,0012235093579404921	0,0015648293131213062
KIC3643774	1,275	0,0565862174031804	0,0618465843842649	1,588	0,0233452350598575	0,0256124969497314	6029	104	104	0,158	0,1	0,1	NA	4,141	0,0086023252670426	0,0086023252670426	NA	2,911	0,199115374876444	0,199115374876444	NA	MS	F	NA	NA	NA	NA	NA	serenelli17	A	NA	0,07600988600321876	0,0047558058553466365	0,00520774678722103
KIC3656476	1,075	0,0402243707222375	0,0410487515035476	1,316	0,0184390889145858	0,0184390889145858	5684	56	56	0,233	0,1	0,1	NA	4,23	0,0072111025509279	0,0072111025509279	NA	1,626	0,13908986340791	0,13908986340791	NA	MS	G	NA	NA	NA	NA	NA	serenelli17	A	NA	0,11260357711623464	0,006336889450982785	0,006394630145793295
KIC3657002	1,219	0,0646606526413089	0,0898943824718764	1,516	0,0324499614791759	0,037589892258425	6006	64	64	0,112	0,1	0,1	NA	4,161	0,0128062484748657	0,0136014705087354	NA	2,732	0,226473371932982	0,226473371932982	NA	MS	F	NA	NA	NA	NA	NA	serenelli17	A	NA	0,08352519388486394	0,006956815806561582	0,008748863446164785
KIC3661135	1,11	0,0537121960079831	0,0555427763079953	1,879	0,0477598157450382	0,0477598157450382	5603	71	71	-0,02	0,1	0,1	NA	3,935	0,0114017542509914	0,0114017542509914	NA	3,542	0,319592291678029	0,319592291678029	NA	PMS	G	NA	NA	NA	NA	NA	serenelli17	A	NA	0,03994422774188074	0,003607398484658658	0,0036431194400430795
KIC3730801	1,24	0,0678969807870718	0,113159179919262	1,595	0,0449444101084885	0,052773099207835	5894	58	58	0,164	0,1	0,1	NA	4,123	0,0126491106406735	0,0136014705087354	NA	2,844	0,246867410490714	0,246867410490714	NA	MS	G	NA	NA	NA	NA	NA	serenelli17	A	NA	0,07295431998023898	0,007347892748699692	0,00983677785921739
KIC3733735	1,441	0,0660378679243962	0,0718401002226472	1,425	0,0277848879788996	0,0277848879788996	6711	66	66	-0,077	0,1	0,1	NA	4,287	0,01	0,0106301458127346	NA	3,631	0,279777268342257	0,279777268342257	NA	MS	F	NA	NA	NA	NA	NA	serenelli17	A	NA	0,11888601733089497	0,008834274613103725	0,009137271482381668
KIC3735871	1,15	0,0427200187265877	0,0475394572960188	1,113	0,0148660687473185	0,0167630546142402	6176	50	50	-0,032	0,099	0,099	NA	4,405	0,0067082039324993	0,0076157731058639	NA	1,542	0,12896442448014	0,12896442448014	NA	MS	F	NA	NA	NA	NA	NA	serenelli17	A	NA	0,19912405972315328	0,010880245807489159	0,012194503641923454
KIC3761840	1,538	0,0658027355054484	0,0698927750200262	2,814	0,0746726188103779	0,0737360156233031	6236	61	61	0,011	0,1	0,1	NA	3,725	0,0158113883008419	0,0158113883008419	NA	12,97	1,13237954655977	1,13237954655977	NA	MS	F	NA	NA	NA	NA	NA	serenelli17	A	NA	0,016477656565715395	0,0014892019076758504	0,001496172663724119
KIC3854781	1,197	0,0567274184147313	0,0598163857149527	1,792	0,0358050275799363	0,0374432904536981	5705	102	102	0,256	0,1	0,1	NA	4,009	0,010295630140987	0,010295630140987	NA	3,408	0,294317890671679	0,294317890671679	NA	MS	G	NA	NA	NA	NA	NA	serenelli17	A	NA	0,04965826309830699	0,003794526792954413	0,003980873008798649
KIC3942719	1,099	0,0595063021872474	0,0567978872846517	2,107	0,0563648826841678	0,0554616984954482	5736	65	65	-0,364	0,101	0,101	NA	3,83	0,0104403065089106	0,0104403065089106	NA	4,016	0,104548159379123	0,104548159379123	NA	PMS	G	NA	NA	NA	NA	NA	serenelli17	A	NA	0,028048876891160555	0,0027154497846404615	0,0026471481513930385
KIC3952307	1,275	0,0622896460095897	0,0684105255059483	2,076	0,0483735464897913	0,0475078940808788	6210	118	118	-0,118	0,1	0,1	NA	3,908	0,0139283882771841	0,0139283882771841	NA	6,262	0,48695300120495	0,48695300120495	NA	MS	F	NA	NA	NA	NA	NA	serenelli17	A	NA	0,03402040880081631	0,002901392262247593	0,0029642946266573186
KIC3952580	1,458	0,0642028036770981	0,0618465843842649	2,709	0,0466154480832267	0,0474341649025257	6115	101	101	-0,074	0,1	0,1	NA	3,736	0,010295630140987	0,0094339811320566	NA	11,88	1,0567874435588	1,0567874435588	NA	MS	F	NA	NA	NA	NA	NA	serenelli17	A	NA	0,017508216148622517	0,001187979603764643	0,0011821228752912358
KIC3967430	1,36	0,09	0,12	1,47	0,04	0,05	6622	53	53	0,0	0,15	0,15	NA	4,236	0,014	0,014	NA	3,565	0,281704945624284	0,281704945624284	NA	MS	F	NA	NA	NA	NA	NA	C14sdss	A	NA	0,10221115474607503	0,010741033338887008	0,01378820344728418
KIC3967859	1,008	0,0605392434706612	0,0596824932455071	1,284	0,0344383507154451	0,0335410196624968	6211	78	78	-0,375	0,1	0,1	NA	4,224	0,0158113883008419	0,0158113883008419	NA	1,933	0,172593806759579	0,172593806759579	NA	MS	F	NA	NA	NA	NA	NA	serenelli17	A	NA	0,11367811187477372	0,011413996193952572	0,011165396059000809
KIC4038445	1,067	0,0796052762070455	0,0769415362466854	2,667	0,0836719785830358	0,0827647267862342	5327	69	69	-0,766	0,105	0,105	NA	3,613	0,0085440037453175	0,0085440037453175	NA	4,939	0,47477908781434	0,47477908781434	NA	PMS	G	NA	NA	NA	NA	NA	serenelli17	A	NA	0,01342785871512945	0,0016127174387984868	0,0015812544507313867
KIC4049576	1,159	0,0674166151627327	0,0691158447825099	1,944	0,0919238815542512	0,0861278120005379	6066	84	84	-0,264	0,101	0,101	NA	3,923	0,0284429253066558	0,0304138126514911	NA	4,633	0,331409816577219	0,331409816577219	NA	MS	F	NA	NA	NA	NA	NA	serenelli17	A	NA	0,037662231183638144	0,005774389425587765	0,0054865689789855695
KIC4060815	1,43	0,16	0,16	3,73	0,18	0,18	5055	75	75	0,091	0,0721110255092798	0,0721110255092798	NA	NA	NA	NA	NA	7,068	0,736696435134712	0,736696435134712	NA	PMS	K	NA	NA	NA	NA	NA	huber13	A	NA	0,006578409928859309	0,0012036497739099236	0,0012036497739099236
KIC4064447	1,91	0,09	0,14	4,61	0,11	0,15	5755	118	118	-0,25	0,1	0,1	NA	3,39	0,011	0,011	NA	21,47	2,13004764292093	2,13004764292093	NA	PMS	G	NA	NA	NA	NA	NA	C14sdss	A	NA	0,004654167206487727	0,00039886330707414086	0,0005681350481501483
KIC4072740	1,326	0,0740607858451421	0,0732393336944022	4,113	0,0864522989862039	0,0857029754442633	5015	71	71	0,148	0,1	0,1	NA	3,331	0,0072801098892805	0,0072801098892805	NA	9,018	0,92191077984941	0,92191077984941	NA	PMS	K	NA	NA	NA	NA	NA	serenelli17	A	NA	0,0045496583612296155	0,00038324827635380934	0,0003795183276211031
KIC4141376	1,019	0,021	0,03	1,039	0,009	0,009	6134	91	91	-0,269	0,0721110255092798	0,0721110255092798	NA	4,412	0,003	0,004	NA	1,363	0,052	0,056	NA	MS	F	NA	NA	NA	NA	NA	silva15	A	NA	0,2168897019924245	0,007193441468544676	0,008517029909473011
KIC4143755	0,918	0,021	0,03	1,414	0,012	0,013	5622	106	106	-0,357	0,0721110255092798	0,0721110255092798	NA	4,102	0,001	0,002	NA	1,997	0,029	0,038	NA	MS	G	NA	NA	NA	NA	NA	silva15	A	NA	0,07751858622744659	0,002653241366973178	0,0033149462313960764
KIC4165030	0,923	0,0509901951359278	0,0491934955049954	1,634	0,042154477816716	0,0412310562561766	5758	63	63	-0,482	0,102	0,102	NA	3,975	0,0117046999107196	0,0117046999107196	NA	2,843	0,253964897885598	0,253964897885598	NA	PMS	G	NA	NA	NA	NA	NA	serenelli17	A	NA	0,05050762358102726	0,004802710375161616	0,0046759923588365
KIC4243623	0,98	0,110113577727726	0,0936803074290429	2,563	0,132672529183701	0,118139747756629	5094	63	63	-0,369	0,101	0,101	NA	3,611	0,0101980390271856	0,0101980390271856	NA	3,63	0,320797984575958	0,320797984575958	NA	PMS	K	NA	NA	NA	NA	NA	serenelli17	A	NA	0,01389605895083167	0,0026635907342039337	0,0023360278659341187
KIC4247542	1,129	0,0917877987534291	0,0710633520177595	1,581	0,052773099207835	0,0501198563445667	6440	66	66	-0,44	0,1	0,1	NA	4,095	0,0202484567313166	0,0202484567313166	NA	3,696	0,272247043342329	0,272247043342329	NA	MS	F	NA	NA	NA	NA	NA	serenelli17	A	NA	0,06820398069899171	0,00879737898601196	0,007778450391220596
KIC4252818	0,94	0,15	0,13	1,5	0,11	0,1	5630	58	58	0,02	0,15	0,15	NA	4,058	0,02	0,021	NA	2,055	0,175391596385497	0,175391596385497	NA	PMS	G	NA	NA	NA	NA	NA	C14sdss	A	NA	0,06649139844728072	0,01807098853415947	0,016167982257597573
KIC4346201	1,142	0,0574543296888929	0,0549181208709839	1,902	0,0331209903233584	0,0322490309931942	6147	51	51	-0,337	0,099	0,099	NA	3,937	0,0106301458127346	0,0106301458127346	NA	5,527	0,551784265879922	0,551784265879922	NA	MS	F	NA	NA	NA	NA	NA	serenelli17	A	NA	0,03962287248577042	0,0028737586916399217	0,0027735842220534754
KIC4347652	1,546	0,270186972298814	0,28570264261991	4,469	0,33577373333839	0,342052627529741	5043	75	75	0,025	0,102	0,102	NA	3,324	0,0310161248385416	0,0328937684067971	NA	11,41	1,11407977100886	1,11407977100886	NA	PMS	K	NA	NA	NA	NA	NA	serenelli17	A	NA	0,004135136178198424	0,0011794122913536757	0,0012188161968604736
KIC4349452	1,159	0,04	0,051	1,297	0,015	0,015	6270	79	79	-0,045	0,0721110255092798	0,0721110255092798	NA	4,275	0,007	0,008	NA	2,406	0,126	0,128	NA	MS	F	NA	NA	NA	NA	NA	silva15	A	NA	0,126816247548577	0,006206081539035263	0,007106325883578599
KIC4351319	1,383	0,0782943165242535	0,0746860093993514	3,455	0,0729451848993475	0,072069410986909	5001	61	61	0,229	0,1	0,1	NA	3,501	0,0072801098892805	0,0072801098892805	NA	7,018	0,680309699698846	0,680309699698846	NA	PMS	K	NA	NA	NA	NA	NA	serenelli17	A	NA	0,008005517582056296	0,000680078761864322	0,0006617210046205563
KIC4378838	1,627	0,173441632833642	0,16860011862392	3,691	0,177867928531256	0,174484956371602	5053	71	71	0,238	0,099	0,099	NA	3,514	0,0114017542509914	0,012369316876853	NA	8,294	0,813824542073771	0,813824542073771	NA	PMS	K	NA	NA	NA	NA	NA	serenelli17	A	NA	0,007724436512628655	0,0013874811412858566	0,001356757802570075
KIC4446300	1,07	0,054230987451825	0,0560802995712398	1,999	0,0460434577328854	0,0452216762183801	5410	60	60	-0,101	0,101	0,101	NA	3,864	0,0089442719099991	0,0089442719099991	NA	3,139	0,294077840422066	0,294077840422066	NA	PMS	G	NA	NA	NA	NA	NA	serenelli17	A	NA	0,03197840408413193	0,002740375130566447	0,002742102840013793
KIC4450844	1,056	0,0464004310324807	0,0472016948848238	1,548	0,0254950975679639	0,0254950975679639	5968	59	59	-0,136	0,0721110255092798	0,0721110255092798	NA	4,082	0,0072111025509279	0,0072111025509279	NA	2,81	0,241286059060407	0,241286059060407	NA	MS	G	NA	NA	NA	NA	NA	serenelli17	A	NA	0,06796141926826417	0,004493666266934456	0,004528098627812314
KIC4457351	0,884	0,056302753041037	0,056302753041037	1,616	0,054561891462815	0,052773099207835	5483	58	58	-0,367	0,102	0,102	NA	3,966	0,014142135623731	0,014142135623731	NA	3,054	0,281947583943057	0,281947583943057	NA	PMS	G	NA	NA	NA	NA	NA	serenelli17	A	NA	0,050008011572364626	0,005983500723348261	0,005843586326465421
KIC4465324	1,079	0,0793788384898645	0,0590338885725818	1,388	0,0373363094051889	0,0326955654485436	5850	59	59	0,037	0,1	0,1	NA	4,187	0,0120830459735946	0,0120830459735946	NA	2,207	0,192897800358889	0,192897800358889	NA	MS	G	NA	NA	NA	NA	NA	serenelli17	A	NA	0,0963306380856354	0,010519150866982574	0,008609223348964202
KIC4465529	1,322	0,054561891462815	0,0579827560572969	1,657	0,0306104557300279	0,0306104557300279	6345	49	49	0,025	0,1	0,1	NA	4,12	0,010295630140987	0,010295630140987	NA	4,239	0,367701157208098	0,367701157208098	NA	MS	F	NA	NA	NA	NA	NA	serenelli17	A	NA	0,06937057919890602	0,004793503085935574	0,004902833446447158
KIC4476423	1,62	0,26	0,26	10,47	0,7	0,7	4553	97	97	0,159	0,0721110255092798	0,0721110255092798	NA	NA	NA	NA	NA	60,76	10,7927669704515	10,7927669704515	NA	PMS	K	NA	NA	NA	NA	NA	huber13	A	NA	0,0003369662153904755	8,656020208443593e-05	8,656020208443593e-05
KIC4543171	1,315	0,0684105255059483	0,069656299069072	1,663	0,0438292140016222	0,0438292140016222	6129	59	59	0,137	0,1	0,1	NA	4,114	0,0139283882771841	0,0148660687473185	NA	3,486	0,296648102055351	0,296648102055351	NA	MS	F	NA	NA	NA	NA	NA	serenelli17	A	NA	0,06825907455082854	0,00646047210552749	0,006496240784242178
KIC4554830	0,98	0,05	0,06	1,35	0,03	0,04	5466	60	60	0,36	0,1	0,15	NA	4,167	0,01	0,01	NA	1,919	0,17412292709152	0,17412292709152	NA	PMS	G	NA	NA	NA	NA	NA	C14sdss	A	NA	0,09509028759643799	0,007982786597319465	0,010263441782984833
KIC4571351	1,235	0,0743303437365925	0,0998098191562333	1,585	0,0689492567037528	0,0698927750200262	6000	59	59	0,143	0,101	0,101	NA	4,125	0,0263058928759318	0,0282842712474619	NA	2,923	0,255209864123749	0,255209864123749	NA	MS	F	NA	NA	NA	NA	NA	serenelli17	A	NA	0,07404411533663129	0,010641129725431924	0,011478490204341198
KIC4571904	1,293	0,068622153857191	0,068622153857191	2,252	0,0836301381082203	0,0800624756049924	6069	78	78	-0,097	0,1	0,1	NA	3,843	0,0191049731745428	0,0191049731745428	NA	NA	NA	NA	NA	MS	F	NA	NA	NA	NA	NA	serenelli17	A	NA	0,027027430362480682	0,0033352708343759624	0,003219778777711365
KIC4577484	1,193	0,0509607692249636	0,0625859409132754	2,175	0,0468187996428785	0,0496487663492256	5424	74	74	0,022	0,1	0,1	NA	3,838	0,0116619037896906	0,0116619037896906	NA	5,273	0,497045576575478	0,497045576575478	NA	PMS	G	NA	NA	NA	NA	NA	serenelli17	A	NA	0,02768050763994788	0,00214322428380953	0,002387884444471914
KIC4586099	1,253	0,118595952713404	0,0778331548891602	1,813	0,0516236379965612	0,0403608721412211	6383	58	58	-0,151	0,1	0,1	NA	4,021	0,0138924439894498	0,0122065556157337	NA	5,663	0,482656291450163	0,482656291450163	NA	MS	F	NA	NA	NA	NA	NA	serenelli17	A	NA	0,050195992923804306	0,006399850019781351	0,004578280952698521
KIC4638884	1,522	0,0508035431835221	0,0468614980554399	1,928	0,0269072480941474	0,0256124969497314	6662	57	57	0,008	0,099	0,099	NA	4,05	0,0067082039324993	0,0067082039324993	NA	6,055	0,488982163912133	0,488982163912133	NA	MS	F	NA	NA	NA	NA	NA	serenelli17	A	NA	0,05069964920579691	0,0027147417884273817	0,0025533138235252838
KIC4641621	1,447	0,0725603197346869	0,0804984471899924	3,062	0,106569226327303	0,0999599919967984	5684	61	61	-0,264	0,101	0,101	NA	3,622	0,0164924225024706	0,0164924225024706	NA	11,8	1,10037374171454	1,10037374171454	NA	PMS	G	NA	NA	NA	NA	NA	serenelli17	A	NA	0,012032735290963811	0,0013937364402774846	0,0013552885217476911
KIC4646780	1,43	0,15	0,1	1,92	0,08	0,07	6856	138	138	-0,12	0,15	0,15	NA	4,029	0,019	0,019	NA	6,537	0,540582863111397	0,540582863111397	NA	MS	F	NA	NA	NA	NA	NA	C14sdss	A	NA	0,04823294080552215	0,007870691277255195	0,006261576765156065
KIC4672403	1,177	0,0501597448159378	0,053851648071345	1,818	0,0317647603485372	0,0335410196624968	5779	88	88	0,113	0,1	0,1	NA	3,989	0,0094339811320566	0,010295630140987	NA	4,263	0,388355108144367	0,388355108144367	NA	PMS	G	NA	NA	NA	NA	NA	serenelli17	A	NA	0,046763414777859495	0,0031591194561172297	0,0033581181298311235
KIC4739932	1,166	0,058591808301161	0,0630713881248859	1,805	0,0470106370941726	0,047927027865287	5876	111	111	0,008	0,1	0,1	NA	3,991	0,0161554944214035	0,0161554944214035	NA	4,034	0,323248423765954	0,323248423765954	NA	MS	G	NA	NA	NA	NA	NA	serenelli17	A	NA	0,04733455759372005	0,004397279667704575	0,00455770845774109
KIC4755204	1,19	0,102459748194108	0,0658634952003005	1,645	0,0438634243989226	0,0393573373083089	6073	70	70	-0,072	0,1	0,1	NA	4,084	0,0120830459735946	0,0120830459735946	NA	2,924	0,263173003459093	0,263173003459093	NA	MS	F	NA	NA	NA	NA	NA	serenelli17	A	NA	0,06382056508407391	0,007500578869555345	0,005784544805488001
KIC4756112	1,378	0,073	0,071505244562899	2,619	0,0904765162901402	0,0857962703152066	6182	60	60	-0,209	0,1	0,1	NA	3,739	0,0194164878389476	0,0203960780543711	NA	11,38	1,04068423933855	1,04068423933855	NA	MS	F	NA	NA	NA	NA	NA	serenelli17	A	NA	0,018312773039916415	0,0021314800537097643	0,002035199577978908
KIC4841753	1,314	0,0560357029044876	0,0536003731330296	2,149	0,0794040301244213	0,0746324326281812	5966	67	67	0,127	0,1	0,1	NA	3,891	0,0223606797749979	0,0233452350598575	NA	6,304	0,560000152692	0,560000152692	NA	MS	G	NA	NA	NA	NA	NA	serenelli17	A	NA	0,03160803586413759	0,0037540260694915234	0,003536548524226721
KIC4842436	1,089	0,0604400529450463	0,06200806399171	1,57	0,0569209978830308	0,0540832691319598	5688	63	63	0,139	0,1	0,1	NA	4,082	0,0237697286480094	0,0237697286480094	NA	2,791	0,254711365146508	0,254711365146508	NA	MS	G	NA	NA	NA	NA	NA	serenelli17	A	NA	0,06718004852863142	0,008203231605532523	0,007926719738934397
KIC4846457	1,429	0,0602079728939615	0,0619112267686564	2,474	0,10770329614269	0,0980815986819138	5885	81	81	0,229	0,1	0,1	NA	3,805	0,0241867732448957	0,0251793566240283	NA	8,969	0,820218327402594	0,820218327402594	NA	PMS	G	NA	NA	NA	NA	NA	serenelli17	A	NA	0,0225291358395285	0,003091677521545954	0,002851741890334336
KIC4914423	1,099	0,019	0,03	1,45	0,009	0,009	5845	88	88	0,131	0,0721110255092798	0,0721110255092798	NA	4,155	0,004	0,004	NA	2,256	0,115	0,119	NA	MS	G	NA	NA	NA	NA	NA	silva15	A	NA	0,08606074006707595	0,002186722593490288	0,002843765067485433
KIC4914923	1,0586	0,0589	0,0494	1,3566	0,024	0,024	5805	77	77	0,08	0,1	0,1	NA	4,1965	0,0099	0,0077	NA	1,885	0,153	0,142	NA	MS	G	NA	NA	NA	NA	NA	silva17	A	NA	0,10122501322149967	0,007783533055976065	0,007153747904404655
KIC4915148	1,074	0,071386273190299	0,067468511173732	2,503	0,0631506136153878	0,0611882341631134	5026	75	75	0,095	0,102	0,102	NA	3,671	0,0082462112512353	0,0082462112512353	NA	3,742	0,372300324244281	0,372300324244281	NA	PMS	K	NA	NA	NA	NA	NA	serenelli17	A	NA	0,01635057850716802	0,0016470246098682078	0,0015788917014449822
KIC4918355	1,09	0,09	0,08	3,01	0,09	0,09	5003	70	70	-0,06	0,15	0,1	NA	3,519	0,008	0,008	NA	5,212	0,516652167465903	0,516652167465903	NA	PMS	K	NA	NA	NA	NA	NA	C14sdss	A	NA	0,009541977800999276	0,0011633340763692896	0,001105923903051906
KIC4931390	1,37	0,1	0,1	1,41	0,04	0,04	6557	51	51	-0,06	0,15	0,15	NA	4,274	0,012	0,012	NA	3,532	0,310919874595679	0,310919874595679	NA	MS	F	NA	NA	NA	NA	NA	C14sdss	A	NA	0,11667414308534539	0,01308157588416748	0,01308157588416748
KIC4947253	1,173	0,0550726792520575	0,0568242905807015	2,006	0,0483321838943783	0,0483321838943783	5953	59	59	-0,196	0,1	0,1	NA	3,901	0,013	0,013	NA	5,318	0,47408994136162	0,47408994136162	NA	MS	G	NA	NA	NA	NA	NA	serenelli17	A	NA	0,03469098384841751	0,0029900597902925556	0,003018590746977675
KIC5021689	1,22	0,08	0,07	1,79	0,04	0,04	6168	84	84	-0,08	0,09	0,09	NA	4,016	0,011	0,01	NA	4,306	0,358627328127141	0,358627328127141	NA	MS	F	NA	NA	NA	NA	NA	C14bruntt	A	NA	0,050782272130412594	0,004762218718568589	0,004481047813835423
KIC5033245	1,418	0,104355162785557	0,0967987603226405	3,315	0,0964624279188535	0,0917605579756357	5086	63	63	0,119	0,1	0,1	NA	3,548	0,0085440037453175	0,0094868329805051	NA	7,723	0,767709114328581	0,767709114328581	NA	PMS	K	NA	NA	NA	NA	NA	serenelli17	A	NA	0,009292595292178175	0,0010610095598381426	0,0009989370818322765
KIC5084157	1,102	0,0822982381342395	0,0735730929076656	1,378	0,0483011387029333	0,0456508488420533	5803	83	83	0,125	0,1	0,1	NA	4,201	0,0111803398874989	0,0111803398874989	NA	2,351	0,197037740566424	0,197037740566424	NA	MS	G	NA	NA	NA	NA	NA	serenelli17	A	NA	0,10054149357028001	0,012967424212094361	0,012037597148917462
KIC5088536	0,93	0,06	0,06	1,13	0,03	0,03	5884	75	75	-0,163	0,0721110255092798	0,0721110255092798	NA	NA	NA	NA	NA	1,414	0,120968147785274	0,120968147785274	NA	MS	G	NA	NA	NA	NA	NA	huber13	A	NA	0,153871790996304	0,015771535098245942	0,015771535098245942
KIC5094751	1,068	0,04	0,04	1,339	0,015	0,018	5952	75	75	-0,017	0,0721110255092798	0,0721110255092798	NA	4,213	0,008	0,007	NA	2,04	0,124	0,112	NA	MS	G	NA	NA	NA	NA	NA	silva15	A	NA	0,10620400936824326	0,005344270595342722	0,005845213590258126
KIC5095159	1,426	0,101414989030222	0,123174672721303	2,776	0,0694046107978425	0,0837257427557379	5192	67	67	0,097	0,099	0,099	NA	3,704	0,0113137084989848	0,0136014705087354	NA	5,227	0,53300753063853	0,53300753063853	NA	PMS	K	NA	NA	NA	NA	NA	serenelli17	A	NA	0,015913749989587125	0,0016448682699781716	0,001990685822919425
KIC5095850	1,43	0,25	0,11	2,27	0,17	0,09	6836	85	85	0,1	0,15	0,15	NA	3,885	0,018	0,021	NA	11,33	1,01207189132385	1,01207189132385	NA	MS	F	NA	NA	NA	NA	NA	C14sdss	A	NA	0,029185682698166324	0,008308455591692366	0,004134132440751449
KIC5108214	1,44	0,08	0,08	2,49	0,06	0,06	5844	75	75	0,343	0,0721110255092798	0,0721110255092798	NA	NA	NA	NA	NA	6,673	0,719809498805177	0,719809498805177	NA	PMS	G	NA	NA	NA	NA	NA	huber13	A	NA	0,022267724602608358	0,0020301695813179864	0,0020301695813179864
KIC5110725	1,31	0,07	0,11	3,73	0,09	0,13	4869	79	79	0,35	0,1	0,1	NA	3,411	0,008	0,009	NA	6,665	0,662623356758107	0,662623356758107	NA	PMS	K	NA	NA	NA	NA	NA	C14sdss	A	NA	0,006026375529234752	0,0005422081473426697	0,0008081450789975803
KIC5184732	1,1479	0,0399	0,0589	1,3206	0,015	0,021	5846	77	77	0,36	0,1	0,1	NA	4,2548	0,0077	0,0099	NA	1,806	0,128	0,128	NA	MS	G	NA	NA	NA	NA	NA	silva17	A	NA	0,11898756245153916	0,0057918118055059606	0,008336478795357087
KIC5214711	1,255	0,0764852927038918	0,0707248188403477	1,868	0,0734098086089318	0,069778220097678	6194	54	54	-0,025	0,1	0,1	NA	3,993	0,0237697286480094	0,0237697286480094	NA	5,291	0,438711511084827	0,438711511084827	NA	MS	F	NA	NA	NA	NA	NA	serenelli17	A	NA	0,04596470750398762	0,006100272689422679	0,005765604428733986
KIC5253542	1,077	0,061400325732035	0,061400325732035	1,191	0,0264007575648882	0,0264007575648882	5770	96	96	0,203	0,1	0,1	NA	4,318	0,013	0,013	NA	1,463	0,123674067491704	0,123674067491704	NA	MS	G	NA	NA	NA	NA	NA	serenelli17	A	NA	0,15219199484182608	0,013330954771143879	0,013330954771143879
KIC5265656	1,491	0,146030818665102	0,172817823154905	2,834	0,109018347079746	0,119540788018149	5099	90	90	0,309	0,099	0,099	NA	3,703	0,0184390889145858	0,02	NA	5,508	0,529093171781204	0,529093171781204	NA	PMS	K	NA	NA	NA	NA	NA	serenelli17	A	NA	0,015638298422109696	0,0023670534090435816	0,0026835791522322916
KIC5309966	1,34	0,08	0,13	1,64	0,05	0,06	6356	61	61	0,1	0,15	0,15	NA	4,131	0,014	0,015	NA	4,22	0,352765649687295	0,352765649687295	NA	MS	F	NA	NA	NA	NA	NA	C14sdss	A	NA	0,07252448356059604	0,007921395020037336	0,010623858259836225
KIC5344612	1,298	0,0756637297521078	0,108784190027779	1,746	0,0608276253029822	0,0608276253029822	6359	84	84	-0,123	0,1	0,1	NA	4,063	0,0203960780543711	0,0203960780543711	NA	4,715	0,390669340921946	0,390669340921946	NA	MS	F	NA	NA	NA	NA	NA	serenelli17	A	NA	0,058217474959806864	0,006966997141715186	0,007799253704436971
KIC5353186	1,362	0,210582525390879	0,0877097486029917	2,187	0,104709120901667	0,0672681202353686	6166	55	55	0,073	0,1	0,1	NA	3,893	0,0126491106406735	0,0126491106406735	NA	7,67	0,655138125827586	0,655138125827586	NA	MS	F	NA	NA	NA	NA	NA	serenelli17	A	NA	0,031084375682791397	0,006559892874482601	0,0034977392123975797
KIC5371516	1,454	0,0700927956355002	0,127945300812496	2,049	0,0353553390593274	0,0586003412959344	6350	81	81	0,075	0,1	0,1	NA	3,976	0,01	0,0143178210632764	NA	5,834	0,497365294201537	0,497365294201537	NA	MS	F	NA	NA	NA	NA	NA	serenelli17	A	NA	0,04035059304065667	0,002854214634676899	0,004959113021553633
KIC5390438	1,09	0,100687635785135	0,0872811548961172	3,511	0,139014387744578	0,125574678976297	4814	64	64	0,186	0,1	0,1	NA	3,384	0,0082462112512353	0,0082462112512353	NA	7,315	0,770550623443635	0,770550623443635	NA	PMS	K	NA	NA	NA	NA	NA	serenelli17	A	NA	0,0060123658622079175	0,000904697966786101	0,0008049573440062344
KIC5429911	1,614	0,100647901120689	0,130740200397582	3,365	0,114162165361384	0,124619420637395	5303	74	74	-0,005	0,102	0,102	NA	3,59	0,0143178210632764	0,0152970585407784	NA	8,383	0,78142971641742	0,78142971641742	NA	PMS	G	NA	NA	NA	NA	NA	serenelli17	A	NA	0,01011252749444875	0,001207067143582405	0,001390436818861148
KIC5431016	1,336	0,175559106855782	0,0843148859929254	2,142	0,0813941029804985	0,0462276973253049	6601	62	62	-0,264	0,101	0,101	NA	3,903	0,0192353840616713	0,0127279220613579	NA	8,646	0,79107460085969	0,79107460085969	NA	MS	F	NA	NA	NA	NA	NA	serenelli17	A	NA	0,03245334370891156	0,0056456755847903795	0,002934244970596822
KIC5431807	1,567	0,192333044482741	0,137884009225145	3,307	0,161554944214035	0,114947814246292	5285	74	74	0,117	0,102	0,102	NA	3,592	0,0117046999107196	0,0126491106406735	NA	NA	NA	NA	NA	PMS	G	NA	NA	NA	NA	NA	serenelli17	A	NA	0,010343744926169853	0,001977361853300005	0,0014113170399423897
KIC5450445	1,39	0,07	0,06	1,99	0,04	0,04	6112	84	84	0,05	0,09	0,09	NA	3,985	0,009	0,009	NA	5,484	0,465478938984048	0,465478938984048	NA	MS	F	NA	NA	NA	NA	NA	C14bruntt	A	NA	0,042108227603840996	0,0033082096412541846	0,003122696137203434
KIC5468089	1,56	0,15	0,17	2,0	0,07	0,07	6728	429	429	0,0	0,15	0,15	NA	4,03	0,018	0,025	NA	5,431	0,462468950326639	0,462468950326639	NA	MS	F	NA	NA	NA	NA	NA	C14sdss	A	NA	0,04655282085437938	0,0066279450362750235	0,0070447833170200645
KIC5511081	1,14	0,08	0,08	1,74	0,08	0,08	5923	77	77	-0,012	0,0721110255092798	0,0721110255092798	NA	NA	NA	NA	NA	3,319	0,298201124862171	0,298201124862171	NA	MS	G	NA	NA	NA	NA	NA	huber13	A	NA	0,0516616766907556	0,00799497829312013	0,00799497829312013
KIC5512589	1,132	0,041146081222882	0,0447772263544762	1,658	0,0248394846967484	0,0256124969497314	5789	56	56	0,032	0,1	0,1	NA	4,052	0,0078102496759066	0,0078102496759066	NA	2,979	0,248201743034408	0,248201743034408	NA	MS	G	NA	NA	NA	NA	NA	serenelli17	A	NA	0,059293111182278486	0,003427336810579146	0,003612689781356536
KIC5513648	1,08	0,07	0,07	1,47	0,06	0,06	5904	85	85	-0,052	0,0721110255092798	0,0721110255092798	NA	NA	NA	NA	NA	NA	NA	NA	NA	MS	G	NA	NA	NA	NA	NA	huber13	A	NA	0,08116768171011841	0,011245375231512197	0,011245375231512197
KIC5514383	1,18	0,05	0,05	1,19	0,02	0,02	6184	81	81	0,097	0,0721110255092798	0,0721110255092798	NA	NA	NA	NA	NA	1,789	0,15956963222112	0,15956963222112	NA	MS	F	NA	NA	NA	NA	NA	huber13	A	NA	0,1671677564388018	0,011009814160775915	0,011009814160775915
KIC5516982	1,263	0,0452769256906871	0,0444184646290256	1,472	0,0194164878389476	0,0194164878389476	6444	50	50	-0,065	0,1	0,1	NA	4,203	0,0072111025509279	0,0072111025509279	NA	3,568	0,306744935856814	0,306744935856814	NA	MS	F	NA	NA	NA	NA	NA	serenelli17	A	NA	0,09453471325964882	0,005047698245600377	0,005004784808830503
KIC5523099	1,202	0,0657647321898295	0,0702139587261678	2,294	0,0700927956355002	0,068154236845555	5488	62	62	-0,112	0,1	0,1	NA	3,795	0,0133416640641263	0,0133416640641263	NA	4,673	0,439094816717763	0,439094816717763	NA	PMS	G	NA	NA	NA	NA	NA	serenelli17	A	NA	0,023770352257378998	0,002537519126844374	0,002533106316368406
KIC5530375	1,404	0,0643506021727847	0,0618546683767685	2,753	0,0657419196555744	0,0648459713474939	6210	55	55	-0,226	0,1	0,1	NA	3,706	0,012369316876853	0,012369316876853	NA	8,503	1,20824327316213	1,20824327316213	NA	MS	F	NA	NA	NA	NA	NA	serenelli17	A	NA	0,016064228179396896	0,0013662214797662824	0,0013377105205298998
KIC5543462	1,033	0,0612943716828878	0,058821764679411	1,298	0,057974132162543	0,053160135440008	6246	54	54	-0,372	0,102	0,102	NA	4,224	0,0292745623366089	0,0302654919008431	NA	2,252	0,188741772329695	0,188741772329695	NA	MS	F	NA	NA	NA	NA	NA	serenelli17	A	NA	0,11276845615865824	0,016525412418801955	0,015271107577101935
KIC5561278	1,29	0,09	0,09	1,95	0,06	0,06	6081	75	75	0,013	0,0721110255092798	0,0721110255092798	NA	NA	NA	NA	NA	4,338	0,391463030997071	0,391463030997071	NA	MS	F	NA	NA	NA	NA	NA	huber13	A	NA	0,0415333791713033	0,00480571996111475	0,00480571996111475
KIC5596656	1,14	0,13	0,12	3,67	0,17	0,17	5094	84	84	-0,46	0,09	0,09	NA	3,362	0,01	0,01	NA	9,826	0,958140948811992	0,958140948811992	NA	PMS	K	NA	NA	NA	NA	NA	C14bruntt	A	NA	0,005505769799874646	0,0009897401116188398	0,000959829334643029
KIC5603483	1,24	0,11	0,11	3,59	0,12	0,13	4876	79	79	0,28	0,1	0,15	NA	3,42	0,01	0,012	NA	6,645	0,68354427576958	0,68354427576958	NA	PMS	K	NA	NA	NA	NA	NA	C14sdss	A	NA	0,006398080943337559	0,0008566071039004056	0,0008973520370038233
KIC5607242	1,291	0,0334215499341368	0,0581377674149945	2,449	0,0360555127546399	0,0495176736125598	5689	67	67	-0,185	0,102	0,102	NA	3,77	0,0058309518948453	0,0058309518948453	NA	5,901	0,527470378917436	0,527470378917436	NA	PMS	G	NA	NA	NA	NA	NA	serenelli17	A	NA	0,02098317861986573	0,0010742432969769054	0,0015852307111173106
KIC5629080	1,242	0,099040395798886	0,0931718841711382	3,075	0,0926498785752038	0,0907083237635885	5203	94	94	-0,301	0,102	0,102	NA	3,555	0,0092195444572928	0,0101980390271856	NA	6,849	0,650111776016596	0,650111776016596	NA	PMS	G	NA	NA	NA	NA	NA	serenelli17	A	NA	0,010197591861606908	0,0012291913510965185	0,0011830600812572465
KIC5636956	1,464	0,0724223722339996	0,127137720602503	2,055	0,0554616984954482	0,064621977685614	6369	60	60	0,094	0,1	0,1	NA	3,975	0,0121655250605964	0,0131529464379659	NA	7,338	0,637729562098162	0,637729562098162	NA	MS	F	NA	NA	NA	NA	NA	serenelli17	A	NA	0,04027327881668777	0,003821222398713724	0,0051640076318961725
KIC5652983	1,55	0,15	0,15	3,21	0,11	0,11	5198	95	95	0,138	0,0721110255092798	0,0721110255092798	NA	NA	NA	NA	NA	6,224	0,693240381006964	0,693240381006964	NA	PMS	K	NA	NA	NA	NA	NA	huber13	A	NA	0,011187369740057098	0,0015795145066134658	0,0015795145066134658
KIC5683538	1,22	0,0586003412959345	0,0610327780786685	2,302	0,101651364968701	0,093962758580195	6366	73	73	-0,557	0,102	0,102	NA	3,798	0,027459060435492	0,0294278779391243	NA	6,302	0,483941955862439	0,483941955862439	NA	MS	F	NA	NA	NA	NA	NA	serenelli17	A	NA	0,023875653280513616	0,0033643849655898804	0,0031582337487836994
KIC5686856	1,14	0,14	0,11	1,78	0,09	0,08	6125	55	55	0,0	0,2	0,15	NA	3,996	0,012	0,012	NA	2,777	0,0705307105203809	0,0705307105203809	NA	MS	F	NA	NA	NA	NA	NA	C14sdss	A	NA	0,048256546154359446	0,00941806855412099	0,00800099936657241
KIC5689219	1,283	0,0623698645180507	0,0834865258589672	1,719	0,0472016948848238	0,0488262224629348	6574	54	54	-0,307	0,1	0,1	NA	4,074	0,0161245154965971	0,017	NA	NA	NA	NA	NA	MS	F	NA	NA	NA	NA	NA	serenelli17	A	NA	0,060299042647364264	0,005767644741791377	0,006465027169952605
KIC5689820	1,15	0,11	0,11	2,34	0,09	0,1	5114	80	80	0,21	0,15	0,15	NA	3,762	0,011	0,012	NA	3,406	0,331252082841002	0,331252082841002	NA	PMS	K	NA	NA	NA	NA	NA	C14sdss	A	NA	0,021427014268858915	0,0032114046595247137	0,0034273775745620482
KIC5723165	1,316	0,093637599285757	0,0889550448260244	2,727	0,0797119815335185	0,0768960337078578	5290	91	91	-0,12	0,1	0,1	NA	3,685	0,0072801098892805	0,0072801098892805	NA	5,587	0,537641971757728	0,537641971757728	NA	PMS	G	NA	NA	NA	NA	NA	serenelli17	A	NA	0,015492156165433302	0,0017494928129317673	0,001677539982226859
KIC5773155	1,429	0,0778331548891602	0,0792085853932514	1,896	0,0521536192416212	0,0521536192416212	6317	55	55	0,138	0,1	0,1	NA	4,036	0,0131529464379659	0,0131529464379659	NA	5,469	0,458863499927987	0,458863499927987	NA	MS	F	NA	NA	NA	NA	NA	serenelli17	A	NA	0,050052828023461046	0,004949018992709711	0,004975719987427764
KIC5773345	1,508	0,0448218696620299	0,0472016948848238	2,024	0,0183847763108502	0,0198494332412792	6214	61	61	0,255	0,1	0,1	NA	4,003	0,0063245553203367	0,0063245553203367	NA	5,275	0,432457782163645	0,432457782163645	NA	MS	F	NA	NA	NA	NA	NA	serenelli17	A	NA	0,04341913905684224	0,0017508262442555173	0,0018651765940276334
KIC5774694	1,06	0,05	0,06	1,0	0,03	0,03	5875	84	84	0,07	0,09	0,09	NA	4,463	0,017	0,019	NA	0,953	0,0616863833418763	0,0616863833418763	NA	MS	G	NA	NA	NA	NA	NA	C14bruntt	A	NA	0,2530563595161136	0,02571355353385799	0,02690500543982991
KIC5780885	1,32	0,09	0,09	1,96	0,07	0,07	6027	75	75	0,193	0,0721110255092798	0,0721110255092798	NA	NA	NA	NA	NA	4,679	0,449296838198533	0,449296838198533	NA	MS	F	NA	NA	NA	NA	NA	huber13	A	NA	0,041852085881779806	0,005315108161232079	0,005315108161232079
KIC5822889	1,671	0,148499158246773	0,128996123972777	4,26	0,143265487818944	0,124354332453679	5220	68	68	-0,11	0,101	0,101	NA	3,401	0,010295630140987	0,010295630140987	NA	15,12	1,55894911264093	1,55894911264093	NA	PMS	G	NA	NA	NA	NA	NA	serenelli17	A	NA	0,005160110992571344	0,0006937736325817274	0,00060239702958237
KIC5866724	1,199	0,029	0,03	1,399	0,012	0,012	6169	50	50	0,131	0,0721110255092798	0,0721110255092798	NA	4,224	0,005	0,007	NA	2,577	0,103	0,095	NA	MS	F	NA	NA	NA	NA	NA	silva15	A	NA	0,10453878069348081	0,0036918214665436163	0,003752073026709213
KIC5892169	1,557	0,0888875694346516	0,104292856898256	3,188	0,0813203541556479	0,0948314293892062	5295	79	79	-0,003	0,1	0,1	NA	3,622	0,0082462112512353	0,0082462112512353	NA	7,103	0,671893670373448	0,671893670373448	NA	PMS	G	NA	NA	NA	NA	NA	serenelli17	A	NA	0,011472156558209235	0,0010952875084540748	0,0012800772625193332
KIC5939450	1,53	0,1	0,09	2,88	0,07	0,06	6282	84	84	-0,18	0,09	0,09	NA	3,701	0,017	0,013	NA	11,37	0,90844011539364	0,90844011539364	NA	MS	F	NA	NA	NA	NA	NA	C14bruntt	A	NA	0,01529062925303266	0,0014972877050744768	0,0013123651989896353
KIC5950854	0,956	0,0492036584005702	0,0476340214552582	1,233	0,0214009345590327	0,0206155281280883	5913	61	61	-0,238	0,1	0,1	NA	4,236	0,0086023252670426	0,0086023252670426	NA	1,875	0,157345852339323	0,157345852339323	NA	MS	G	NA	NA	NA	NA	NA	serenelli17	A	NA	0,12175310712897663	0,00891404760571324	0,00860807157005571
KIC5955122	1,211	0,0434165866921848	0,0505667875190821	2,085	0,0370135110466435	0,0410487515035476	5930	55	55	-0,246	0,101	0,101	NA	3,882	0,0063245553203367	0,0063245553203367	NA	4,782	0,394463274426921	0,394463274426921	NA	PMS	G	NA	NA	NA	NA	NA	serenelli17	A	NA	0,03189608323018687	0,0020477302944889413	0,00230712872737384
KIC5961597	1,465	0,0685930025585701	0,0776208734813001	1,923	0,0449444101084885	0,0449444101084885	6492	53	53	0,051	0,1	0,1	NA	4,035	0,0126491106406735	0,0136014705087354	NA	6,678	0,526709025362363	0,526709025362363	NA	MS	F	NA	NA	NA	NA	NA	serenelli17	A	NA	0,04918256365015269	0,004146672482415657	0,004322338720060222
KIC6034893	1,811	0,165517370689605	0,20137527157027	4,169	0,202871880752361	0,225488358901297	5381	79	79	-0,144	0,101	0,101	NA	3,454	0,0131529464379659	0,014142135623731	NA	12,9	1,2298643645133	1,2298643645133	NA	PMS	G	NA	NA	NA	NA	NA	serenelli17	A	NA	0,005966699356378548	0,0010276773580585514	0,0011736820403590907
KIC6035199	1,156	0,176663521984591	0,158028478446133	3,367	0,225204351645345	0,210667985227941	5271	69	69	-0,46	0,1	0,1	NA	3,446	0,014560219778561	0,014560219778561	NA	6,838	0,705242879803216	0,705242879803216	NA	PMS	G	NA	NA	NA	NA	NA	serenelli17	A	NA	0,00723002627548478	0,001823604805070266	0,0016788763747017305
KIC6047087	1,096	0,0615873363606513	0,0607453701939498	1,315	0,0277308492477241	0,0268328157299975	6189	61	61	-0,188	0,1	0,1	NA	4,239	0,0116619037896906	0,0116619037896906	NA	2,129	0,176385379791107	0,176385379791107	NA	MS	F	NA	NA	NA	NA	NA	serenelli17	A	NA	0,11506538273423814	0,009736465674451068	0,00950194200437
KIC6049366	1,212	0,0672681202353686	0,0657951365983839	1,822	0,0866487160897379	0,0800562302385017	6220	62	62	-0,143	0,099	0,099	NA	3,998	0,0294278779391243	0,0304138126514911	NA	4,637	0,392941597752257	0,392941597752257	NA	MS	F	NA	NA	NA	NA	NA	serenelli17	A	NA	0,04783754597487135	0,007323269536748199	0,006819571292932484
KIC6064910	1,4	0,15	0,13	2,37	0,1	0,09	6508	75	75	-0,26	0,2	0,15	NA	3,836	0,015	0,015	NA	8,907	0,76773077848419	0,76773077848419	NA	MS	F	NA	NA	NA	NA	NA	C14sdss	A	NA	0,025106974896582826	0,004163722508967513	0,0036900538755920615
KIC6106120	1,36	0,14	0,16	2,74	0,11	0,13	5329	58	58	-0,04	0,15	0,2	NA	3,692	0,015	0,017	NA	6,953	0,631647514765045	0,631647514765045	NA	PMS	G	NA	NA	NA	NA	NA	C14sdss	A	NA	0,01578332904444987	0,0025006585290162932	0,00291459164700813
KIC6106415	1,0681	0,0513	0,0399	1,2186	0,018	0,018	6037	77	77	-0,04	0,1	0,1	NA	4,2955	0,0088	0,0088	NA	1,765	0,121	0,112	NA	MS	F	NA	NA	NA	NA	NA	silva17	A	NA	0,14090934118961349	0,009208250267037426	0,00816682340970553
KIC6116048	1,059	0,0382753184180093	0,0399624824053762	1,239	0,0164012194668567	0,0164012194668567	6072	49	49	-0,253	0,099	0,099	NA	4,276	0,0064031242374328	0,0064031242374328	NA	1,657	0,121907720037962	0,121907720037962	NA	MS	F	NA	NA	NA	NA	NA	serenelli17	A	NA	0,1329209485035988	0,007137474645862177	0,007281695679030439
KIC6119013	1,57	0,19	0,23	3,51	0,21	0,26	5447	73	73	-0,32	0,1	0,15	NA	3,543	0,011	0,011	NA	8,699	0,822037204862387	0,822037204862387	NA	PMS	G	NA	NA	NA	NA	NA	C14sdss	A	NA	0,008667417044021516	0,0018762760325029065	0,002306966732594838
KIC6129877	1,115	0,0676756972627545	0,070178344238091	1,328	0,0384837628097877	0,0384837628097877	6064	72	72	-0,048	0,1	0,1	NA	4,238	0,0158113883008419	0,0167630546142402	NA	2,353	0,200690221794277	0,200690221794277	NA	MS	F	NA	NA	NA	NA	NA	serenelli17	A	NA	0,11365591246906273	0,012050674318611496	0,01219850222657535
KIC6145937	1,065	0,0711688133946324	0,0702281994643178	2,278	0,0760591874792257	0,0760591874792257	5391	58	58	-0,313	0,101	0,101	NA	3,751	0,0092195444572928	0,0101980390271856	NA	6,04	0,555170770025493	0,555170770025493	NA	PMS	G	NA	NA	NA	NA	NA	serenelli17	A	NA	0,02150799066165733	0,0025897961098746937	0,0025793022004381434
KIC6196457	1,209	0,019	0,03	1,716	0,012	0,012	5871	94	94	0,19	0,0721110255092798	0,0721110255092798	NA	4,049	0,004	0,005	NA	3,316	0,185	0,164	NA	MS	G	NA	NA	NA	NA	NA	silva15	A	NA	0,057119689901215305	0,0014972499568880388	0,0018560372797499767
KIC6225718	1,1593	0,0304	0,0304	1,2336	0,012	0,015	6313	76	76	-0,07	0,1	0,1	NA	4,3186	0,0066	0,0055	NA	2,137	0,094	0,09	NA	MS	F	NA	NA	NA	NA	NA	silva17	A	NA	0,1474294157408831	0,005784179502750574	0,006623370944420395
KIC6232600	1,132	0,0590762219509677	0,0590762219509677	1,312	0,0246981780704569	0,0246981780704569	6435	70	70	-0,294	0,1	0,1	NA	4,255	0,010295630140987	0,010295630140987	NA	2,61	0,199951274588325	0,199951274588325	NA	MS	F	NA	NA	NA	NA	NA	serenelli17	A	NA	0,11966201520317554	0,009201457229443665	0,009201457229443665
KIC6268648	1,01	0,08	0,08	1,33	0,04	0,04	6044	117	117	-0,24	0,11	0,11	NA	NA	NA	NA	NA	NA	NA	NA	NA	MS	F	NA	NA	NA	NA	NA	huber13	A	NA	0,10248913826664352	0,012304907189070747	0,012304907189070747
KIC6278762	0,739	0,009	0,011	0,748	0,006	0,003	5046	74	74	-0,482	0,0721110255092798	0,0721110255092798	NA	4,56	0,003	0,002	NA	0,341	0,02	0,016	NA	MS	K	NA	NA	NA	NA	NA	silva15	A	NA	0,4215518848812835	0,011369427917394826	0,008068438144349599
KIC6287060	1,157	0,0798811617341661	0,0782368199762746	1,488	0,0470106370941726	0,0452769256906871	6020	53	53	-0,016	0,1	0,1	NA	4,155	0,017464249196573	0,0183847763108502	NA	3,112	0,271405410100712	0,271405410100712	NA	MS	F	NA	NA	NA	NA	NA	serenelli17	A	NA	0,08383704377717924	0,009830729659103655	0,009524018011519494
KIC6290627	1,257	0,103580886267689	0,0987623410010111	3,564	0,109110036201992	0,109110036201992	5247	69	69	-0,309	0,105	0,105	NA	3,433	0,0101980390271856	0,0101980390271856	NA	8,033	0,772120955635893	0,772120955635893	NA	PMS	G	NA	NA	NA	NA	NA	serenelli17	A	NA	0,006628779643797671	0,0008179365542219707	0,0008011901960026651
KIC6308642	1,189	0,0528393792544916	0,0644748012792595	2,303	0,0441021541423999	0,0492442890089805	5610	56	56	-0,259	0,101	0,101	NA	3,787	0,0086023252670426	0,0094339811320566	NA	5,766	0,515821436010661	0,515821436010661	NA	PMS	G	NA	NA	NA	NA	NA	serenelli17	A	NA	0,02323867870157162	0,0016878686372937095	0,001951970748102366
KIC6313425	1,426	0,0474341649025257	0,0621691241694782	2,671	0,0482597140480546	0,0499299509312797	5763	85	85	-0,078	0,103	0,103	NA	3,737	0,0072111025509279	0,0072111025509279	NA	7,254	0,667054601208631	0,667054601208631	NA	PMS	G	NA	NA	NA	NA	NA	serenelli17	A	NA	0,01786525634340507	0,0011361746607085118	0,0012690193433368083
KIC6363365	1,12	0,13	0,11	1,41	0,06	0,05	6282	76	76	-0,58	0,15	0,1	NA	4,188	0,016	0,016	NA	4,057	0,854109437523083	0,854109437523083	NA	MS	F	NA	NA	NA	NA	NA	C14sdss	A	NA	0,09538324106247215	0,016457283964445634	0,01381028913229734
KIC6370489	1,211	0,0581377674149945	0,0615223536610881	2,002	0,034828149534536	0,0374833296279826	6302	80	80	-0,452	0,1	0,1	NA	3,918	0,0086023252670426	0,0086023252670426	NA	5,209	0,448219506848109	0,448219506848109	NA	MS	F	NA	NA	NA	NA	NA	serenelli17	A	NA	0,036029921375881804	0,0025549696099889173	0,002728746289968325
KIC6421967	1,24	0,1	0,11	1,27	0,04	0,05	6464	73	73	-0,12	0,15	0,15	NA	4,321	0,015	0,017	NA	2,237	0,18956809924424	0,18956809924424	NA	MS	F	NA	NA	NA	NA	NA	C14sdss	A	NA	0,1445179901175343	0,017952636378829212	0,021347334781111758
KIC6430804	1,12	0,11	0,11	3,18	0,13	0,13	5076	67	67	0,06	0,1	0,1	NA	3,481	0,009	0,009	NA	6,632	0,643277737965113	0,643277737965113	NA	PMS	K	NA	NA	NA	NA	NA	C14sdss	A	NA	0,008314728128613757	0,0013064177927302391	0,0013064177927302391
KIC6442183	1,08	0,05	0,05	1,71	0,03	0,03	5760	84	84	-0,11	0,09	0,09	NA	4,006	0,009	0,008	NA	2,577	0,220611380297771	0,220611380297771	NA	MS	G	NA	NA	NA	NA	NA	C14bruntt	A	NA	0,05156402555989548	0,0036144249241678267	0,0036144249241678267
KIC6448798	1,4	0,22	0,12	2,4	0,14	0,1	6349	67	67	-0,16	0,15	0,15	NA	3,829	0,017	0,017	NA	9,553	0,859532225356941	0,859532225356941	NA	MS	F	NA	NA	NA	NA	NA	C14sdss	A	NA	0,02417718319538341	0,005686465138145967	0,003664413937572936
KIC6448890	1,32	0,13	0,13	4,23	0,15	0,15	4840	97	97	0,401	0,0721110255092798	0,0721110255092798	NA	NA	NA	NA	NA	8,419	0,995923499642868	0,995923499642868	NA	PMS	K	NA	NA	NA	NA	NA	huber13	A	NA	0,004163554173361877	0,0006035947944686929	0,0006035947944686929
KIC6450651	1,1	0,18	0,12	1,72	0,11	0,09	5995	69	69	-0,12	0,15	0,15	NA	4,01	0,02	0,021	NA	3,177	0,273070117588635	0,273070117588635	NA	MS	G	NA	NA	NA	NA	NA	C14sdss	A	NA	0,05160820275683811	0,01301379374069909	0,00986547520721671
KIC6470149	1,78	0,19	0,19	7,06	0,26	0,26	5015	97	97	0,013	0,0721110255092798	0,0721110255092798	NA	NA	NA	NA	NA	22,41	2,87327538347869	2,87327538347869	NA	PMS	K	NA	NA	NA	NA	NA	huber13	A	NA	0,0012075838322992752	0,0001855123296399187	0,0001855123296399187
KIC6505044	1,33	0,06	0,11	3,83	0,09	0,14	4996	81	81	0,14	0,1	0,15	NA	3,395	0,009	0,009	NA	8,369	0,841100227148035	0,841100227148035	NA	PMS	K	NA	NA	NA	NA	NA	C14sdss	A	NA	0,005651538750706811	0,0004730058013422817	0,000776255889778052
KIC6508366	1,544	0,0532634959423431	0,0623698645180507	2,173	0,0280178514522438	0,0325269119345812	6499	46	46	-0,03	0,099	0,099	NA	3,952	0,0064031242374328	0,0064031242374328	NA	6,936	0,569259634721573	0,569259634721573	NA	MS	F	NA	NA	NA	NA	NA	serenelli17	A	NA	0,03592357152450428	0,0018618876535522013	0,002169826530602218
KIC6520835	1,328	0,0587962583843564	0,0574891294072192	2,144	0,034828149534536	0,0340587727318528	6146	50	50	0,032	0,1	0,1	NA	3,898	0,0106301458127346	0,0106301458127346	NA	7,205	0,572534041791144	0,572534041791144	NA	MS	F	NA	NA	NA	NA	NA	serenelli17	A	NA	0,03216881941028449	0,002118056946160743	0,0020711327920892365
KIC6521045	1,108	0,021	0,019	1,513	0,009	0,012	5825	75	75	0,102	0,0721110255092798	0,0721110255092798	NA	4,125	0,004	0,004	NA	2,478	0,112	0,112	NA	MS	G	NA	NA	NA	NA	NA	silva15	A	NA	0,07637203572195542	0,001988131441790955	0,002239926458961743
KIC6528464	0,97	0,05	0,05	1,47	0,03	0,03	5588	99	99	-0,132	0,0721110255092798	0,0721110255092798	NA	NA	NA	NA	NA	NA	NA	NA	NA	PMS	G	NA	NA	NA	NA	NA	huber13	A	NA	0,07290060301742117	0,005834539385203705	0,005834539385203705
KIC6529109	1,19	0,0524309069156733	0,0566038867923396	1,828	0,0310644491340181	0,0327566787083184	5806	90	90	0,072	0,099	0,099	NA	3,989	0,01	0,01	NA	3,483	0,301768721633351	0,301768721633351	NA	MS	G	NA	NA	NA	NA	NA	serenelli17	A	NA	0,04650822639694457	0,0031338103926609037	0,003338402762364278
KIC6530901	1,3	0,0502493781056045	0,0530377224247045	1,559	0,02343074902772	0,0242074368738204	6374	53	53	0,018	0,1	0,1	NA	4,165	0,01	0,01	NA	3,626	0,303046763941749	0,303046763941749	NA	MS	F	NA	NA	NA	NA	NA	serenelli17	A	NA	0,08190612831998921	0,004864295781663593	0,005071859930076638
KIC6531928	0,957	0,0756108457828637	0,0728010988928052	2,602	0,0828733974204026	0,0819328993750374	5333	64	64	-0,719	0,103	0,103	NA	3,588	0,0094868329805051	0,0094868329805051	NA	4,773	0,454074366658957	0,454074366658957	NA	PMS	G	NA	NA	NA	NA	NA	serenelli17	A	NA	0,012968849541372398	0,0016079297880250824	0,0015729601145099356
KIC6587236	1,45	0,16	0,16	3,0	0,17	0,16	6067	60	60	-0,3	0,15	0,15	NA	3,643	0,02	0,021	NA	12,52	1,13685734603614	1,13685734603614	NA	PMS	F	NA	NA	NA	NA	NA	C14sdss	A	NA	0,012820814860180458	0,002598421498518392	0,0024918592285323397
KIC6592305	1,362	0,0565862174031804	0,0537587202228624	2,248	0,0410487515035476	0,0394081209904761	6132	55	55	0,06	0,1	0,1	NA	3,868	0,010295630140987	0,010295630140987	NA	6,92	0,596243013590098	0,596243013590098	NA	MS	F	NA	NA	NA	NA	NA	serenelli17	A	NA	0,028621973651321873	0,0019678502382085264	0,001882037483979749
KIC6593461	0,94	0,2	0,11	1,29	0,08	0,06	5817	101	101	0,24	0,15	0,15	NA	4,193	0,026	0,023	NA	2,059	0,178590730236283	0,178590730236283	NA	MS	G	NA	NA	NA	NA	NA	C14sdss	A	NA	0,1045370194562754	0,029545841560124658	0,019037211025994965
KIC6593620	0,985	0,0560802995712398	0,0543783044972901	1,581	0,0434626276242015	0,0416293165929973	5791	60	60	-0,26	0,1	0,1	NA	4,033	0,0152315462117278	0,0152315462117278	NA	2,585	0,222583044657376	0,222583044657376	NA	MS	G	NA	NA	NA	NA	NA	serenelli17	A	NA	0,05950480158415132	0,0059632927739837254	0,00573462143568118
KIC6603624	1,007	0,0393954312071844	0,0393954312071844	1,15	0,0156524758424985	0,0156524758424985	5612	66	66	0,2	0,1	0,1	NA	4,319	0,0063245553203367	0,0063245553203367	NA	1,237	0,107553688677933	0,107553688677933	NA	MS	G	NA	NA	NA	NA	NA	serenelli17	A	NA	0,15806923089689023	0,008938664511077346	0,008938664511077346
KIC6605673	1,135	0,0895377015563835	0,0605392434706612	1,65	0,039	0,032649655434629	6222	60	60	-0,258	0,1	0,1	NA	4,058	0,0143178210632764	0,0116619037896906	NA	3,612	0,307113151273186	0,307113151273186	NA	MS	F	NA	NA	NA	NA	NA	serenelli17	A	NA	0,060319178699157275	0,006398210534016514	0,004813820739027832
KIC6612225	1,186	0,065	0,0681175454637056	1,783	0,0490407993409569	0,0498196748283246	6374	54	54	-0,337	0,1	0,1	NA	4,009	0,0111803398874989	0,0111803398874989	NA	5,549	0,478999685729615	0,478999685729615	NA	MS	F	NA	NA	NA	NA	NA	serenelli17	A	NA	0,04995075422666413	0,004947964404621853	0,0050756664880662284
KIC6671492	1,413	0,0651152823843988	0,0666033032213869	2,445	0,0496487663492256	0,0470106370941726	6103	103	103	0,067	0,1	0,1	NA	3,81	0,0125299640861417	0,0125299640861417	NA	8,403	0,739168990260694	0,739168990260694	NA	MS	F	NA	NA	NA	NA	NA	serenelli17	A	NA	0,023078998671986678	0,0017628993987893937	0,0017191913616755679
KIC6679371	1,5279	0,0399	0,019	2,2143	0,024	0,024	6479	77	77	0,01	0,1	0,1	NA	3,9336	0,0077	0,0066	NA	7,741	0,257	0,266	NA	MS	F	NA	NA	NA	NA	NA	silva17	A	NA	0,0335967247611615	0,001401124544711209	0,001169592372395235
KIC6688822	1,263	0,0442831796509691	0,0488466989672793	2,204	0,0402492235949962	0,0420475920832573	5563	61	61	0,147	0,1	0,1	NA	3,852	0,010295630140987	0,010295630140987	NA	6,434	0,623788808095426	0,623788808095426	NA	PMS	G	NA	NA	NA	NA	NA	serenelli17	A	NA	0,028163068449435363	0,0018318575066099986	0,0019453826192579887
KIC6689943	1,178	0,0640312423743285	0,0746257328272225	1,479	0,0382753184180093	0,0391152144312159	6011	54	54	-0,002	0,1	0,1	NA	4,168	0,0120830459735946	0,013	NA	3,222	0,274607079184668	0,274607079184668	NA	MS	F	NA	NA	NA	NA	NA	serenelli17	A	NA	0,08692649310880918	0,00823839127428869	0,008825581573851491
KIC6693861	1,149	0,053	0,0504777178564959	2,121	0,0403112887414927	0,0388973006775534	5937	80	80	-0,402	0,102	0,102	NA	3,844	0,0072111025509279	0,0072111025509279	NA	4,675	0,414114387013456	0,414114387013456	NA	PMS	G	NA	NA	NA	NA	NA	serenelli17	A	NA	0,02874811767137453	0,0021083737220583703	0,0020240233203479667
KIC6766513	1,271	0,0523450093132096	0,0537401153701776	2,054	0,0339705755029261	0,0339705755029261	6594	77	77	-0,397	0,102	0,102	NA	3,916	0,0080622577482985	0,0080622577482985	NA	6,876	0,643260766853105	0,643260766853105	NA	MS	F	NA	NA	NA	NA	NA	serenelli17	A	NA	0,035015120355925015	0,002257837592031921	0,0022825768327547017
KIC6802438	1,231	0,0756439025963098	0,0830060238777885	2,665	0,0595063021872474	0,065	5313	59	59	-0,298	0,1	0,1	NA	3,676	0,0089442719099991	0,0098488578017961	NA	6,116	0,584509277680401	0,584509277680401	NA	PMS	G	NA	NA	NA	NA	NA	serenelli17	A	NA	0,015526651438767919	0,0014114044958252062	0,001544939061539998
KIC6806100	1,257	0,0841486779456457	0,0884590300647707	2,222	0,10252804494381	0,0950789145920377	5286	83	83	0,237	0,1	0,1	NA	3,842	0,0224722050542442	0,0234093998214393	NA	6,069	0,692748476209255	0,692748476209255	NA	PMS	G	NA	NA	NA	NA	NA	serenelli17	A	NA	0,027353600803489295	0,004206007176006628	0,004004390927945426
KIC6837853	1,146	0,0757429864739964	0,0779871784333809	1,376	0,051	0,0492442890089805	5886	57	57	0,154	0,1	0,1	NA	4,218	0,0206155281280883	0,0215870331449229	NA	2,122	0,177657336346075	0,177657336346075	NA	MS	G	NA	NA	NA	NA	NA	serenelli17	A	NA	0,10501242961529914	0,013583576601759536	0,01334858531962039
KIC6848299	0,897	0,0596824932455071	0,0588302643203309	1,737	0,0595063021872474	0,0586003412959344	5437	60	60	-0,368	0,101	0,101	NA	3,911	0,012369316876853	0,012369316876853	NA	2,884	0,261056342355572	0,261056342355572	NA	PMS	G	NA	NA	NA	NA	NA	serenelli17	A	NA	0,04086056602079828	0,005002632621466345	0,004927866477062451
KIC6853020	1,515	0,0980815986819138	0,134525090596513	2,092	0,0708307842678591	0,0708307842678591	6437	56	56	0,125	0,1	0,1	NA	3,973	0,0186815416922694	0,0196468827043885	NA	7,406	0,598470001515005	0,598470001515005	NA	MS	F	NA	NA	NA	NA	NA	serenelli17	A	NA	0,039503809924252696	0,004758289822598023	0,005329628127722533
KIC6863041	1,333	0,0601414998150196	0,0608769250208977	2,379	0,0449444101084885	0,0449444101084885	5570	68	68	0,14	0,1	0,1	NA	3,809	0,0106301458127346	0,0106301458127346	NA	NA	NA	NA	NA	PMS	G	NA	NA	NA	NA	NA	serenelli17	A	NA	0,023635141897163234	0,0017121695555728604	0,0017203210414343715
KIC6933899	1,126	0,0360555127546399	0,0377359245282264	1,591	0,0220227155455452	0,0226715680975093	5841	56	56	-0,045	0,1	0,1	NA	4,085	0,0070710678118654	0,0070710678118654	NA	3,008	0,275374420546736	0,275374420546736	NA	MS	G	NA	NA	NA	NA	NA	serenelli17	A	NA	0,06674815138776273	0,0035001499646792416	0,0036257651122127556
KIC6947945	1,176	0,0657951365983839	0,0630713881248859	2,258	0,0626258732474047	0,0626258732474047	5572	74	74	-0,144	0,103	0,103	NA	3,802	0,0092195444572928	0,0092195444572928	NA	4,524	0,418723434260531	0,418723434260531	NA	PMS	G	NA	NA	NA	NA	NA	serenelli17	A	NA	0,024386355448949296	0,0024451297595290632	0,0024140683134966988
KIC7019341	0,98	0,2	0,12	1,39	0,1	0,08	5723	77	77	0,38	0,1	0,1	NA	4,145	0,02	0,02	NA	2,351	0,220003794667945	0,220003794667945	NA	MS	G	NA	NA	NA	NA	NA	C14sdss	A	NA	0,0871150250073023	0,025876352439985227	0,01843998412691127
KIC7038145	1,471	0,0771038261048049	0,0667083203206317	2,459	0,0758946638440411	0,0627694193059009	6074	58	58	0,257	0,1	0,1	NA	3,823	0,0167630546142402	0,0158113883008419	NA	8,695	0,807294838872495	0,807294838872495	NA	MS	F	NA	NA	NA	NA	NA	serenelli17	A	NA	0,023618291434196	0,002512960407535791	0,0021020149839500383
KIC7051180	1,26	0,09	0,09	2,44	0,07	0,07	5302	75	75	0,094	0,0721110255092798	0,0721110255092798	NA	NA	NA	NA	NA	4,151	0,420782317497353	0,420782317497353	NA	PMS	G	NA	NA	NA	NA	NA	huber13	A	NA	0,02070677463392326	0,002315951039925327	0,002315951039925327
KIC7103006	1,512	0,0424381903478459	0,0441021541423999	1,967	0,0178044938147649	0,0194164878389476	6421	51	51	0,071	0,099	0,099	NA	4,03	0,0053851648071345	0,0063245553203367	NA	5,368	0,425013971914842	0,425013971914842	NA	MS	F	NA	NA	NA	NA	NA	serenelli17	A	NA	0,04742966990390765	0,0018522924372323354	0,0019714592735321284
KIC7106245	1,056	0,0458802789878178	0,0449221548904324	1,158	0,0183575597506858	0,0183575597506858	6074	54	54	-0,188	0,1	0,1	NA	4,333	0,0080622577482985	0,0072111025509279	NA	1,575	0,133722995601902	0,133722995601902	NA	MS	F	NA	NA	NA	NA	NA	serenelli17	A	NA	0,16234900479166683	0,010457932421066057	0,010359152022590296
KIC7107778	1,408	0,100284595028349	0,104235310715707	2,929	0,0870976463516667	0,0929623579735368	5129	82	82	0,034	0,1	0,1	NA	3,652	0,0092195444572928	0,0092195444572928	NA	11,05	1,08309976097905	1,08309976097905	NA	PMS	K	NA	NA	NA	NA	NA	serenelli17	A	NA	0,013376913859976332	0,0015270326972341198	0,0016133801357331456
KIC7133688	1,418	0,0813203541556479	0,0966074531286277	1,932	0,0639531078212779	0,0621771662268393	6400	63	63	0,028	0,1	0,1	NA	4,015	0,0196468827043885	0,0215870331449229	NA	6,589	0,59660481336717	0,59660481336717	NA	MS	F	NA	NA	NA	NA	NA	serenelli17	A	NA	0,04694250436260538	0,005383173570721156	0,005547008100283015
KIC7174470	1,412	0,22155134844997	0,122674365700418	2,266	0,0962548700066651	0,080156097709407	6119	84	84	0,192	0,1	0,1	NA	3,882	0,0228254244210267	0,021095023109729	NA	6,988	0,592399743671777	0,592399743671777	NA	MS	F	NA	NA	NA	NA	NA	serenelli17	A	NA	0,02897119243418142	0,005856112202795054	0,003973343839104064
KIC7174707	1,161	0,0530377224247045	0,0644049687524185	2,133	0,0408044115262063	0,0473814309619285	5381	69	69	-0,006	0,1	0,1	NA	3,844	0,0072111025509279	0,0072111025509279	NA	3,695	0,342340919330916	0,342340919330916	NA	PMS	G	NA	NA	NA	NA	NA	serenelli17	A	NA	0,02856084445907571	0,0020950015595935997	0,00247645655177119
KIC7199397	1,33	0,07	0,07	2,53	0,06	0,06	5896	75	75	-0,043	0,0721110255092798	0,0721110255092798	NA	NA	NA	NA	NA	6,782	0,613938986147099	0,613938986147099	NA	PMS	G	NA	NA	NA	NA	NA	huber13	A	NA	0,019606562952352323	0,0017351388703224534	0,0017351388703224534
KIC7206837	1,355	0,0510881590977792	0,0495782210249622	1,573	0,0178044938147649	0,0178044938147649	6392	59	59	0,128	0,1	0,1	NA	4,176	0,0067082039324993	0,0067082039324993	NA	3,725	0,309186928457774	0,309186928457774	NA	MS	F	NA	NA	NA	NA	NA	serenelli17	A	NA	0,08311215018484677	0,004217144526012255	0,004148788048719179
KIC7215603	1,27	0,08	0,08	1,51	0,04	0,04	6173	93	93	0,139	0,0721110255092798	0,0721110255092798	NA	NA	NA	NA	NA	2,963	0,26572832566021	0,26572832566021	NA	MS	F	NA	NA	NA	NA	NA	huber13	A	NA	0,08806113319360649	0,008930076453027907	0,008930076453027907
KIC7216846	1,515	0,115870617500728	0,127769323391806	3,219	0,0956347217280419	0,105004761796787	5124	84	84	0,073	0,102	0,102	NA	3,601	0,010770329614269	0,0117046999107196	NA	6,887	0,66826034278076	0,66826034278076	NA	PMS	K	NA	NA	NA	NA	NA	serenelli17	A	NA	0,01084329051174049	0,001273493511388451	0,0014008151159110153
KIC7264595	1,316	0,0858836422143355	0,0806225774829855	2,692	0,135723984615837	0,132853302555864	5778	59	59	-0,252	0,103	0,103	NA	3,696	0,0251793566240283	0,0261725046566048	NA	8,618	0,773937538338362	0,773937538338362	NA	PMS	G	NA	NA	NA	NA	NA	serenelli17	A	NA	0,016104309681273424	0,002652881783030809	0,002580361994089809
KIC7277317	1,15	0,12	0,12	2,69	0,11	0,11	4883	75	75	0,246	0,0721110255092798	0,0721110255092798	NA	NA	NA	NA	NA	3,419	0,371292514263364	0,371292514263364	NA	PMS	K	NA	NA	NA	NA	NA	huber13	A	NA	0,014104327740138494	0,002271541811110766	0,002271541811110766
KIC7282890	1,596	0,0944139820153774	0,215615398336946	2,393	0,0750732975164938	0,10770329614269	6341	47	47	-0,014	0,099	0,099	NA	3,877	0,0130384048104053	0,0156524758424985	NA	8,587	0,730976121479442	0,730976121479442	NA	MS	F	NA	NA	NA	NA	NA	serenelli17	A	NA	0,027804569923658984	0,0030908568844800416	0,005310781467544526
KIC7296438	1,159	0,0403608721412211	0,0550726792520575	1,393	0,02	0,0233452350598575	5749	56	56	0,268	0,0721110255092798	0,0721110255092798	NA	4,213	0,0058309518948453	0,0076157731058639	NA	2,202	0,188867863577406	0,188867863577406	NA	MS	G	NA	NA	NA	NA	NA	serenelli17	A	NA	0,1023626398323127	0,005669765856383201	0,0070812975485457785
KIC7376493	0,997	0,0591692487699481	0,0549181208709839	1,494	0,0368917334913934	0,0360555127546399	5803	73	73	-0,123	0,101	0,101	NA	4,087	0,010770329614269	0,010770329614269	NA	2,293	0,202475320082968	0,202475320082968	NA	MS	G	NA	NA	NA	NA	NA	serenelli17	A	NA	0,07137641920267662	0,006775090775043608	0,0064933042183874705
KIC7383120	1,105	0,0813019064967114	0,0754519714785505	1,393	0,0541294744108974	0,0523259018078045	6048	58	58	-0,112	0,1	0,1	NA	4,194	0,0182482875908947	0,0182482875908947	NA	2,549	0,220573734765004	0,220573734765004	NA	MS	F	NA	NA	NA	NA	NA	serenelli17	A	NA	0,09759337102217905	0,013453423308981013	0,01285923636372385
KIC7386523	1,195	0,0586941223633168	0,0633245607959503	2,053	0,082975900115636	0,0781024967590665	5796	67	67	-0,06	0,102	0,102	NA	3,889	0,0231948270094864	0,0241867732448957	NA	5,513	0,495608239488584	0,495608239488584	NA	PMS	G	NA	NA	NA	NA	NA	serenelli17	A	NA	0,032969506603368996	0,004313106661849936	0,004148603645328131
KIC7429287	0,937	0,053	0,05131276644267	1,498	0,0368917334913934	0,0360555127546399	5802	60	60	-0,381	0,1	0,1	NA	4,058	0,0111803398874989	0,0111803398874989	NA	2,599	0,234262776568488	0,234262776568488	NA	MS	G	NA	NA	NA	NA	NA	serenelli17	A	NA	0,06654501717617428	0,006191897102766962	0,006030631445638922
KIC7448374	1,307	0,0474236228055175	0,0438292140016222	2,315	0,0389486841883009	0,0389486841883009	5676	59	59	0,107	0,1	0,1	NA	3,824	0,0094339811320566	0,0094339811320566	NA	5,717	0,502026740918901	0,502026740918901	NA	PMS	G	NA	NA	NA	NA	NA	serenelli17	A	NA	0,02514976852455715	0,0015633616099026157	0,0015240247515759403
KIC7449136	1,21	0,08	0,08	1,56	0,04	0,04	6099	75	75	0,12	0,0721110255092798	0,0721110255092798	NA	NA	NA	NA	NA	NA	NA	NA	NA	MS	F	NA	NA	NA	NA	NA	huber13	A	NA	0,07608919088735007	0,007717877029848843	0,007717877029848843
KIC7465072	1,15	0,22	0,11	1,66	0,1	0,08	6192	55	55	0,06	0,15	0,15	NA	4,061	0,034	0,033	NA	4,49	0,388140707520046	0,388140707520046	NA	MS	F	NA	NA	NA	NA	NA	C14sdss	A	NA	0,06001847646796785	0,015795024609309212	0,01040454990256712
KIC7510397	1,3683	0,0209	0,0209	1,8574	0,018	0,018	6171	77	77	-0,21	0,1	0,1	NA	4,0359	0,0044	0,0066	NA	4,924	0,178	0,14	NA	MS	F	NA	NA	NA	NA	NA	silva17	A	NA	0,05097724889047501	0,001674151784693048	0,001674151784693048
KIC7529180	1,352	0,0672681202353686	0,0679411510058521	1,455	0,0325576411921994	0,0325576411921994	6682	58	58	-0,024	0,1	0,1	NA	4,243	0,0098488578017961	0,0098488578017961	NA	3,766	0,297722752359854	0,297722752359854	NA	MS	F	NA	NA	NA	NA	NA	serenelli17	A	NA	0,1047849962863625	0,00875556032820139	0,008786720522284469
KIC7530690	1,35	0,07	0,09	1,34	0,04	0,04	6836	62	62	-0,04	0,15	0,15	NA	4,311	0,013	0,014	NA	3,41	0,283974195472475	0,283974195472475	NA	MS	F	NA	NA	NA	NA	NA	C14sdss	A	NA	0,13394631311077496	0,013860834130298922	0,01495410132947073
KIC7534011	1,177	0,0434165866921848	0,0487544869729956	1,899	0,043081318457076	0,043081318457076	5491	60	60	0,292	0,099	0,099	NA	3,95	0,0114017542509914	0,0114017542509914	NA	5,232	0,474982312750135	0,474982312750135	NA	PMS	G	NA	NA	NA	NA	NA	serenelli17	A	NA	0,0410310810322481	0,003176322215665122	0,003269087939308684
KIC7584900	1,269	0,0932308961664533	0,0904709898254684	3,632	0,115550854605234	0,114634200830293	4955	71	71	0,284	0,101	0,101	NA	3,42	0,0063245553203367	0,0072801098892805	NA	10,71	1,21772618469253	1,21772618469253	NA	PMS	K	NA	NA	NA	NA	NA	serenelli17	A	NA	0,006323179247700822	0,0007615980621546631	0,0007494583758097287
KIC7591963	1,2	0,0520096144957834	0,056859475903318	1,833	0,0478852795752515	0,0478852795752515	5966	61	61	0,011	0,1	0,1	NA	3,99	0,0152315462117278	0,0152315462117278	NA	4,338	0,384319148615083	0,384319148615083	NA	MS	G	NA	NA	NA	NA	NA	serenelli17	A	NA	0,046516308470546906	0,0041659086070384675	0,004260067574412849
KIC7611858	1,128	0,103469802357983	0,0678011799307357	1,54	0,0626258732474047	0,0588727441181401	5926	58	58	0,021	0,099	0,099	NA	4,119	0,0269258240356725	0,0288617393793236	NA	2,849	0,251522846436934	0,251522846436934	NA	MS	G	NA	NA	NA	NA	NA	serenelli17	A	NA	0,07373239276007618	0,011254217725376683	0,009547148722476608
KIC7622208	1,39	0,11	0,19	1,92	0,07	0,1	6606	99	99	0,0	0,15	0,15	NA	4,008	0,013	0,014	NA	6,48	0,616787232798933	0,616787232798933	NA	MS	F	NA	NA	NA	NA	NA	C14sdss	A	NA	0,046883767636136914	0,006329396568871706	0,00973314193302803
KIC7628676	1,426	0,110440028975005	0,119104995697074	3,117	0,0960468635614927	0,105759160359753	5182	69	69	-0,07	0,1	0,1	NA	3,603	0,0104403065089106	0,0114017542509914	NA	7,8	0,944434209902323	0,944434209902323	NA	PMS	K	NA	NA	NA	NA	NA	serenelli17	A	NA	0,011241402792905072	0,001355675913512731	0,0014801691547807036
KIC7668623	1,389	0,0771038261048049	0,0708378429936993	2,291	0,0552177507691141	0,046690470119715	6277	48	48	-0,004	0,1	0,1	NA	3,859	0,0125299640861417	0,010816653826392	NA	8,698	0,736795260527855	0,736795260527855	NA	MS	F	NA	NA	NA	NA	NA	serenelli17	A	NA	0,027576450728564576	0,0025137815224899403	0,002195576852443803
KIC7670943	1,239	0,04	0,051	1,417	0,015	0,021	6463	110	110	-0,071	0,0721110255092798	0,0721110255092798	NA	4,228	0,008	0,008	NA	3,039	0,167	0,173	NA	MS	F	NA	NA	NA	NA	NA	silva15	A	NA	0,10396164584839121	0,004707964861944334	0,006298936411893806
KIC7680114	1,096	0,0509901951359278	0,0439089968002003	1,409	0,0228035085019828	0,0212602916254693	5800	56	56	0,058	0,1	0,1	NA	4,179	0,0080622577482985	0,0072111025509279	NA	2,222	0,200872572946127	0,200872572946127	NA	MS	G	NA	NA	NA	NA	NA	serenelli17	A	NA	0,09353819078172808	0,006289928496350787	0,005654320137590981
KIC7700968	0,866	0,0876641317757725	0,0765571681816928	1,148	0,0557853027239254	0,0509607692249636	5982	75	75	-0,517	0,204	0,204	NA	4,255	0,0296141857899217	0,0305941170815567	NA	1,73	0,201858942294638	0,201858942294638	NA	MS	G	NA	NA	NA	NA	NA	serenelli17	A	NA	0,13664810661737126	0,024252323186843557	0,021842379952894297
KIC7739672	1,228	0,120154067763018	0,0732461603089199	1,733	0,0554616984954482	0,0501198563445667	6069	55	55	0,085	0,099	0,099	NA	4,054	0,0228473193175917	0,0228473193175917	NA	4,124	0,348405035166823	0,348405035166823	NA	MS	F	NA	NA	NA	NA	NA	serenelli17	A	NA	0,05632666904077435	0,007721398824267681	0,005930499377113995
KIC7747078	1,1	0,06	0,06	1,93	0,04	0,04	5840	84	84	-0,26	0,09	0,09	NA	3,907	0,01	0,01	NA	4,465	0,382422650898996	0,382422650898996	NA	MS	G	NA	NA	NA	NA	NA	C14bruntt	A	NA	0,03652852607812504	0,0030213048886365986	0,0030213048886365986
KIC7771282	1,321	0,054817880294663	0,0524976189936268	1,656	0,0240416305603426	0,0240416305603426	6407	74	74	-0,033	0,1	0,1	NA	4,12	0,0072111025509279	0,0072111025509279	NA	4,198	0,356885410974872	0,356885410974872	NA	MS	F	NA	NA	NA	NA	NA	serenelli17	A	NA	0,06944375735977115	0,004177574773087501	0,00409438852538327
KIC7799349	1,372	0,0859069263796581	0,080049984384758	2,823	0,071805292284065	0,0698569967862919	5038	71	71	0,195	0,1	0,1	NA	3,673	0,0072801098892805	0,0072801098892805	NA	4,84	0,467917817087872	0,467917817087872	NA	PMS	K	NA	NA	NA	NA	NA	serenelli17	A	NA	0,014559044304260452	0,0014371026281055112	0,0013746793348634048
KIC7799430	1,038	0,0792464510246358	0,073348483283569	2,693	0,0794292137692424	0,0764852927038918	5120	66	66	-0,159	0,101	0,101	NA	3,593	0,0092195444572928	0,0092195444572928	NA	4,657	0,459168031387782	0,459168031387782	NA	PMS	K	NA	NA	NA	NA	NA	serenelli17	A	NA	0,012688190309294642	0,0014828387072476927	0,0014045039154925035
KIC7800289	1,486	0,0765767588763066	0,0759275970909129	2,858	0,0512249938994628	0,0518555686498567	6422	53	53	-0,362	0,101	0,101	NA	3,697	0,0092195444572928	0,0084852813742385	NA	12,69	1,03555484700381	1,03555484700381	NA	MS	F	NA	NA	NA	NA	NA	serenelli17	A	NA	0,015196498332545766	0,0011317858160126847	0,0011345153351012896
KIC7833440	1,09	0,0579827560572969	0,0571401785086466	1,654	0,0348855270850248	0,0348855270850248	6327	59	59	-0,467	0,103	0,103	NA	4,038	0,0120830459735946	0,0120830459735946	NA	3,976	0,3465628096346	0,3465628096346	NA	MS	F	NA	NA	NA	NA	NA	serenelli17	A	NA	0,05750841167577888	0,004753908841560847	0,004725424664200158
KIC7870112	1,151	0,10255242561734	0,085146931829632	1,605	0,0760065786626395	0,0734982993000518	5656	79	79	0,351	0,099	0,099	NA	4,088	0,0294278779391243	0,0294278779391243	NA	2,854	0,249733138261562	0,249733138261562	NA	MS	G	NA	NA	NA	NA	NA	serenelli17	A	NA	0,06646019391383597	0,01114511353102831	0,01036987417833486
KIC7871531	0,789	0,0480832611206852	0,0440454310910905	0,857	0,0170293863659264	0,015556349186104	5378	57	57	-0,474	0,139	0,139	NA	4,469	0,0086023252670426	0,0078102496759066	NA	0,7271	0,0719136479515017	0,0719136479515017	NA	MS	G	NA	NA	NA	NA	NA	serenelli17	A	NA	0,2992581095633411	0,02551184668636018	0,023338006154223854
KIC7880676	1,436	0,125207827231368	0,137277092043793	2,054	0,0773886296557834	0,0748865809073962	6269	56	56	0,048	0,099	0,099	NA	3,96	0,0187882942280559	0,0196977156035922	NA	6,669	0,584602537774424	0,584602537774424	NA	MS	F	NA	NA	NA	NA	NA	serenelli17	A	NA	0,03956074967042354	0,005647425462076718	0,0057468062120393255
KIC7910848	1,274	0,0700071424927486	0,103831594420966	1,637	0,0564623768539724	0,0546260011349907	6074	56	56	0,11	0,1	0,1	NA	4,111	0,0230867927612304	0,0240416305603426	NA	3,745	0,314117072361303	0,314117072361303	NA	MS	F	NA	NA	NA	NA	NA	serenelli17	A	NA	0,06933216796285767	0,008122957566804017	0,00895005123881069
KIC7914731	1,427	0,0796052762070455	0,0840951841665146	2,793	0,141661568535718	0,119369175250565	5633	67	67	-0,047	0,103	0,103	NA	3,701	0,0253179778023443	0,0253179778023443	NA	9,674	0,900165862671944	0,900165862671944	NA	PMS	G	NA	NA	NA	NA	NA	serenelli17	A	NA	0,015635888208563358	0,002534019265571548	0,0022063939581894996
KIC7938112	1,37	0,13	0,17	1,84	0,07	0,09	6520	70	70	-0,22	0,15	0,15	NA	4,043	0,018	0,02	NA	7,203	0,779587287365598	0,779587287365598	NA	MS	F	NA	NA	NA	NA	NA	C14sdss	A	NA	0,05250231929441653	0,007792654015222633	0,010089479134450527
KIC7940546	1,3987	0,0304	0,0114	1,9414	0,027	0,009	6235	77	77	-0,2	0,1	0,1	NA	4,0073	0,0011	0,0033	NA	6,189	0,023	0,257	NA	MS	F	NA	NA	NA	NA	NA	silva17	A	NA	0,04563424710297127	0,002146824075187633	0,0007356145749675947
KIC7970740	0,728	0,0304	0,0095	0,7628	0,006	0,006	5309	77	77	-0,54	0,1	0,1	NA	4,5386	0,0055	0,0044	NA	0,429	0,025	0,022	NA	MS	G	NA	NA	NA	NA	NA	silva17	A	NA	0,3915711773454093	0,018781470006992627	0,010558776605806225
KIC7976303	1,133	0,0484664832642105	0,0447772263544762	1,979	0,0358468966578698	0,034132096331752	6304	46	46	-0,577	0,102	0,102	NA	3,899	0,0076157731058639	0,0076157731058639	NA	5,37	0,457695667316105	0,457695667316105	NA	MS	F	NA	NA	NA	NA	NA	serenelli17	A	NA	0,03489827157343647	0,0024134920425687703	0,0022721643452297954
KIC8006161	0,9788	0,0304	0,0304	0,9247	0,012	0,009	5488	77	77	0,34	0,1	0,1	NA	4,4935	0,0066	0,0066	NA	0,688	0,047	0,049	NA	MS	G	NA	NA	NA	NA	NA	silva17	A	NA	0,29553081977986323	0,014718182094886853	0,012598033137655156
KIC8012842	1,107	0,0694046107978425	0,0670074622710038	1,305	0,0490407993409569	0,0462385120867876	5849	58	58	0,152	0,1	0,1	NA	4,251	0,0237697286480094	0,0237697286480094	NA	1,931	0,163391808131305	0,163391808131305	NA	MS	G	NA	NA	NA	NA	NA	serenelli17	A	NA	0,11891249090924798	0,015339499875179737	0,014545618544785926
KIC8016496	1,5	0,10555093557141	0,133809566175218	2,081	0,109128364782031	0,100344406919369	6446	73	73	0,088	0,1	0,1	NA	3,972	0,0281602556806574	0,0291547594742265	NA	6,152	0,590682772861468	0,590682772861468	NA	MS	F	NA	NA	NA	NA	NA	serenelli17	A	NA	0,0397362069754123	0,006848182998882324	0,00675325038459386
KIC8018599	1,687	0,0580517010948	0,0594138031100518	3,415	0,0574282160614449	0,0574282160614449	6013	62	62	0,064	0,1	0,1	NA	3,598	0,0072111025509279	0,0072111025509279	NA	15,11	1,30464053950302	1,30464053950302	NA	PMS	F	NA	NA	NA	NA	NA	serenelli17	A	NA	0,010112402544202863	0,0006175417754860711	0,0006221791756725629
KIC8019508	1,477	0,0578013840664737	0,0635137780328017	2,61	0,0403112887414927	0,041182520563948	6211	55	55	0,052	0,1	0,1	NA	3,772	0,0094339811320566	0,0094339811320566	NA	9,85	0,868727966273648	0,868727966273648	NA	MS	F	NA	NA	NA	NA	NA	serenelli17	A	NA	0,01983217582124653	0,001202819371081331	0,0012683107464247804
KIC8026226	1,503	0,0580517010948	0,0551543289325507	2,836	0,0424264068711929	0,0403608721412211	6319	54	54	-0,272	0,103	0,103	NA	3,709	0,0064031242374328	0,0064031242374328	NA	11,41	0,911453845344609	0,911453845344609	NA	MS	F	NA	NA	NA	NA	NA	serenelli17	A	NA	0,0157308319560912	0,0009314465177202647	0,0008856135741930772
KIC8027956	1,178	0,0534134814442946	0,0558032257132148	1,728	0,0493963561409139	0,0475394572960188	5967	70	70	0,042	0,1	0,1	NA	4,033	0,0167630546142402	0,0167630546142402	NA	3,431	0,298165152476544	0,298165152476544	NA	MS	G	NA	NA	NA	NA	NA	serenelli17	A	NA	0,05450363489491792	0,005287218684866048	0,005186687887930778
KIC8045442	1,477	0,0559464029227975	0,0648845127900333	2,996	0,0684470598345904	0,0693541635375988	5853	76	76	-0,138	0,1	0,1	NA	3,65	0,013	0,013	NA	9,93	0,891637467428875	0,891637467428875	NA	PMS	G	NA	NA	NA	NA	NA	serenelli17	A	NA	0,013111925075935088	0,0010267811031745057	0,001077469320350782
KIC8077137	1,117	0,04	0,049	1,632	0,018	0,009	6072	75	75	-0,032	0,0721110255092798	0,0721110255092798	NA	4,056	0,013	0,01	NA	3,183	0,293	0,202	NA	MS	F	NA	NA	NA	NA	NA	silva15	A	NA	0,06134852148191766	0,0029911428805404483	0,002876235375636114
KIC8106950	1,054	0,0651920240520265	0,0626817357768593	1,676	0,0904433524367601	0,0828733974204026	6098	63	63	-0,385	0,101	0,101	NA	4,011	0,0310644491340181	0,0330605505096331	NA	3,457	0,313045756900715	0,313045756900715	NA	MS	F	NA	NA	NA	NA	NA	serenelli17	A	NA	0,05344781539078126	0,009262756353488687	0,00854193966747726
KIC8114155	1,063	0,0596405902049938	0,058821764679411	1,538	0,0540832691319598	0,0512640224719052	5761	60	60	0,019	0,1	0,1	NA	4,089	0,0215870331449229	0,022561028345357	NA	2,673	0,237112104909079	0,237112104909079	NA	MS	G	NA	NA	NA	NA	NA	serenelli17	A	NA	0,06975504911244378	0,008334739732399525	0,007971936915890595
KIC8150065	1,22	0,0444184646290256	0,0559464029227975	1,408	0,0174928556845359	0,0219317121994613	6265	58	58	-0,033	0,1	0,1	NA	4,227	0,0072111025509279	0,0080622577482985	NA	2,811	0,236825362985485	0,236825362985485	NA	MS	F	NA	NA	NA	NA	NA	serenelli17	A	NA	0,10434298506656095	0,005436624850742745	0,006831538137946472
KIC8172589	1,14	0,15	0,17	2,15	0,13	0,14	5600	58	58	-0,2	0,2	0,15	NA	3,827	0,024	0,024	NA	4,954	0,462932411792715	0,462932411792715	NA	PMS	G	NA	NA	NA	NA	NA	C14sdss	A	NA	0,027384250713737512	0,006136595635611121	0,006729998146979678
KIC8174170	1,25	0,13	0,2	2,18	0,12	0,16	5983	64	64	-0,04	0,15	0,15	NA	3,859	0,016	0,016	NA	2,899	0,668392808888767	0,668392808888767	NA	MS	G	NA	NA	NA	NA	NA	C14sdss	A	NA	0,028803941677879773	0,00562130391785923	0,007839794154474361
KIC8174981	1,227	0,0558032257132148	0,055	1,984	0,0416773319683494	0,0425440947723653	6065	53	53	-0,099	0,1	0,1	NA	3,932	0,0125299640861417	0,0125299640861417	NA	5,635	0,472254111606762	0,472254111606762	NA	MS	F	NA	NA	NA	NA	NA	serenelli17	A	NA	0,037508608244573395	0,0029150527294151867	0,002940950178309818
KIC8176564	1,174	0,0452216762183801	0,068154236845555	1,526	0,0240831891575846	0,0316227766016838	6109	51	51	-0,126	0,0721110255092798	0,0721110255092798	NA	4,14	0,0078102496759066	0,010295630140987	NA	2,746	0,232140294724242	0,232140294724242	NA	MS	F	NA	NA	NA	NA	NA	serenelli17	A	NA	0,0788707347634539	0,004813929281630689	0,006708654658674122
KIC8179536	1,289	0,0442040722106007	0,0426380112106557	1,366	0,0164012194668567	0,0156204993518133	6418	50	50	0,031	0,1	0,1	NA	4,276	0,0067082039324993	0,0058309518948453	NA	2,624	0,222979865212947	0,222979865212947	NA	MS	F	NA	NA	NA	NA	NA	serenelli17	A	NA	0,12072916863772123	0,006004366767533117	0,005753419169582846
KIC8179643	1,148	0,0666033032213869	0,0673572564761956	1,83	0,0631347764706584	0,061400325732035	6280	61	61	-0,402	0,102	0,102	NA	3,971	0,0171172427686237	0,0171172427686237	NA	NA	NA	NA	NA	MS	F	NA	NA	NA	NA	NA	serenelli17	A	NA	0,044719816164127256	0,00530606318115273	0,005210246777906661
KIC8179973	1,229	0,0636317530797321	0,061057350089895	3,466	0,0662193325245732	0,0662193325245732	4949	60	60	0,174	0,0721110255092798	0,0721110255092798	NA	3,447	0,0067082039324993	0,0076157731058639	NA	7,016	0,695886219349467	0,695886219349467	NA	PMS	K	NA	NA	NA	NA	NA	serenelli17	A	NA	0,007046567207971466	0,0005442679487641108	0,0005344858026723181
KIC8216936	1,378	0,0856329375882902	0,111503363177978	1,896	0,0896939239859646	0,0845990543682375	6437	50	50	-0,106	0,1	0,1	NA	4,017	0,021095023109729	0,0240831891575846	NA	9,234	0,780591872572674	0,780591872572674	NA	MS	F	NA	NA	NA	NA	NA	serenelli17	A	NA	0,0482664779680401	0,0074779162123995045	0,007549628947134731
KIC8219268	1,34	0,17	0,17	6,53	0,35	0,35	4605	97	97	0,29	0,16	0,16	NA	NA	NA	NA	NA	17,6	2,22763288531089	2,22763288531089	NA	PMS	K	NA	NA	NA	NA	NA	huber13	A	NA	0,0011488852274256932	0,0002353122161598288	0,0002353122161598288
KIC8228742	1,39	0,047169905660283	0,12459534501738	1,877	0,0259422435421457	0,0541294744108974	6130	51	51	-0,019	0,1	0,1	NA	4,033	0,0078102496759066	0,0161554944214035	NA	4,252	0,384700415050111	0,384700415050111	NA	MS	F	NA	NA	NA	NA	NA	serenelli17	A	NA	0,050180313830322586	0,0026886568616266483	0,006251348350296486
KIC8241455	1,383	0,0608769250208977	0,0616198020120156	2,429	0,0490917508345343	0,0482597140480546	6262	66	66	-0,094	0,099	0,099	NA	3,806	0,0120830459735946	0,0120830459735946	NA	9,402	0,792686091351386	0,792686091351386	NA	MS	F	NA	NA	NA	NA	NA	serenelli17	A	NA	0,023038331675846496	0,0017261587333812036	0,0017144374269501468
KIC8249189	1,271	0,0700927956355002	0,0888144132446981	1,64	0,080529497701153	0,0769220384545288	6432	65	65	-0,187	0,1	0,1	NA	4,111	0,0270739727413618	0,0290688837074973	NA	6,48	0,770738566464307	0,770738566464307	NA	MS	F	NA	NA	NA	NA	NA	serenelli17	A	NA	0,06879001388471459	0,010820283818236732	0,01080736341618078
KIC8289241	1,214	0,0573846669416143	0,0668505796534331	1,364	0,043081318457076	0,042154477816716	6306	52	52	-0,004	0,1	0,1	NA	4,251	0,0192353840616713	0,0192353840616713	NA	2,682	0,220423644931912	0,220423644931912	NA	MS	F	NA	NA	NA	NA	NA	serenelli17	A	NA	0,11420548605224419	0,01209317851773689	0,012315355616506544
KIC8292840	1,148	0,051	0,049	1,345	0,015	0,018	6239	94	94	-0,164	0,0721110255092798	0,0721110255092798	NA	4,24	0,008	0,008	NA	2,636	0,148	0,142	NA	MS	F	NA	NA	NA	NA	NA	silva15	A	NA	0,11263838779602778	0,006264330929190495	0,006600407949849736
KIC8298626	1,206	0,056302753041037	0,0631347764706584	1,378	0,0277308492477241	0,0295465734053883	6211	84	84	0,038	0,099	0,099	NA	4,24	0,0117046999107196	0,0126491106406735	NA	3,33	0,295233576406985	0,295233576406985	NA	MS	F	NA	NA	NA	NA	NA	serenelli17	A	NA	0,1100299829816313	0,0083971776203545	0,009125376779261299
KIC8321567	1,073	0,0584123274660409	0,0576281181368956	1,586	0,0340587727318528	0,0340587727318528	5744	58	58	0,032	0,101	0,101	NA	4,067	0,0114017542509914	0,0114017542509914	NA	2,503	0,230610553671934	0,230610553671934	NA	MS	G	NA	NA	NA	NA	NA	serenelli17	A	NA	0,06420983644999212	0,005415737780631869	0,005385568232499997
KIC8349582	1,068	0,021	0,019	1,417	0,012	0,009	5699	74	74	0,268	0,0721110255092798	0,0721110255092798	NA	4,163	0,003	0,004	NA	1,891	0,09	0,094	NA	MS	G	NA	NA	NA	NA	NA	silva15	A	NA	0,08961342838263262	0,0028789274251506207	0,002336078401417007
KIC8360349	1,727	0,114725759966975	0,114725759966975	2,656	0,066407830863536	0,0689420046125727	6258	49	49	0,153	0,099	0,099	NA	3,826	0,0111803398874989	0,0122065556157337	NA	9,716	0,765419363611993	0,765419363611993	NA	MS	F	NA	NA	NA	NA	NA	serenelli17	A	NA	0,02200490592310217	0,002204816928184254	0,0022523570114268174
KIC8367710	1,455	0,0644437739428721	0,122772146678308	2,041	0,0339705755029261	0,0559464029227975	6352	66	66	0,014	0,1	0,1	NA	3,98	0,0080622577482985	0,0117046999107196	NA	6,585	0,565773538492933	0,565773538492933	NA	MS	F	NA	NA	NA	NA	NA	serenelli17	A	NA	0,040855014584609176	0,0027268832253952327	0,004813666869266905
KIC8377423	1,21	0,19	0,14	1,99	0,12	0,11	6059	57	57	0,24	0,15	0,15	NA	3,928	0,032	0,031	NA	6,765	0,601312885270374	0,601312885270374	NA	MS	F	NA	NA	NA	NA	NA	C14sdss	A	NA	0,036655363597588204	0,008780718100804639	0,007411853135800037
KIC8379927	1,1194	0,0399	0,0399	1,1197	0,015	0,015	6067	120	120	-0,1	0,15	0,15	NA	4,3879	0,0066	0,0077	NA	1,624	0,104	0,101	NA	MS	F	NA	NA	NA	NA	NA	silva17	A	NA	0,1903669968201158	0,010226241979315237	0,010226241979315237
KIC8391021	1,26	0,1	0,11	1,54	0,05	0,05	6250	51	51	-0,22	0,2	0,15	NA	4,163	0,01	0,011	NA	2,947	0,251913091070874	0,251913091070874	NA	MS	F	NA	NA	NA	NA	NA	C14sdss	A	NA	0,08236065148731915	0,010348012574899553	0,010772834017104707
KIC8394589	1,121	0,0574282160614449	0,0566127194188726	1,192	0,0240416305603426	0,0240416305603426	6251	54	54	-0,27	0,139	0,139	NA	4,335	0,0092195444572928	0,0092195444572928	NA	1,847	0,164029888632896	0,164029888632896	NA	MS	F	NA	NA	NA	NA	NA	serenelli17	A	NA	0,15801133308512955	0,012527428513322905	0,01245346112293332
KIC8408931	1,493	0,0746525284233562	0,0738782782690555	2,866	0,0532541078227774	0,0532541078227774	6252	120	120	-0,124	0,101	0,101	NA	3,697	0,0125299640861417	0,0116619037896906	NA	11,63	1,02525741165987	1,02525741165987	NA	MS	F	NA	NA	NA	NA	NA	serenelli17	A	NA	0,015140584460863901	0,001133782491492394	0,0011285548458361005
KIC8414062	1,3	0,0721248916810278	0,0802807573457052	1,726	0,105304320899002	0,102459748194108	6578	61	61	-0,251	0,1	0,1	NA	4,076	0,0421070065428546	0,0411096095821889	NA	3,12	0,281430926714807	0,281430926714807	NA	MS	F	NA	NA	NA	NA	NA	serenelli17	A	NA	0,06035765646377708	0,01154374893552082	0,01137686787657977
KIC8416311	1,565	0,091438503924769	0,150479234447813	2,275	0,0760591874792257	0,0877268487978452	6446	60	60	0,131	0,1	0,1	NA	3,915	0,0152970585407784	0,0152970585407784	NA	8,627	0,726635065752401	0,726635065752401	NA	MS	F	NA	NA	NA	NA	NA	serenelli17	A	NA	0,03173083710775276	0,0036831544462807065	0,004773155940384455
KIC8420801	1,35	0,1	0,19	1,74	0,06	0,08	6506	73	73	0,07	0,15	0,15	NA	4,08	0,017	0,02	NA	4,674	0,40855015265179	0,40855015265179	NA	MS	F	NA	NA	NA	NA	NA	C14sdss	A	NA	0,06117830134431585	0,007783965636480494	0,012055839957740054
KIC8424992	0,929	0,0474236228055175	0,0474236228055175	1,052	0,0192353840616713	0,0192353840616713	5807	57	57	-0,127	0,101	0,101	NA	4,362	0,0076157731058639	0,0076157731058639	NA	1,148	0,0997577347485686	0,0997577347485686	NA	MS	G	NA	NA	NA	NA	NA	serenelli17	A	NA	0,190493378906441	0,014274090167176373	0,014274090167176373
KIC8435400	1,5	0,13	0,21	2,34	0,12	0,13	6322	59	59	0,14	0,15	0,1	NA	3,863	0,016	0,016	NA	9,416	0,822782257353369	0,822782257353369	NA	MS	F	NA	NA	NA	NA	NA	C14sdss	A	NA	0,027948279481120327	0,004935048135031359	0,006083344633661939
KIC8478994	0,81	0,019	0,011	0,772	0,003	0,006	5417	75	75	-0,248	0,0721110255092798	0,0721110255092798	NA	4,57	0,003	0,002	NA	0,467	0,023	0,025	NA	MS	G	NA	NA	NA	NA	NA	silva15	A	NA	0,42028559834206364	0,011009001522901267	0,011340407211251438
KIC8491374	1,38	0,14	0,19	1,95	0,09	0,1	6520	65	65	0,0	0,15	0,1	NA	3,988	0,023	0,023	NA	5,685	0,476353911087547	0,476353911087547	NA	MS	F	NA	NA	NA	NA	NA	C14sdss	A	NA	0,04443105678790585	0,007626568973891951	0,00917312936224866
KIC8493735	1,374	0,0671192967781993	0,0654599113962126	2,585	0,0708378429936994	0,0689492567037528	5965	109	109	-0,08	0,1	0,1	NA	3,749	0,01552417469626	0,01552417469626	NA	7,573	0,667866433249052	0,667866433249052	NA	PMS	G	NA	NA	NA	NA	NA	serenelli17	A	NA	0,018989629048704472	0,0018159494319064196	0,001768453862477634
KIC8493800	1,252	0,0572800139664787	0,0631268564083465	1,482	0,0291547594742265	0,030886890422961	6241	73	73	0,039	0,1	0,1	NA	4,193	0,0125299640861417	0,0134164078649987	NA	2,704	0,227754039250838	0,227754039250838	NA	MS	F	NA	NA	NA	NA	NA	serenelli17	A	NA	0,09182715066139782	0,006857114782049874	0,007375679729820458
KIC8494142	1,418	0,03	0,019	1,887	0,012	0,012	6144	106	106	0,058	0,0721110255092798	0,0721110255092798	NA	4,038	0,005	0,005	NA	4,818	0,259	0,243	NA	MS	F	NA	NA	NA	NA	NA	silva15	A	NA	0,05038159599854758	0,0014352710376517577	0,0011745544405665207
KIC8499940	1,163	0,102156742312977	0,0617170964968379	1,648	0,0407062648740952	0,0363593179253957	6023	58	58	-0,006	0,1	0,1	NA	4,07	0,0143178210632764	0,0125299640861417	NA	3,065	0,266432730444261	0,266432730444261	NA	MS	F	NA	NA	NA	NA	NA	serenelli17	A	NA	0,06203252844213168	0,007128797243241753	0,0052625321271728065
KIC8516041	1,09	0,13	0,12	1,3	0,06	0,06	6214	65	65	0,18	0,15	0,15	NA	4,246	0,018	0,019	NA	2,381	0,222320260232039	0,222320260232039	NA	MS	F	NA	NA	NA	NA	NA	C14sdss	A	NA	0,11844257257862945	0,021644870398471922	0,020951881638750502
KIC8524425	1,15	0,05	0,05	1,84	0,03	0,04	5634	84	84	0,14	0,09	0,09	NA	3,969	0,008	0,008	NA	3,166	0,28423121349949	0,28423121349949	NA	PMS	G	NA	NA	NA	NA	NA	C14bruntt	A	NA	0,044071289918670806	0,0028841772052448367	0,0034543759908175387
KIC8547279	1,32	0,33	0,27	3,34	0,33	0,29	5174	68	68	-0,06	0,1	0,15	NA	3,509	0,026	0,029	NA	5,193	0,504767395609497	0,504767395609497	NA	PMS	K	NA	NA	NA	NA	NA	C14sdss	A	NA	0,008457576241667214	0,003279503242870381	0,0028010820169510177
KIC8554498	1,197	0,021	0,029	1,794	0,015	0,015	5945	60	60	0,17	0,05	0,05	NA	4,007	0,003	0,003	NA	3,684	0,13	0,182	NA	MS	G	NA	NA	NA	NA	NA	silva15	A	NA	0,04949236703379785	0,0015149633795210268	0,0017259617686651574
KIC8561221	1,436	0,0639531078212779	0,0675425791630731	3,091	0,0519711458407451	0,0545893762558247	5229	60	60	-0,164	0,101	0,101	NA	3,614	0,0060827625302982	0,0060827625302982	NA	7,054	0,647259290574214	0,647259290574214	NA	PMS	G	NA	NA	NA	NA	NA	serenelli17	A	NA	0,011608305135092515	0,0007811038068369034	0,0008224245172333815
KIC8574769	1,069	0,0472016948848238	0,0480104155366312	1,579	0,0246981780704569	0,0255538646783613	5437	70	70	0,341	0,1	0,1	NA	4,069	0,0086023252670426	0,0086023252670426	NA	2,378	0,218407208797397	0,218407208797397	NA	PMS	G	NA	NA	NA	NA	NA	serenelli17	A	NA	0,06482502693340719	0,004176873841401303	0,004287389051297714
KIC8579578	1,538	0,0903382532485547	0,159154013458662	2,218	0,0502195181179589	0,0726704891960967	6308	45	45	0,054	0,1	0,1	NA	3,932	0,0120415945787923	0,015	NA	7,653	0,642982127265446	0,642982127265446	NA	MS	F	NA	NA	NA	NA	NA	serenelli17	A	NA	0,03364984752846518	0,003021740056533907	0,0048025830083201935
KIC8607720	1,37	0,07	0,07	5,32	0,11	0,11	5066	75	75	-0,141	0,0721110255092798	0,0721110255092798	NA	NA	NA	NA	NA	15,73	1,59920940864126	1,59920940864126	NA	PMS	K	NA	NA	NA	NA	NA	huber13	A	NA	0,002172186253485483	0,0001745661919126511	0,0001745661919126511
KIC8621637	1,176	0,0516236379965612	0,0534883164812653	1,876	0,0433243580448689	0,0442718872423573	5737	75	75	0,094	0,1	0,1	NA	3,961	0,0114017542509914	0,0114017542509914	NA	3,616	0,315885417934653	0,315885417934653	NA	PMS	G	NA	NA	NA	NA	NA	serenelli17	A	NA	0,04252263908278571	0,003487634801336873	0,003578218637168576
KIC8656342	1,159	0,112307613277106	0,0738782782690555	1,621	0,0457930125674212	0,0432666153055679	6074	71	71	-0,05	0,099	0,099	NA	4,085	0,0174928556845359	0,0158113883008419	NA	3,33	0,299756919590974	0,299756919590974	NA	MS	F	NA	NA	NA	NA	NA	serenelli17	A	NA	0,06495996498166698	0,008362490807802993	0,006648493071946572
KIC8677016	1,081	0,064007812023221	0,0622655603042324	1,324	0,0322024843762092	0,0313049516849971	6248	75	75	-0,27	0,101	0,101	NA	4,227	0,0139283882771841	0,0139283882771841	NA	3,585	0,402598293514387	0,402598293514387	NA	MS	F	NA	NA	NA	NA	NA	serenelli17	A	NA	0,1111918943688867	0,010448554091786771	0,010160043023443512
KIC8684730	1,32	0,1	0,1	2,06	0,08	0,08	5882	87	87	0,173	0,0721110255092798	0,0721110255092798	NA	NA	NA	NA	NA	4,727	0,430078285582306	0,430078285582306	NA	MS	G	NA	NA	NA	NA	NA	huber13	A	NA	0,03604820638205526	0,005009610223821053	0,005009610223821053
KIC8694723	1,176	0,0644049687524185	0,0749666592559653	1,554	0,0292061637330205	0,0318276609256791	6351	62	62	-0,359	0,1	0,1	NA	4,125	0,0084852813742385	0,01	NA	3,211	0,269658569171998	0,269658569171998	NA	MS	F	NA	NA	NA	NA	NA	serenelli17	A	NA	0,07481103600872384	0,005880319485787251	0,006623623502745615
KIC8696343	1,119	0,061057350089895	0,061057350089895	1,183	0,0341760149812701	0,0332415402771893	6178	65	65	-0,056	0,099	0,099	NA	4,341	0,0186815416922694	0,0196468827043885	NA	1,909	0,162372778192266	0,162372778192266	NA	MS	F	NA	NA	NA	NA	NA	serenelli17	A	NA	0,16135678918998303	0,016525145828866977	0,016202839536703196
KIC8702606	1,278	0,0573846669416143	0,0604400529450463	2,476	0,0480104155366312	0,0517397332811061	5511	85	85	-0,17	0,1	0,1	NA	3,754	0,0058309518948453	0,0058309518948453	NA	5,454	0,501818792648633	0,501818792648633	NA	PMS	G	NA	NA	NA	NA	NA	serenelli17	A	NA	0,020099734623546694	0,0014770284985983178	0,0015783823216458407
KIC8738809	1,332	0,0438292140016222	0,041182520563948	2,163	0,0270185121722126	0,0262488094968134	6058	59	59	0,074	0,1	0,1	NA	3,892	0,0078102496759066	0,0070710678118654	NA	6,269	0,527974582093028	0,527974582093028	NA	MS	F	NA	NA	NA	NA	NA	serenelli17	A	NA	0,03142288508728203	0,0015670547139712964	0,0015008551962464223
KIC8751420	1,34	0,06	0,07	2,74	0,06	0,06	5264	84	84	-0,15	0,09	0,09	NA	3,689	0,007	0,007	NA	5,142	0,487162137946262	0,487162137946262	NA	PMS	G	NA	NA	NA	NA	NA	C14bruntt	A	NA	0,015551221264384432	0,0012363492510900926	0,0013052394572504614
KIC8760414	0,8115	0,031	0,0186	1,0196	0,0097	0,0121	5873	77	77	-0,92	0,1	0,1	NA	4,3293	0,0047	0,0063	NA	1,208	0,052	0,052	NA	MS	G	NA	NA	NA	NA	NA	silva17	A	NA	0,18277232417798095	0,008715522740265916	0,007738992343666954
KIC8776961	1,065	0,0531413210223457	0,0512640224719052	1,676	0,034	0,034	5777	72	72	-0,126	0,1	0,1	NA	4,017	0,0089442719099991	0,0098488578017961	NA	2,977	0,266738425847769	0,266738425847769	NA	MS	G	NA	NA	NA	NA	NA	serenelli17	A	NA	0,05400561991573248	0,004250227411708794	0,004190516452856666
KIC8802782	1,44	0,155595629758679	0,0772334124585985	2,359	0,11610770861575	0,100319489631876	6089	68	68	0,254	0,1	0,1	NA	3,851	0,0230867927612304	0,0240831891575846	NA	8,073	0,665018024377498	0,665018024377498	NA	MS	F	NA	NA	NA	NA	NA	serenelli17	A	NA	0,026187260000777632	0,004791479303828497	0,0036241690510894326
KIC8817551	1,303	0,0532259335286851	0,0559464029227975	2,351	0,0732461603089199	0,0684105255059483	5720	57	57	0,03	0,1	0,1	NA	3,808	0,0170880074906351	0,0180277563773199	NA	6,694	0,582658133947912	0,582658133947912	NA	PMS	G	NA	NA	NA	NA	NA	serenelli17	A	NA	0,023938554307532858	0,0024417920961356835	0,0023288222558218467
KIC8822366	1,12	0,08	0,08	1,59	0,05	0,05	6034	92	92	-0,122	0,0721110255092798	0,0721110255092798	NA	NA	NA	NA	NA	3,035	0,285608735983054	0,285608735983054	NA	MS	F	NA	NA	NA	NA	NA	huber13	A	NA	0,06651782502891006	0,007871058821725643	0,007871058821725643
KIC8866102	1,228	0,042	0,04	1,357	0,012	0,015	6325	75	75	-0,005	0,0721110255092798	0,0721110255092798	NA	4,262	0,007	0,008	NA	2,753	0,13	0,13	NA	MS	F	NA	NA	NA	NA	NA	silva15	A	NA	0,11731950300284888	0,005078142227990353	0,005453397046190228
KIC8868481	1,301	0,0577754273026172	0,0586941223633168	2,451	0,0766550715869472	0,0718401002226472	5779	67	67	-0,095	0,1	0,1	NA	3,772	0,0158113883008419	0,0167630546142402	NA	NA	NA	NA	NA	PMS	G	NA	NA	NA	NA	NA	serenelli17	A	NA	0,02109399086037204	0,0021896389661953852	0,0020847108762007756
KIC8915084	1,131	0,105118980208143	0,0742024258363566	1,501	0,0433820239269677	0,0372155881318568	5817	60	60	0,09	0,1	0,1	NA	4,141	0,0152643375224737	0,014422205101856	NA	2,713	0,229036117736117	0,229036117736117	NA	MS	G	NA	NA	NA	NA	NA	serenelli17	A	NA	0,0798420940596245	0,010148570079340617	0,007918872602912283
KIC8938364	1,037	0,0487954915950234	0,0494974746830583	1,376	0,02343074902772	0,02343074902772	5965	62	62	-0,18	0,1	0,1	NA	4,176	0,0078102496759066	0,0078102496759066	NA	1,866	0,164602038573962	0,164602038573962	NA	MS	G	NA	NA	NA	NA	NA	serenelli17	A	NA	0,09502433639709006	0,006599744931591577	0,00664349382374748
KIC8940939	1,095	0,0863133825081603	0,0658027355054484	1,458	0,0563560112144215	0,0485489443757534	6343	58	58	-0,402	0,1	0,1	NA	4,149	0,014142135623731	0,014142135623731	NA	5,227	0,440074512251665	0,440074512251665	NA	MS	F	NA	NA	NA	NA	NA	serenelli17	A	NA	0,08434375615471065	0,011826138018865668	0,009832567763745113
KIC8950146	1,237	0,0546717477313466	0,0610327780786685	1,33	0,0322024843762092	0,0322024843762092	6374	60	60	-0,014	0,101	0,101	NA	4,282	0,0143178210632764	0,0143178210632764	NA	2,588	0,214813087204816	0,214813087204816	NA	MS	F	NA	NA	NA	NA	NA	serenelli17	A	NA	0,12552382577805746	0,01067287639574372	0,011022201293228782
KIC8952800	1,293	0,0662193325245732	0,0632455532033676	2,014	0,0486004115208915	0,045453272709454	6122	55	55	0,03	0,1	0,1	NA	3,941	0,010770329614269	0,010770329614269	NA	5,939	0,50748463091393	0,50748463091393	NA	MS	F	NA	NA	NA	NA	NA	serenelli17	A	NA	0,03778605191537122	0,0033507761392684078	0,0031561326791263253
KIC8956017	1,497	0,0746525284233562	0,0746525284233562	1,881	0,0771621668954417	0,0724499827467198	6605	86	86	0,128	0,1	0,1	NA	4,063	0,0243310501211929	0,0253179778023443	NA	5,943	0,482317728986627	0,482317728986627	NA	MS	F	NA	NA	NA	NA	NA	serenelli17	A	NA	0,05369907495280875	0,007130457132477206	0,0067581256915616
KIC8981766	1,38	0,11	0,09	1,82	0,05	0,05	6237	72	72	-0,18	0,25	0,25	NA	4,059	0,014	0,015	NA	14,37	1,34284437137607	1,34284437137607	NA	MS	F	NA	NA	NA	NA	NA	C14sdss	A	NA	0,054648256799993515	0,006265837935070817	0,00574352035567801
KIC9005973	1,122	0,0743034319530397	0,0691158447825099	1,452	0,0384837628097877	0,0375765884561119	6131	57	57	-0,128	0,1	0,1	NA	4,164	0,0143178210632764	0,0152315462117278	NA	2,539	0,214719268567862	0,214719268567862	NA	MS	F	NA	NA	NA	NA	NA	serenelli17	A	NA	0,08749926370897979	0,00905428147469188	0,008671801488982516
KIC9025370	0,956	0,0405215991787096	0,0414849370253831	0,997	0,0148660687473185	0,0158113883008419	5659	73	73	-0,033	0,1	0,1	NA	4,42	0,0076157731058639	0,0076157731058639	NA	1,574	0,141076619597965	0,141076619597965	NA	MS	G	NA	NA	NA	NA	NA	serenelli17	A	NA	0,23029462831157263	0,014191854155954255	0,014829659852169096
KIC9026479	1,187	0,0551543289325507	0,0645135644651572	2,303	0,0572712842531054	0,0590931468107766	5601	69	69	-0,217	0,101	0,101	NA	3,785	0,0094868329805051	0,0094868329805051	NA	5,405	0,486878375744003	0,486878375744003	NA	PMS	G	NA	NA	NA	NA	NA	serenelli17	A	NA	0,023199589250433566	0,002039036274336839	0,0021861210326246587
KIC9026685	1,073	0,047927027865287	0,047927027865287	1,737	0,0313049516849971	0,0313049516849971	5618	58	58	0,007	0,1	0,1	NA	3,988	0,0094339811320566	0,0094339811320566	NA	2,913	0,28128605729995	0,28128605729995	NA	PMS	G	NA	NA	NA	NA	NA	serenelli17	A	NA	0,048877800825325037	0,003427848576911655	0,003427848576911655
KIC9049593	1,157	0,0892020179143947	0,0976217188949262	1,414	0,0528015151297763	0,0520096144957834	5788	59	59	0,202	0,1	0,1	NA	4,197	0,019313207915828	0,019313207915828	NA	2,614	0,217129480850223	0,217129480850223	NA	MS	G	NA	NA	NA	NA	NA	serenelli17	A	NA	0,09770044037598662	0,013286484940644135	0,013571324451201891
KIC9051235	1,251	0,0554616984954482	0,0581807528311554	2,062	0,108503456166152	0,0966902270139025	5669	65	65	0,207	0,1	0,1	NA	3,905	0,0302654919008431	0,0322490309931942	NA	5,985	0,515277718811807	0,515277718811807	NA	PMS	G	NA	NA	NA	NA	NA	serenelli17	A	NA	0,03406455481273118	0,005585521365014612	0,005047101975838128
KIC9073645	1,373	0,0777946013551069	0,0702922470831599	2,342	0,0876641317757725	0,0796492310069595	6438	64	64	-0,152	0,1	0,1	NA	3,836	0,021377558326432	0,021377558326432	NA	8,356	0,740955343971847	0,740955343971847	NA	MS	F	NA	NA	NA	NA	NA	serenelli17	A	NA	0,025516508935997315	0,0032094370550907023	0,0029127505146215186
KIC9073950	1,352	0,0921791733527699	0,0878179936004006	3,841	0,0900499861188218	0,0883232698670062	5281	70	70	-0,166	0,101	0,101	NA	3,399	0,0089442719099991	0,0089442719099991	NA	10,29	0,990584908537698	0,990584908537698	NA	PMS	G	NA	NA	NA	NA	NA	serenelli17	A	NA	0,005695805633586163	0,0005579348386623469	0,0005396881362754773
KIC9088780	1,27	0,11	0,11	7,48	0,25	0,25	4854	97	97	-0,134	0,0721110255092798	0,0721110255092798	NA	NA	NA	NA	NA	27,95	3,62368927581985	3,62368927581985	NA	PMS	K	NA	NA	NA	NA	NA	huber13	A	NA	0,0007244531715821785	9,598816555209062e-05	9,598816555209062e-05
KIC9093289	1,237	0,0558659108938537	0,0682422156732913	1,448	0,0326955654485436	0,0336154726279432	6285	57	57	-0,011	0,1	0,1	NA	4,207	0,0143178210632764	0,0152315462117278	NA	3,143	0,279932795330638	0,279932795330638	NA	MS	F	NA	NA	NA	NA	NA	serenelli17	A	NA	0,09726921360629537	0,007919096740677787	0,008642151905353852
KIC9098294	1,055	0,0399249295553543	0,0380788655293195	1,174	0,0161245154965971	0,0152643375224737	6020	51	51	-0,112	0,1	0,1	NA	4,321	0,0067082039324993	0,0067082039324993	NA	1,46	0,123333430392102	0,123333430392102	NA	MS	F	NA	NA	NA	NA	NA	serenelli17	A	NA	0,15565373977022048	0,008708136509807927	0,00827197039886066
KIC9116461	1,208	0,0511077293567225	0,0537121960079831	1,251	0,0295465734053883	0,0295465734053883	6470	47	47	-0,116	0,1	0,1	NA	4,324	0,0120415945787923	0,0130384048104053	NA	2,402	0,193508830913632	0,193508830913632	NA	MS	F	NA	NA	NA	NA	NA	serenelli17	A	NA	0,14730123765966963	0,012156045235808929	0,012321876733964498
KIC9119139	1,098	0,0559016994374947	0,0559016994374947	1,753	0,0769025357189215	0,0710633520177595	5475	74	74	0,2	0,1	0,1	NA	3,99	0,0253179778023443	0,0263058928759318	NA	2,943	0,266231259436829	0,266231259436829	NA	PMS	G	NA	NA	NA	NA	NA	serenelli17	A	NA	0,048659538150454984	0,006866435807387856	0,006415336291676286
KIC9138680	1,416	0,0554436651025164	0,0554436651025164	2,477	0,0537121960079831	0,0528015151297763	5990	60	60	0,129	0,099	0,099	NA	3,8	0,0126491106406735	0,0126491106406735	NA	7,756	0,670259576550073	0,670259576550073	NA	MS	G	NA	NA	NA	NA	NA	serenelli17	A	NA	0,022243167091360903	0,001688875091575719	0,0016679034323980955
KIC9139151	1,184	0,0466154480832267	0,0466154480832267	1,161	0,0147648230602334	0,0147648230602334	6134	48	48	0,045	0,1	0,1	NA	4,381	0,0067082039324993	0,0067082039324993	NA	1,742	0,147621486789559	0,147621486789559	NA	MS	F	NA	NA	NA	NA	NA	serenelli17	A	NA	0,18062024784203087	0,009902311003197562	0,009902311003197562
KIC9139163	1,33	0,0484148737476408	0,0445982062419555	1,538	0,0184390889145858	0,0176918060129541	6405	44	44	0,076	0,099	0,099	NA	4,187	0,0058309518948453	0,0058309518948453	NA	3,512	0,31227663476093	0,31227663476093	NA	MS	F	NA	NA	NA	NA	NA	serenelli17	A	NA	0,08727583755366906	0,004466223939934157	0,004199522987165816
KIC9143749	1,151	0,0574282160614449	0,0624339651151519	1,708	0,046518813398452	0,0456179789118282	6075	76	76	-0,122	0,101	0,101	NA	4,033	0,0148660687473185	0,0148660687473185	NA	3,896	0,337951413225325	0,337951413225325	NA	MS	F	NA	NA	NA	NA	NA	serenelli17	A	NA	0,055147155360372235	0,0052796162325090485	0,0053360067499810164
KIC9150095	1,452	0,169068033643264	0,167296144605905	4,277	0,21242645786248	0,216011573764	5028	68	68	0,095	0,1	0,1	NA	3,336	0,0136014705087354	0,0136014705087354	NA	9,209	0,899811285624093	0,899811285624093	NA	PMS	K	NA	NA	NA	NA	NA	serenelli17	A	NA	0,004430576669774832	0,0008378273336621989	0,0008433504592402038
KIC9158609	0,94	0,42	0,21	3,06	0,4	0,3	4964	85	85	0,28	0,1	0,2	NA	3,465	0,057	0,058	NA	5,921	0,592736337143044	0,592736337143044	NA	PMS	K	NA	NA	NA	NA	NA	C14sdss	A	NA	0,007832041226517412	0,004656112939947833	0,0028927138433344495
KIC9163769	1,315	0,0616198020120156	0,0586941223633168	1,537	0,0380131556174964	0,0371214223865412	6438	100	100	0,049	0,1	0,1	NA	4,183	0,0167630546142402	0,0167630546142402	NA	3,949	0,322075476813396	0,322075476813396	NA	MS	F	NA	NA	NA	NA	NA	serenelli17	A	NA	0,08646006168074352	0,0075872576286045365	0,007357764893407359
KIC9201604	1,495	0,141739197119216	0,142677959054649	3,433	0,120208152801713	0,122122888927506	5230	73	73	-0,045	0,1	0,1	NA	3,54	0,0117046999107196	0,0136014705087354	NA	8,115	0,776570776243781	0,776570776243781	NA	PMS	G	NA	NA	NA	NA	NA	serenelli17	A	NA	0,008821271177765192	0,0012482479041054297	0,0012629295970928362
KIC9202077	1,444	0,0914166286842826	0,167764716195033	1,981	0,0552268050859363	0,0704911341943084	6119	70	70	0,148	0,1	0,1	NA	3,999	0,015	0,0174928556845359	NA	5,599	0,476347427377792	0,476347427377792	NA	MS	F	NA	NA	NA	NA	NA	serenelli17	A	NA	0,04434300874019698	0,004651296568099953	0,00699631804709739
KIC9204313	1,018	0,0618546683767685	0,0586003412959345	1,508	0,0338378486313773	0,0330151480384384	5853	57	57	-0,158	0,1	0,1	NA	4,088	0,0122065556157337	0,0122065556157337	NA	2,117	0,18289840254076	0,18289840254076	NA	MS	G	NA	NA	NA	NA	NA	serenelli17	A	NA	0,07086881061505863	0,0064266056639169	0,006189366540185075
KIC9206432	1,567	0,0751664818918645	0,0672086303981862	1,569	0,0272029410174709	0,0212602916254693	6494	46	46	0,165	0,139	0,139	NA	4,241	0,0070710678118654	0,0078102496759066	NA	3,842	0,312534723193249	0,312534723193249	NA	MS	F	NA	NA	NA	NA	NA	serenelli17	A	NA	0,09685266079167473	0,006852863217478641	0,005723351225724787
KIC9225600	1,425	0,0729177618965366	0,0777946013551069	1,84	0,0441021541423999	0,0441021541423999	6262	56	56	0,219	0,1	0,1	NA	4,061	0,012369316876853	0,012369316876853	NA	4,758	0,411033863930155	0,411033863930155	NA	MS	F	NA	NA	NA	NA	NA	serenelli17	A	NA	0,05461007663835296	0,0048195777648675974	0,004930292227806048
KIC9226926	1,39	0,05	0,04	1,64	0,03	0,03	6892	84	84	-0,23	0,09	0,09	NA	4,151	0,013	0,012	NA	4,548	0,365619368849666	0,365619368849666	NA	MS	F	NA	NA	NA	NA	NA	C14bruntt	A	NA	0,07523062100688693	0,004936372365787122	0,004661697907152322
KIC9266926	0,956	0,0535350352572967	0,0526972485050216	1,47	0,0367151195013716	0,0358468966578698	5971	63	63	-0,387	0,099	0,099	NA	4,083	0,0120830459735946	0,0120830459735946	NA	2,318	0,198602336787427	0,198602336787427	NA	MS	G	NA	NA	NA	NA	NA	serenelli17	A	NA	0,07184842936562333	0,006720887477658261	0,006581270115196392
KIC9273544	1,14	0,12	0,12	1,55	0,07	0,07	6125	55	55	-0,22	0,15	0,15	NA	4,112	0,013	0,013	NA	3,128	0,27169073554991	0,27169073554991	NA	MS	F	NA	NA	NA	NA	NA	C14sdss	A	NA	0,07308380455497056	0,012538977017174832	0,012538977017174832
KIC9287845	1,589	0,0906035319399856	0,147627910640231	2,313	0,0939201788754685	0,0929731143933557	6488	62	62	0,131	0,1	0,1	NA	3,905	0,0222036033111745	0,0231948270094864	NA	8,928	0,762176079154507	0,762176079154507	NA	MS	F	NA	NA	NA	NA	NA	serenelli17	A	NA	0,030655498983864146	0,004123175124365049	0,004666583600729914
KIC9289275	1,349	0,0672681202353686	0,065299310869258	1,767	0,0268700576850888	0,0268700576850888	6227	48	48	0,092	0,1	0,1	NA	4,073	0,0084852813742385	0,0092195444572928	NA	4,012	0,342633039749413	0,342633039749413	NA	MS	F	NA	NA	NA	NA	NA	serenelli17	A	NA	0,05837322553816504	0,0039451409929652835	0,003882709826226019
KIC9292130	1,347	0,0608769250208977	0,0595482997238376	2,176	0,0526972485050216	0,0502195181179589	6176	52	52	0,049	0,1	0,1	NA	3,891	0,0117046999107196	0,0117046999107196	NA	6,423	0,541940302001592	0,541940302001592	NA	MS	F	NA	NA	NA	NA	NA	serenelli17	A	NA	0,031210614057965852	0,0026704538628535756	0,0025638420282132353
KIC9328372	1,464	0,0706045324324154	0,0690289794216893	1,781	0,0705195008490559	0,0657875368135941	6572	80	80	0,16	0,1	0,1	NA	4,101	0,0243310501211929	0,0253179778023443	NA	6,039	0,521100979493793	0,521100979493793	NA	MS	F	NA	NA	NA	NA	NA	serenelli17	A	NA	0,06186723532376935	0,007931576388941113	0,007450652398348762
KIC9335972	1,23	0,13	0,2	2,18	0,11	0,16	5784	63	63	-0,04	0,15	0,15	NA	3,847	0,01	0,01	NA	6,017	0,532923646081868	0,532923646081868	NA	PMS	G	NA	NA	NA	NA	NA	C14sdss	A	NA	0,028343078611033697	0,0052327600383985035	0,007757933795925386
KIC9353712	1,5089	0,0285	0,0209	2,1723	0,024	0,021	6278	77	77	-0,05	0,1	0,1	NA	3,9435	0,0055	0,0066	NA	6,985	0,275	0,223	NA	MS	F	NA	NA	NA	NA	NA	silva17	A	NA	0,03514086460282987	0,0013405758663512066	0,001129407086317745
KIC9353859	1,599	0,181024860171193	0,204707107839469	3,678	0,202272093972451	0,234303222342331	5284	85	85	-0,112	0,103	0,103	NA	3,509	0,0111803398874989	0,0111803398874989	NA	8,54	0,799519345248097	0,799519345248097	NA	PMS	G	NA	NA	NA	NA	NA	serenelli17	A	NA	0,007672284163907518	0,001535165927940355	0,001764848671105315
KIC9390670	1,37	0,071505244562899	0,0695269731830748	1,711	0,069462219947249	0,0648845127900333	6246	50	50	0,195	0,1	0,1	NA	4,107	0,0241867732448957	0,0251793566240283	NA	4,782	0,397738991301202	0,397738991301202	NA	MS	F	NA	NA	NA	NA	NA	serenelli17	A	NA	0,06529530114896863	0,008651945765175924	0,008133974480942566
KIC9394953	1,205	0,0590338885725818	0,0537587202228624	1,746	0,0393573373083089	0,0349857113690718	6018	65	65	0,076	0,1	0,1	NA	4,034	0,014422205101856	0,0136014705087354	NA	3,682	0,317461913620585	0,317461913620585	NA	MS	F	NA	NA	NA	NA	NA	serenelli17	A	NA	0,05404626912678527	0,0045131518621292985	0,004045855241688333
KIC9402223	1,46	0,25	0,13	2,6	0,15	0,11	6350	52	52	-0,08	0,2	0,15	NA	3,776	0,016	0,016	NA	11,16	0,975636586344381	0,975636586344381	NA	MS	F	NA	NA	NA	NA	NA	C14sdss	A	NA	0,019830981188623736	0,004828195169393395	0,0030746197931718774
KIC9410862	1,007	0,0434626276242015	0,0434626276242015	1,163	0,0178885438199983	0,0178885438199983	6230	53	53	-0,399	0,1	0,1	NA	4,309	0,0076157731058639	0,0067082039324993	NA	1,834	0,158522908328121	0,158522908328121	NA	MS	F	NA	NA	NA	NA	NA	serenelli17	A	NA	0,15282757327266344	0,009656127558265495	0,009656127558265495
KIC9414381	1,224	0,0496588360717405	0,0560802995712398	2,117	0,042154477816716	0,0449444101084885	5495	100	100	0,152	0,1	0,1	NA	3,873	0,0098488578017961	0,0098488578017961	NA	4,423	0,390407840856051	0,390407840856051	NA	PMS	G	NA	NA	NA	NA	NA	serenelli17	A	NA	0,030798547454920507	0,00222401389720901	0,0024164057687908456
KIC9414417	1,399	0,0737360156233031	0,0752396172239067	1,917	0,0366878726556883	0,0389101529166874	6278	52	52	-0,049	0,0721110255092798	0,0721110255092798	NA	4,018	0,0094339811320566	0,01	NA	5,158	0,42856413772693	0,42856413772693	NA	MS	F	NA	NA	NA	NA	NA	serenelli17	A	NA	0,04740921524107976	0,0036949918637091458	0,0038516195682571333
KIC9446628	1,213	0,0718401002226472	0,0757429864739964	1,893	0,0919238815542512	0,0864060183089118	6298	59	59	-0,268	0,101	0,101	NA	3,965	0,0292745623366089	0,0302654919008431	NA	5,317	0,439688712631072	0,439688712631072	NA	MS	F	NA	NA	NA	NA	NA	serenelli17	A	NA	0,042689429374756345	0,006713269206910807	0,006424766010362315
KIC9451706	1,24	0,09	0,09	1,36	0,04	0,04	6106	106	106	0,24	0,0721110255092798	0,0721110255092798	NA	NA	NA	NA	NA	2,343	0,201170532732224	0,201170532732224	NA	MS	F	NA	NA	NA	NA	NA	huber13	A	NA	0,11768370989233176	0,013445546523826356	0,013445546523826356
KIC9451741	1,124	0,0785175139698144	0,0792085853932514	1,291	0,054644304369257	0,0522015325445528	5835	68	68	0,206	0,1	0,1	NA	4,266	0,0191049731745428	0,0200997512422418	NA	1,99	0,166780592657199	0,166780592657199	NA	MS	G	NA	NA	NA	NA	NA	serenelli17	A	NA	0,12470933836859892	0,01807383995681448	0,017495316868283043
KIC9455860	1,385	0,0722495674727538	0,0651152823843988	1,678	0,0510783711564885	0,0483321838943783	6716	59	59	-0,051	0,1	0,1	NA	4,129	0,0189736659610103	0,0199248588451713	NA	5,166	0,422130072484233	0,422130072484233	NA	MS	F	NA	NA	NA	NA	NA	serenelli17	A	NA	0,06998182994813795	0,007359954439848824	0,006884278675208433
KIC9457728	1,194	0,0634113554499508	0,0659469483751902	1,822	0,0353836120259083	0,0361247837363769	6390	49	49	-0,161	0,0721110255092798	0,0721110255092798	NA	3,993	0,0106301458127346	0,0106301458127346	NA	5,208	0,437591644046782	0,437591644046782	NA	MS	F	NA	NA	NA	NA	NA	serenelli17	A	NA	0,04712708737128415	0,0037152153034654047	0,0038253018378952086
KIC9458636	1,204	0,116811814470969	0,0608276253029822	1,735	0,0630634601017103	0,056938563381947	6220	56	56	-0,059	0,1	0,1	NA	4,043	0,0162788205960997	0,0182482875908947	NA	4,007	0,342379248040584	0,342379248040584	NA	MS	F	NA	NA	NA	NA	NA	serenelli17	A	NA	0,055035059487130444	0,008032726737262295	0,006090111954055042
KIC9468847	1,17	0,0579827560572969	0,0579827560572969	1,796	0,0528015151297763	0,0518941229813165	6064	52	52	-0,109	0,1	0,1	NA	3,998	0,0170880074906351	0,0170880074906351	NA	4,292	0,37421982497498	0,37421982497498	NA	MS	F	NA	NA	NA	NA	NA	serenelli17	A	NA	0,048214565290131635	0,004877771523842837	0,004814194811805067
KIC9471974	1,38	0,09	0,09	2,19	0,12	0,12	5854	92	92	0,374	0,0721110255092798	0,0721110255092798	NA	NA	NA	NA	NA	NA	NA	NA	NA	PMS	G	NA	NA	NA	NA	NA	huber13	A	NA	0,03136592737689778	0,005547005813624314	0,005547005813624314
KIC9512063	1,158	0,0499299509312797	0,0507740090991444	2,053	0,0360693775937429	0,0374833296279826	5977	58	58	-0,332	0,102	0,102	NA	3,876	0,0067082039324993	0,0067082039324993	NA	4,637	0,403547097521101	0,403547097521101	NA	MS	G	NA	NA	NA	NA	NA	serenelli17	A	NA	0,031948693428201926	0,002175603310574828	0,0022415676650720147
KIC9542776	1,385	0,0848645980371085	0,0806597793203031	2,475	0,153388395910512	0,136894119669181	6343	87	87	-0,157	0,101	0,101	NA	3,791	0,0355105618091294	0,0374833296279826	NA	11,52	1,02457871859058	1,02457871859058	NA	MS	F	NA	NA	NA	NA	NA	serenelli17	A	NA	0,02180899004688081	0,004269370380084837	0,0038352331626793448
KIC9574283	1,178	0,0648459713474939	0,0666408283261845	2,896	0,0617170964968379	0,0644049687524185	5431	64	64	-0,499	0,101	0,101	NA	3,584	0,0063245553203367	0,0072801098892805	NA	5,171	0,465798228390914	0,465798228390914	NA	PMS	G	NA	NA	NA	NA	NA	serenelli17	A	NA	0,011578732177467252	0,000976857746315004	0,0010128292647715192
KIC9579208	1,204	0,0635137780328017	0,051662365412358	1,781	0,034132096331752	0,0276586333718787	6422	56	56	-0,17	0,0721110255092798	0,0721110255092798	NA	4,017	0,0111803398874989	0,0086023252670426	NA	4,92	0,408637298681031	0,408637298681031	NA	MS	F	NA	NA	NA	NA	NA	serenelli17	A	NA	0,05087988478812726	0,0039700436798540345	0,0032226528554076843
KIC9592705	1,509	0,029	0,021	2,124	0,015	0,012	6174	92	92	0,216	0,0721110255092798	0,0721110255092798	NA	3,961	0,004	0,003	NA	6,088	0,227	0,247	NA	MS	F	NA	NA	NA	NA	NA	silva15	A	NA	0,03759560631816146	0,0010753906012049264	0,0008244869656573239
KIC9641837	1,304	0,0587281874401041	0,0567274184147313	2,193	0,0464004310324807	0,0448218696620299	6270	51	51	-0,161	0,1	0,1	NA	3,871	0,0111803398874989	0,0111803398874989	NA	6,06	0,546385001091756	0,546385001091756	NA	MS	F	NA	NA	NA	NA	NA	serenelli17	A	NA	0,029517059250313567	0,002297299389202223	0,0022191075001695023
KIC9664694	1,252	0,0524309069156733	0,0574543296888929	2,293	0,057706152185014	0,0594810894318522	6080	55	55	-0,272	0,1	0,1	NA	3,813	0,0121655250605964	0,0121655250605964	NA	8,512	0,725162235923812	0,725162235923812	NA	MS	F	NA	NA	NA	NA	NA	serenelli17	A	NA	0,024791542870628104	0,0021403865960326336	0,0022397597567777976
KIC9693187	0,986	0,0532541078227774	0,0508035431835221	1,423	0,0283196045170126	0,0275862284482674	5790	55	55	-0,164	0,1	0,1	NA	4,125	0,0086023252670426	0,0086023252670426	NA	2,982	0,268050525294423	0,268050525294423	NA	MS	G	NA	NA	NA	NA	NA	serenelli17	A	NA	0,08169088582049064	0,006576840158739543	0,006347311005022864
KIC9696358	1,42	0,09	0,09	2,13	0,13	0,13	6131	75	75	0,17	0,0721110255092798	0,0721110255092798	NA	NA	NA	NA	NA	5,738	0,529110304810063	0,529110304810063	NA	MS	F	NA	NA	NA	NA	NA	huber13	A	NA	0,03508010824393206	0,006797050868143686	0,006797050868143686
KIC9697131	1,436	0,0581377674149945	0,0635609943282828	1,922	0,0283019433961698	0,030886890422961	6491	69	69	0,11	0,0721110255092798	0,0721110255092798	NA	4,027	0,0085440037453175	0,0085440037453175	NA	5,503	0,446981720087574	0,446981720087574	NA	MS	F	NA	NA	NA	NA	NA	serenelli17	A	NA	0,04828427120348228	0,002893274598917153	0,0031601044717546986
KIC9700430	1,221	0,0672681202353686	0,0909175450614456	1,511	0,0451774279923061	0,0469574275274956	6111	90	90	0,024	0,1	0,1	NA	4,164	0,01552417469626	0,0164924225024706	NA	2,801	0,241816090376488	0,241816090376488	NA	MS	F	NA	NA	NA	NA	NA	serenelli17	A	NA	0,08449551583703749	0,008894438562269716	0,010081760031532373
KIC9702369	1,281	0,0502095608425328	0,0481040538832228	1,379	0,0183847763108502	0,0183847763108502	6431	50	50	0,03	0,1	0,1	NA	4,266	0,0067082039324993	0,0067082039324993	NA	2,29	0,20188288836486	0,20188288836486	NA	MS	F	NA	NA	NA	NA	NA	serenelli17	A	NA	0,11661857273947575	0,006530604579193775	0,006397908234558321
KIC9702752	1,188	0,0422018956920184	0,0446542271235322	1,701	0,025	0,0258069758011279	5770	62	62	0,265	0,1	0,1	NA	4,051	0,0092195444572928	0,0092195444572928	NA	2,656	0,233806485366682	0,233806485366682	NA	MS	G	NA	NA	NA	NA	NA	serenelli17	A	NA	0,05762552439354071	0,0032628448575954994	0,0034015894718435755
KIC9715099	1,37	0,15	0,17	2,49	0,1	0,11	6225	53	53	-0,22	0,4	0,3	NA	3,78	0,019	0,019	NA	9,337	0,806574526556546	0,806574526556546	NA	MS	F	NA	NA	NA	NA	NA	C14sdss	A	NA	0,02118526576775934	0,003448955229873612	0,0038462760551466915
KIC9754284	1,276	0,0628012738724303	0,0812157620169878	1,621	0,0298328677803526	0,0346698716467194	6182	54	54	0,025	0,1	0,1	NA	4,123	0,0120415945787923	0,0136014705087354	NA	3,351	0,281864611514729	0,281864611514729	NA	MS	F	NA	NA	NA	NA	NA	serenelli17	A	NA	0,07151761459586459	0,005289743775768613	0,006463609858635003
KIC9757640	1,154	0,0694046107978425	0,0724706837279738	1,774	0,0490917508345343	0,0490917508345343	5506	94	94	0,346	0,1	0,1	NA	4,001	0,0161245154965971	0,0161245154965971	NA	3,35	0,299077350987442	0,299077350987442	NA	PMS	G	NA	NA	NA	NA	NA	serenelli17	A	NA	0,04934649978909841	0,005058738201323319	0,005136753926855772
KIC9762786	1,38	0,14	0,19	1,96	0,1	0,12	6482	52	52	0,06	0,15	0,15	NA	3,99	0,014	0,014	NA	6,917	0,598725134424361	0,598725134424361	NA	MS	F	NA	NA	NA	NA	NA	C14sdss	A	NA	0,043754453421860705	0,008034596567512042	0,010043724468575235
KIC9768011	1,35	0,16	0,16	2,02	0,13	0,13	6630	68	68	-0,26	0,2	0,15	NA	3,955	0,023	0,024	NA	6,611	0,560297442785581	0,560297442785581	NA	MS	F	NA	NA	NA	NA	NA	C14sdss	A	NA	0,03910128687649144	0,008858180279212816	0,008858180279212816
KIC9778067	1,189	0,0659469483751902	0,0674759216313494	1,998	0,0653681879816169	0,0644980619863884	6433	90	90	-0,529	0,102	0,102	NA	3,911	0,0182482875908947	0,0192353840616713	NA	5,769	0,486377408885799	0,486377408885799	NA	MS	F	NA	NA	NA	NA	NA	serenelli17	A	NA	0,03558826318590584	0,004012138500009864	0,00399466594792567
KIC9787965	1,31	0,0845990543682375	0,0835284382710463	2,062	0,0846286003665428	0,0782432105680742	6200	65	65	0,001	0,1	0,1	NA	3,926	0,0191049731745428	0,0200997512422418	NA	7,654	0,783754291524599	0,783754291524599	NA	MS	F	NA	NA	NA	NA	NA	serenelli17	A	NA	0,035671116550501876	0,004959505754224639	0,004654257423203241
KIC9788260	1,459	0,107377837564369	0,121235308388274	3,131	0,114529472189476	0,130678996016958	5354	58	58	-0,183	0,101	0,101	NA	3,611	0,0110453610171873	0,0110453610171873	NA	NA	NA	NA	NA	PMS	G	NA	NA	NA	NA	NA	serenelli17	A	NA	0,011347951728459087	0,001499426462669833	0,0017053161597686843
KIC9791157	1,186	0,0492442890089805	0,0575847201955519	1,952	0,0376961536499415	0,039560080889705	5852	63	63	-0,047	0,1	0,1	NA	3,929	0,0116619037896906	0,0116619037896906	NA	4,555	0,40781935746871	0,40781935746871	NA	MS	G	NA	NA	NA	NA	NA	serenelli17	A	NA	0,03806770014235023	0,002713360711707002	0,00296195570825018
KIC9812421	1,34	0,0980815986819138	0,0933005894943864	3,169	0,0873613186713662	0,0854400374531753	5265	63	63	-0,231	0,1	0,1	NA	3,562	0,0092195444572928	0,0092195444572928	NA	6,972	0,630803950774799	0,630803950774799	NA	PMS	G	NA	NA	NA	NA	NA	serenelli17	A	NA	0,010051930368389443	0,0011101459595258636	0,001072787182040306
KIC9812850	1,339	0,0552177507691141	0,0602079728939615	1,789	0,0250599281722833	0,029732137494637	6407	47	47	-0,125	0,1	0,1	NA	4,059	0,0064031242374328	0,0064031242374328	NA	4,628	0,38147187235337	0,38147187235337	NA	MS	F	NA	NA	NA	NA	NA	serenelli17	A	NA	0,05582914103347154	0,0032870704621005935	0,0037483294512766843
KIC9821513	1,291	0,068622153857191	0,0960416576283438	1,775	0,0560357029044876	0,0593632883186233	6550	65	65	-0,307	0,101	0,101	NA	4,048	0,014142135623731	0,0131529464379659	NA	5,837	0,488221059178963	0,488221059178963	NA	MS	F	NA	NA	NA	NA	NA	serenelli17	A	NA	0,055111541771661506	0,00598538355322614	0,006883633764324106
KIC9872292	1,37	0,1	0,1	1,82	0,05	0,05	6260	116	116	-0,131	0,0721110255092798	0,0721110255092798	NA	NA	NA	NA	NA	4,188	0,349596722717442	0,349596722717442	NA	MS	F	NA	NA	NA	NA	NA	huber13	A	NA	0,05425225493912401	0,005972823957684196	0,005972823957684196
KIC9880787	1,168	0,0537121960079831	0,0554707129934347	2,014	0,0389101529166874	0,0398120584747888	6074	56	56	-0,314	0,102	0,102	NA	3,896	0,010295630140987	0,010295630140987	NA	5,216	0,446910121855063	0,446910121855063	NA	MS	F	NA	NA	NA	NA	NA	serenelli17	A	NA	0,034133107994705016	0,0025254026400186656	0,0025932934214094065
KIC9893470	1,626	0,0726223106214612	0,0718401002226472	3,399	0,107154094648781	0,123032516027268	5936	56	56	-0,054	0,1	0,1	NA	3,588	0,0184390889145858	0,0194164878389476	NA	14,43	1,25161343147022	1,25161343147022	NA	PMS	G	NA	NA	NA	NA	NA	serenelli17	A	NA	0,009885040163252333	0,0010338888507495229	0,0011588646717569672
KIC9897838	1,06	0,09	0,08	2,6	0,09	0,08	5179	61	61	-0,4	0,15	0,1	NA	3,633	0,009	0,009	NA	4,129	0,390234028308367	0,390234028308367	NA	PMS	K	NA	NA	NA	NA	NA	C14sdss	A	NA	0,014397835657493946	0,0019312964387437652	0,0017167079455500135
KIC9903271	1,208	0,137873130087048	0,122249744376011	3,367	0,167693172192549	0,155003225772885	4907	80	80	0,355	0,099	0,099	NA	3,465	0,0101980390271856	0,0101980390271856	NA	6,077	0,617880528110556	0,617880528110556	NA	PMS	K	NA	NA	NA	NA	NA	serenelli17	A	NA	0,007555252370921811	0,0014205321538434854	0,0012935882222552214
KIC9908400	1,53	0,0581377674149945	0,059464274989274	2,764	0,0339705755029261	0,0354682957019364	6000	55	55	0,16	0,1	0,1	NA	3,739	0,0084852813742385	0,0084852813742385	NA	9,868	0,865355868576696	0,865355868576696	NA	PMS	F	NA	NA	NA	NA	NA	serenelli17	A	NA	0,01729771372885334	0,0009158591855564004	0,0009462539206351085
KIC9955598	0,883	0,0430116263352131	0,0430116263352131	0,882	0,0156524758424985	0,0156524758424985	5434	77	77	0,118	0,072	0,072	NA	4,492	0,0076157731058639	0,0076157731058639	NA	0,6574	0,063711894918518	0,063711894918518	NA	MS	G	NA	NA	NA	NA	NA	serenelli17	A	NA	0,3072319227967874	0,022170158790238564	0,022170158790238564
KIC9962623	0,987	0,0847584804016684	0,0763216876123687	1,395	0,042154477816716	0,0403112887414927	5913	166	166	-0,207	0,101	0,101	NA	4,143	0,0161554944214035	0,0152315462117278	NA	2,079	0,180289341817693	0,180289341817693	NA	MS	G	NA	NA	NA	NA	NA	serenelli17	A	NA	0,08679724098832328	0,010838463476705565	0,010082976256217954
KIC9965715	1,245	0,0730068489937759	0,0730068489937759	1,3	0,0373363094051889	0,0373363094051889	7030	405	405	-0,404	0,1	0,1	NA	4,304	0,015	0,0142126704035519	NA	2,585	0,225418203421083	0,225418203421083	NA	MS	F	NA	NA	NA	NA	NA	serenelli17	A	NA	0,1352853237251318	0,014099770334687216	0,014099770334687216
HD1367	2,56	0,089	0,089	9,51	0,5	0,5	5382	51	51	0,0	0,1	0,1	NA	NA	NA	NA	NA	68,14	6,74	6,74	NA	PMS	G	NA	NA	NA	NA	NA	ligi16	I	NA	0,0007105748060495429	0,00011476826619781609	0,00011476826619781609
HD154633	1,962	0,207	0,207	10,0	0,33	0,33	4883	36	36	-0,1	0,1	0,1	NA	NA	NA	NA	NA	51,02	3,09	3,09	NA	PMS	K	NA	NA	NA	NA	NA	ligi16	I	NA	0,00046839299751944805	6,776696211680908e-05	6,776696211680908e-05
HD161178	1,936	0,212	0,212	11,29	0,6	0,6	4992	115	115	-0,2	0,1	0,1	NA	NA	NA	NA	NA	71,03	4,16	4,16	NA	PMS	K	NA	NA	NA	NA	NA	ligi16	I	NA	0,00032116996019840717	6,211968117653042e-05	6,211968117653042e-05
HD167042	1,646	0,311	0,311	5,7	0,1	0,1	4547	49	49	-0,1	0,1	0,1	NA	NA	NA	NA	NA	12,47	0,54	0,54	NA	PMS	K	NA	NA	NA	NA	NA	ligi16	I	NA	0,002121859651789698	0,000416173978758352	0,000416173978758352
HD1671	1,875	0,075	0,075	3,151	0,043	0,043	7133	36	36	-0,1	0,1	0,1	NA	NA	NA	NA	NA	23,07	0,51	0,51	NA	MS	F	NA	NA	NA	NA	NA	ligi16	I	NA	0,014307621850010645	0,0008189202298584279	0,0008189202298584279
HD168151	1,189	0,068	0,068	1,635	0,037	0,037	6638	83	83	-0,3	0,1	0,1	NA	NA	NA	NA	NA	4,66	0,12	0,12	NA	MS	F	NA	NA	NA	NA	NA	ligi16	I	NA	0,06494414061985007	0,005764991754726677	0,005764991754726677
HD173416	1,336	0,258	0,258	14,92	0,78	0,78	4544	79	79	-0,2	0,1	0,1	NA	NA	NA	NA	NA	85,17	6,72	6,72	NA	PMS	K	NA	NA	NA	NA	NA	ligi16	I	NA	9,60309841013553e-05	2,3890417657064766e-05	2,3890417657064766e-05
HD185395	1,49	0,06	0,06	1,475	0,015	0,015	7305	42	42	0,0	0,1	0,1	NA	NA	NA	NA	NA	5,564	0,065	0,065	NA	MS	F	NA	NA	NA	NA	NA	ligi16	I	NA	0,11084640133540773	0,005600009781965827	0,005600009781965827
HD190360	1,04	0,059	0,059	1,061	0,013	0,013	5781	37	37	0,2	0,1	0,1	NA	NA	NA	NA	NA	1,127	0,019	0,019	NA	MS	G	NA	NA	NA	NA	NA	ligi16	I	NA	0,20787323669232685	0,014051852949889115	0,014051852949889115
HD19994	1,317	0,079	0,079	1,847	0,028	0,028	6063	45	45	0,2	0,1	0,1	NA	NA	NA	NA	NA	4,138	0,066	0,066	NA	MS	F	NA	NA	NA	NA	NA	ligi16	I	NA	0,049899532790149824	0,0037562555610592047	0,0037562555610592047
HD209369	1,531	0,061	0,061	2,45	0,072	0,072	6755	106	106	-0,2	0,1	0,1	NA	NA	NA	NA	NA	11,22	0,32	0,32	NA	MS	F	NA	NA	NA	NA	NA	ligi16	I	NA	0,02485354413963825	0,002404539627675539	0,002404539627675539
HD217014	1,12	0,063	0,063	1,09	0,024	0,024	5978	67	67	0,2	0,1	0,1	NA	NA	NA	NA	NA	1,362	0,024	0,024	NA	MS	G	NA	NA	NA	NA	NA	ligi16	I	NA	0,20646665394704222	0,01791308733432396	0,01791308733432396
HD221345	0,898	0,069	0,069	12,67	0,39	0,39	4483	50	50	-0,3	0,1	0,1	NA	NA	NA	NA	NA	58,18	2,55	2,55	NA	PMS	K	NA	NA	NA	NA	NA	ligi16	I	NA	0,00010540419182836321	1,2662296887504493e-05	1,2662296887504493e-05
HD3651	0,848	0,04	0,04	0,8584	0,0088	0,0088	5270	34	34	0,1	0,1	0,1	NA	NA	NA	NA	NA	0,5103	0,0097	0,0097	NA	MS	G	NA	NA	NA	NA	NA	ligi16	I	NA	0,3200649488923399	0,018022966496994645	0,018022966496994645
HD75732	0,874	0,013	0,013	0,96	0,018	0,018	5165	46	46	0,3	0,1	0,1	NA	NA	NA	NA	NA	0,589	0,014	0,014	NA	MS	K	NA	NA	NA	NA	NA	ligi16	I	NA	0,23583547000853905	0,013721698462708931	0,013721698462708931
HD9826	1,312	0,075	0,075	1,684	0,04	0,04	6243	74	74	0,1	0,1	0,1	NA	NA	NA	NA	NA	3,866	0,03	0,03	NA	MS	F	NA	NA	NA	NA	NA	ligi16	I	NA	0,06558718089985509	0,0059916778733833395	0,0059916778733833395
