original_row,Seq,SIMBAD_ID,M,eM1,eM2,R,eR1,eR2,Teff,eTeff1,eTeff2,L,eL1,eL2,Meta,eMeta1,eMeta2,logg,elogg1,elogg2,rho,erho1,erho2,cutoff,class,type,pla,catalog,e_M,e_R,e_Teff,e_L,mode,orbit_a,eOrbit_a,detached,well_detached,oblateness,eoblateness1,eoblateness2,fill_factor,efill_factor1,efill_factor2,rad_pred,rad_sigma,rad_p16,rad_p84,rad_p02_5,rad_p97_5
22,23,NGTS-EB-8_A,0.25,0.005,0.004,0.255,0.004,0.005,3500.0,100.0,200.0,0.0088,0.001,0.002,0.0,0.5,0.5,5.023,0.02,0.016,15.08,0.77,0.92,,MS,M,,OBrien25,,,,,EB,8.43,0.02,True,True,7.72e-05,4.5e-06,4.5e-06,0.0766,0.0014,0.0014,0.6185585203359713,0.08822988337466782,0.5488385243604538,0.6961508636241835,0.45859824987050846,0.7581504711724993
23,24,NGTS-EB-8_B,0.208,0.005,0.004,0.233,0.006,0.005,3300.0,100.0,100.0,0.0058,0.00076,0.00075,0.0,0.5,0.5,5.021,0.02,0.022,16.4,1.3,1.1,,MS,M,,OBrien25,,,,,EB,8.43,0.02,True,True,7.9e-05,5.9e-06,5.9e-06,0.0761,0.0019,0.0019,0.6293612520391982,0.0884745502324077,0.5472743823291397,0.7086166972273689,0.4524957757756365,0.7951740559825079
36,37,TIC278683641_A,1.273,0.007,0.007,1.612,0.003,0.003,5940.0,110.0,110.0,2.92,0.14,0.14,0.2907,0.0039,0.0039,4.128,0.001,0.001,0.3039,0.0024,0.0024,,MS,F/G,,CakirliDec25,,,,,EB,13.5,0.021,True,True,0.003129,2.6e-05,2.6e-05,0.26718,0.00073,0.00073,1.611893287250628,0.016352446137227555,1.5955366943235618,1.627711521599304,1.579593450718935,1.6441902503036137
37,38,TIC278683641_B,0.589,0.002,0.002,0.585,0.001,0.001,3653.0,97.0,97.0,0.06,0.01,0.01,0.2907,0.0039,0.0039,4.674,0.001,0.001,2.942,0.018,0.018,,MS,M,,CakirliDec25,,,,,EB,13.5,0.021,True,True,0.0005059,4.6e-06,4.6e-06,0.13776,0.00039,0.00039,0.7095304770413671,0.048629647341213944,0.6641387851995489,0.752906167935474,0.6084200502258966,0.8136658374565263
40,41,KIC9656397_A,1.15,0.15,0.09,1.09,0.16,0.16,6270.0,140.0,130.0,1.66,0.51,0.49,-0.089,0.041,0.041,4.38,0.04,0.04,0.89,0.41,0.4,,MS,F2,,Xu26,,,,,EB,204.0,20.0,True,True,5e-07,2.7e-07,2.7e-07,0.0141,0.0026,0.0026,1.1466472137965997,0.05874921392832534,1.0886391558981763,1.2036344026876151,1.0313680351174215,1.2634078744068118
41,42,KIC9656397_B,1.16,0.19,0.14,1.09,0.16,0.15,6360.0,140.0,130.0,1.76,0.54,0.51,-0.089,0.041,0.041,4.38,0.04,0.04,0.9,0.42,0.39,,MS,F2,,Xu26,,,,,EB,204.0,20.0,True,True,4.9e-07,2.6e-07,2.6e-07,0.0141,0.0025,0.0025,1.159736825970964,0.05925239436699075,1.1014200514873305,1.2177776495156787,1.041251336605008,1.2749785509220901
42,45,V570_Per_A,1.4569,0.0094,0.01,1.543,0.012,0.009,6556.0,64.0,26.0,3.96,0.22,0.11,0.18,0.03,0.01,4.225,0.009,0.009,0.3966,0.0096,0.0075,,MS,F3,,Yucel26,,,,,EB,9.118,0.016,True,True,0.01477,0.00033,0.00033,0.4395,0.0032,0.0032,1.5530313067541301,0.020379748244474763,1.53301746050912,1.5735572517064578,1.5132835474073736,1.5931776429590137
43,46,V570_Per_B,1.3579,0.0094,0.0089,1.377,0.013,0.015,6468.0,32.0,21.0,2.99,0.12,0.1,0.17,0.01,0.01,4.293,0.011,0.011,0.52,0.015,0.017,,MS,F5,,Yucel26,,,,,EB,9.118,0.016,True,True,0.01175,0.00037,0.00037,0.405,0.0043,0.0043,1.3968337819265002,0.019398286712853742,1.3777127629861359,1.4160311475614547,1.3577214437016785,1.4345010962541036
46,49,BEPOP-3_A,1.084,0.026,0.026,1.386,0.01,0.01,6065.0,36.0,36.0,2.35,0.03,0.03,-0.02,0.1,0.1,4.1895,0.0041,0.0041,0.407,0.013,0.013,,MS,F9,,Maxted25,,,,,EB,26.0,0.16,True,True,0.0001921,6.1e-06,6.1e-06,0.1057,0.0011,0.0011,1.4113445318820965,0.021774564971594586,1.3896157734384857,1.432987731777739,1.3697786750937362,1.4536086260119978
47,50,BEPOP-3_B,0.262,0.004,0.004,0.274,0.002,0.002,3191.0,32.0,32.0,0.01,0.0,0.0,-0.02,0.1,0.1,4.979,0.0016,0.0016,12.74,0.34,0.34,,MS,M,,Maxted25,,,,,EB,26.0,0.16,True,True,1.324e-05,5.2e-07,5.2e-07,0.03974,0.00049,0.00049,0.5999778635502045,0.11153847005917061,0.5034254563051176,0.6833155505761392,0.3915209531462926,0.7657240017772262
48,51,TIC189069314_A,1.126,0.069,0.069,1.439,0.047,0.047,6286.0,108.0,108.0,2.9,0.09,0.09,-0.32,0.03,0.03,4.17,0.01,0.01,0.378,0.044,0.044,,MS,,,MWang25,,,,,EB,14.49,0.01,True,True,0.00278,0.00033,0.00033,0.2528,0.0095,0.0095,1.429746314556804,0.023046294238182483,1.407031767598182,1.4529759061861733,1.3840254244587553,1.4735436198588368
49,52,TIC189069314_B,0.96,0.054,0.054,1.023,0.035,0.035,5739.0,117.0,117.0,1.01,0.04,0.04,-0.32,0.03,0.03,4.4,0.03,0.03,0.9,0.1,0.1,,MS,,,MWang25,,,,,EB,14.49,0.01,True,True,0.00129,0.00016,0.00016,0.1933,0.0076,0.0076,0.9880390383728956,0.040602154687608014,0.9479020559613845,1.0288866567096981,0.9099820630355412,1.0704569223040836
50,53,TIC54759992_A,1.236,0.042,0.042,1.255,0.028,0.028,6733.0,126.0,126.0,2.9,0.09,0.09,-0.53,0.03,0.03,4.33,0.01,0.01,0.625,0.047,0.047,,MS,,,MWang25,,,,,EB,9.62,0.05,True,True,0.0062,0.00046,0.00046,0.3304,0.008,0.008,1.2249101792983603,0.02921477994081054,1.1953751777270873,1.25454322079723,1.1700003329678526,1.2816657864705465
51,54,TIC54759992_B,1.03,0.011,0.011,0.98,0.035,0.035,5619.0,139.0,139.0,0.86,0.04,0.04,-0.53,0.03,0.03,4.48,0.03,0.03,1.09,0.12,0.12,,MS,,,MWang25,,,,,EB,9.62,0.05,True,True,0.00395,0.00044,0.00044,0.28,0.01,0.01,0.8714617793144935,0.03386600757192085,0.838537803488377,0.9048222978650402,0.8076982926888423,0.9413904498111291
52,55,TIC46299496_A,1.123,0.028,0.028,1.13,0.018,0.018,6056.0,113.0,113.0,1.54,0.04,0.04,-0.56,0.03,0.03,4.38,0.01,0.01,0.778,0.042,0.042,,MS,,,MWang25,,,,,EB,11.99,0.01,True,True,0.00256,0.00014,0.00014,0.2451,0.0044,0.0044,1.013676383467648,0.024763380348426116,0.9889342054423216,1.0382483929900688,0.9673414981410935,1.063475779690939
53,56,TIC46299496_B,1.053,0.026,0.026,1.02,0.04,0.04,5926.0,120.0,120.0,1.15,0.05,0.05,-0.56,0.03,0.03,4.44,0.02,0.02,0.99,0.12,0.12,,MS,,,MWang25,,,,,EB,11.99,0.01,True,True,0.00209,0.00025,0.00025,0.2279,0.0091,0.0091,0.9235304670862219,0.030549020943043865,0.8934462153144689,0.9540131858091152,0.8661278427297981,0.9869027644235312
54,57,TIC369605666_A,0.995,0.014,0.014,1.041,0.036,0.036,6116.0,108.0,108.0,1.36,0.05,0.05,-0.05,0.01,0.01,4.4,0.03,0.03,0.882,0.092,0.092,,MS,,,MWang25,,,,,EB,10.17,0.01,True,True,0.00299,0.00032,0.00032,0.2591,0.0092,0.0092,1.088918406870357,0.040307998642197314,1.0495562350535308,1.1282444440596813,1.0089411933544636,1.1676988471960665
55,58,TIC369605666_B,0.827,0.024,0.024,0.789,0.044,0.044,5486.0,116.0,116.0,0.51,0.04,0.03,-0.05,0.01,0.01,4.56,0.05,0.05,1.68,0.29,0.29,,MS,,,MWang25,,,,,EB,10.17,0.01,True,True,0.00175,0.0003,0.0003,0.214,0.012,0.012,0.8739225886522336,0.04861835821802117,0.8262868567832743,0.9224130206197745,0.7882653410542041,0.9755806263585187
56,59,TIC431925451_A,1.426,0.079,0.079,1.488,0.09,0.09,6989.0,131.0,131.0,4.74,0.3,0.29,-0.2,0.02,0.02,4.25,0.05,0.05,0.433,0.082,0.082,,MS,,,MWang25,,,,,EB,14.19,0.01,True,True,0.00367,0.0007,0.0007,0.276,0.017,0.017,1.5446099230034982,0.06716527674447582,1.4777191997045598,1.611232495507744,1.4179621550219035,1.678566007424458
57,60,TIC431925451_B,1.404,0.061,0.061,1.481,0.087,0.087,6614.0,145.0,145.0,3.82,0.24,0.23,-0.2,0.02,0.02,4.24,0.07,0.07,0.432,0.078,0.078,,MS,,,MWang25,,,,,EB,14.19,0.01,True,True,0.00371,0.00069,0.00069,0.276,0.017,0.017,1.4722006700824084,0.07753402220980996,1.395912909413417,1.548867998240592,1.3272205201349638,1.6268845121367546
58,61,TIC100520485_A,1.218,0.015,0.015,1.639,0.041,0.041,6090.0,127.0,127.0,3.31,0.1,0.1,-0.42,0.05,0.05,4.08,0.02,0.02,0.277,0.021,0.021,,MS,,,MWang25,,,,,EB,16.45,0.01,True,True,0.00276,0.00021,0.00021,0.2524,0.0064,0.0064,1.5375804668452775,0.03671534106934098,1.5012769829727224,1.5750843731318065,1.4673216984501962,1.6114757325351974
59,62,TIC100520485_B,1.015,0.015,0.015,1.14,0.044,0.044,6209.0,144.0,144.0,1.73,0.09,0.08,-0.42,0.05,0.05,4.33,0.03,0.03,0.685,0.08,0.08,,MS,,,MWang25,,,,,EB,16.45,0.01,True,True,0.00124,0.00015,0.00015,0.1908,0.0074,0.0074,1.139680477086576,0.04416854834893592,1.0959017930012216,1.1820988635076028,1.0527309145080332,1.2271479981808326
60,63,TIC126323537_A,1.145,0.047,0.047,1.666,0.027,0.027,6787.0,133.0,133.0,5.28,0.14,0.13,-0.53,0.05,0.05,4.05,0.01,0.01,0.248,0.016,0.016,,MS,,,MWang25,,,,,EB,8.34,0.01,True,True,0.0256,0.0015,0.0015,0.527,0.01,0.01,1.7349945624643883,0.028862334145396556,1.7061015717370391,1.7643628020764726,1.6789143828066264,1.7924509176487686
61,64,TIC126323537_B,1.141,0.016,0.016,1.481,0.049,0.049,6605.0,189.0,189.0,3.74,0.14,0.14,-0.53,0.05,0.05,4.15,0.02,0.02,0.351,0.035,0.035,,MS,,,MWang25,,,,,EB,8.34,0.01,True,True,0.0181,0.0019,0.0019,0.469,0.016,0.016,1.4880160997427865,0.03849468171884848,1.4496164874059143,1.526217825310516,1.4121734125176233,1.5632223166721937
62,65,TIC327361036_A,1.443,0.022,0.022,2.146,0.094,0.094,7553.0,126.0,126.0,12.45,0.59,0.56,0.08,0.04,0.04,3.93,0.04,0.04,0.146,0.019,0.019,,MS,,,MWang25,,,,,EB,19.1,0.27,True,True,0.00414,0.00058,0.00058,0.288,0.013,0.013,2.61119526029775,0.08832695417511915,2.525916822153655,2.6971769235078233,2.436668663665294,2.7858329477311923
63,66,TIC327361036_B,1.272,0.021,0.021,1.19,0.063,0.063,7585.0,191.0,191.0,4.23,0.25,0.24,0.08,0.04,0.04,4.39,0.05,0.05,0.75,0.12,0.12,,MS,,,MWang25,,,,,EB,19.1,0.27,True,True,0.00086,0.00014,0.00014,0.1693,0.0093,0.0093,1.4405258536521928,0.16287017207149185,1.3740668248661867,1.5039894832259841,1.3033213758376074,1.5730784350625546
64,67,TIC446092483_A,1.342,0.019,0.019,2.194,0.069,0.069,6336.0,120.0,120.0,6.07,0.21,0.21,-0.25,0.01,0.01,3.88,0.03,0.03,0.127,0.012,0.012,,MS,,,MWang25,,,,,EB,26.92,0.05,True,True,0.00189,0.00018,0.00018,0.2202,0.007,0.007,2.0764882123177237,0.05649435616310077,2.018853542523705,2.1320597702795188,1.9673099289614742,2.1890611541083405
65,68,TIC446092483_B,1.486,0.028,0.028,1.459,0.077,0.077,6096.0,111.0,111.0,2.41,0.14,0.13,-0.25,0.01,0.01,4.28,0.04,0.04,0.478,0.076,0.076,,MS,,,MWang25,,,,,EB,26.92,0.05,True,True,0.000473,7.5e-05,7.5e-05,0.1398,0.0074,0.0074,1.2588423566652385,0.05225011309762625,1.2059680383394866,1.3106564917563726,1.1566624395342702,1.3585931441640646
66,69,TIC39022841_A,0.856,0.048,0.048,0.929,0.059,0.059,5914.0,101.0,101.0,0.95,0.06,0.06,-0.19,0.03,0.03,4.44,0.02,0.02,1.07,0.21,0.21,,MS,,,MWang25,,,,,EB,21.59,0.19,True,True,0.000265,5.3e-05,5.3e-05,0.1146,0.0076,0.0076,0.962898413635153,0.030298221678701633,0.9330522329975235,0.9935389677073349,0.9024011061475593,1.0225863816612155
67,70,TIC39022841_B,0.892,0.037,0.037,1.074,0.087,0.087,6071.0,102.0,102.0,1.41,0.12,0.11,-0.19,0.03,0.03,4.33,0.03,0.03,0.72,0.18,0.18,,MS,,,MWang25,,,,,EB,21.59,0.19,True,True,0.000384,9.6e-05,9.6e-05,0.13,0.011,0.011,1.143719895546561,0.041727431676904896,1.1031720500000293,1.184464990055305,1.0600303994108613,1.2254633647043502
74,77,KIC11769146_A,1.001,0.007,0.007,0.968,0.002,0.002,5800.0,150.0,150.0,0.95,0.09,0.08,0.0,0.25,0.25,4.467,0.001,0.001,1.104,0.01,0.01,,MS,,,OzdarcanFeb25,,,,,EB,222.4,0.5,True,True,2.328e-07,2.8e-09,2.8e-09,0.011059,4.2e-05,4.2e-05,0.9444271483467975,0.030957613088003388,0.9137278821990199,0.9745096811095988,0.8873859174205654,1.0094449623868569
75,78,KIC11769146_B,0.846,0.006,0.006,0.785,0.002,0.002,5180.0,150.0,150.0,0.4,0.05,0.04,0.0,0.25,0.25,4.575,0.001,0.001,1.749,0.018,0.018,,MS,,,OzdarcanFeb25,,,,,EB,222.4,0.5,True,True,1.625e-07,2.1e-09,2.1e-09,0.009685,4e-05,4e-05,0.7914197799017247,0.02556946411089376,0.7669846479715036,0.8163867041465166,0.7479518932490458,0.8472402564715987
76,79,KIC8610483_A,0.92,0.02,0.02,1.461,0.01,0.01,5700.0,150.0,150.0,2.0,0.2,0.2,-0.25,0.25,0.25,4.07,0.004,0.004,0.295,0.0088,0.0088,,MS,,,OzdarcanFeb25,,,,,EB,68.7,0.4,True,True,3.1e-05,1.1e-06,1.1e-06,0.05612,0.00064,0.00064,1.5339421596551739,0.04309797357583426,1.4919235193315101,1.576297650395373,1.452035867807123,1.6201139839168504
77,80,KIC8610483_B,0.92,0.02,0.02,1.329,0.009,0.009,5751.0,150.0,150.0,1.7,0.2,0.2,-0.25,0.25,0.25,4.153,0.004,0.004,0.392,0.012,0.012,,MS,,,OzdarcanFeb25,,,,,EB,68.7,0.4,True,True,2.333e-05,8.5e-07,8.5e-07,0.05105,0.00058,0.00058,1.3902297188509813,0.03835378309584924,1.3529570539177063,1.4286093370493866,1.3155537657502774,1.4640238889869546
78,81,KIC8868907_A,1.032,0.005,0.005,1.318,0.002,0.002,5800.0,150.0,150.0,1.8,0.2,0.2,0.0,0.25,0.25,4.2115,0.0009,0.0009,0.4507,0.003,0.003,,MS,,,OzdarcanFeb25,,,,,EB,148.6,0.2,True,True,1.757e-06,1.3e-08,1.3e-08,0.021801,5.3e-05,5.3e-05,1.3280845490313562,0.03578596684604657,1.292137617785334,1.3638141510357251,1.2596055301898834,1.3966032181382044
79,83,KIC9948002_A,1.25,0.03,0.03,1.82,0.01,0.01,6100.0,150.0,150.0,4.2,0.4,0.4,0.0,0.25,0.25,4.015,0.004,0.004,0.2073,0.006,0.006,,MS,,,OzdarcanFeb25,,,,,EB,115.1,0.8,True,True,8.66e-06,2.9e-07,2.9e-07,0.03731,0.00039,0.00039,1.8045965490598057,0.04661624856483776,1.75890388190828,1.8508818384822499,1.7148951916708446,1.8978986081211582
80,84,KIC9948002_B,0.75,0.01,0.01,0.707,0.005,0.005,4734.0,150.0,150.0,0.22,0.03,0.03,0.0,0.25,0.25,4.613,0.004,0.004,2.122,0.053,0.053,,MS,,,OzdarcanFeb25,,,,,EB,115.1,0.8,True,True,1.145e-06,4.4e-08,4.4e-08,0.0183,0.00022,0.00022,0.7566922105219878,0.028843348206059643,0.7310797640878545,0.7836009612605942,0.7076511555488422,0.8234903110391817
81,85,TIC17303250_A,0.714,0.004,0.004,0.768,0.004,0.004,5135.0,80.0,80.0,0.369,0.023,0.023,-0.04,0.15,0.15,4.38,0.28,0.28,1.576,0.026,0.026,,MS,K1,,Pan25,,,,,EB,17.46,0.03,True,True,0.0002688,4.7e-06,4.7e-06,0.11541,0.00067,0.00067,1.1328029497678844,0.1493633626907147,1.0172743573041336,1.247420780928118,0.9183945331262895,1.364974520720128
82,86,TIC17303250_B,0.696,0.004,0.004,0.752,0.004,0.004,5070.0,135.0,135.0,0.337,0.036,0.036,-0.06,0.15,0.15,4.46,0.28,0.28,1.637,0.028,0.028,,MS,K2,,Pan25,,,,,EB,17.46,0.03,True,True,0.0002628,4.7e-06,4.7e-06,0.11433,0.00067,0.00067,1.1098329774171436,0.14029334318339068,0.9992111239444428,1.2208678984286683,0.9012995387257311,1.340980806178562
83,87,TIC196817076_A,0.989,0.001,0.001,0.788,0.005,0.005,5285.0,150.0,150.0,0.436,0.05,0.05,-0.05,0.15,0.15,4.28,0.27,0.27,2.021,0.039,0.039,,MS,K0,,Pan25,,,,,EB,30.15,0.15,True,True,4.96e-05,1.3e-06,1.3e-06,0.06609,0.00057,0.00057,1.1220335820561917,0.19095543825380645,1.0159742034278938,1.2325248934566624,0.9192208935420084,1.359295468526971
84,88,TIC196817076_B,0.818,0.011,0.011,0.762,0.005,0.005,5200.0,155.0,155.0,0.382,0.046,0.046,0.02,0.13,0.13,4.14,0.39,0.39,1.849,0.044,0.044,,MS,K1,,Pan25,,,,,EB,30.15,0.15,True,True,6.07e-05,1.6e-06,1.6e-06,0.0697,0.00062,0.00062,1.1361767534209084,0.1710830118504723,1.0223535695019583,1.2465005404312377,0.919265184425772,1.3843344427875808
85,89,TIC219488423_A,0.565,0.016,0.016,0.564,0.007,0.007,4870.0,90.0,90.0,0.161,0.013,0.013,-0.55,0.12,0.12,4.55,0.15,0.15,3.15,0.15,0.15,,MS,K3,,Pan25,,,,,EB,25.95,0.13,True,True,3.26e-05,1.7e-06,1.7e-06,0.05712,0.00093,0.00093,0.9998383018974286,0.0951439199146479,0.9070744446696899,1.0920511452940431,0.8270737711154033,1.2031144602829074
86,90,TIC219488423_B,0.555,0.016,0.016,0.564,0.006,0.006,4680.0,120.0,120.0,0.137,0.014,0.014,-0.54,0.13,0.13,4.6,0.18,0.18,3.09,0.13,0.13,,MS,K4,,Pan25,,,,,EB,25.95,0.13,True,True,3.36e-05,1.6e-06,1.6e-06,0.05759,0.00086,0.00086,1.017269347076716,0.10374938115053979,0.9124718185801195,1.1195301139445952,0.8325030914780469,1.235159821501841
87,91,TIC252991035_A,0.736,0.009,0.009,0.741,0.005,0.005,5540.0,140.0,140.0,0.466,0.048,0.048,-0.21,0.15,0.15,4.3,0.13,0.13,1.809,0.043,0.043,,MS,G8,,Pan25,,,,,EB,17.54,0.06,True,True,0.0002398,6.4e-06,6.4e-06,0.11107,0.00095,0.00095,1.0995904969960357,0.09650687304794765,1.0056502873504514,1.1924808101862532,0.9153742217972552,1.2921957382372404
88,92,TIC252991035_B,0.724,0.009,0.009,0.688,0.005,0.005,5370.0,130.0,130.0,0.355,0.035,0.035,-0.2,0.14,0.14,4.44,0.12,0.12,2.223,0.056,0.056,,MS,G9,,Pan25,,,,,EB,17.54,0.06,True,True,0.0001971,5.5e-06,5.5e-06,0.10391,0.00093,0.00093,1.03755845228813,0.0904564653308448,0.9485064046056007,1.1296171666357535,0.864525996888284,1.2223732209020517
89,93,TIC344753509_A,0.743,0.005,0.005,0.729,0.006,0.006,5520.0,120.0,120.0,0.445,0.039,0.039,-0.11,0.12,0.12,4.39,0.09,0.09,1.918,0.049,0.049,,MS,G8,,Pan25,,,,,EB,18.49,0.04,True,True,0.0001975,5.3e-06,5.3e-06,0.10405,0.00091,0.00091,1.0536588891069951,0.08210580228979042,0.9701055812176346,1.1364573742908834,0.898133437855097,1.2134493342870385
90,94,TIC344753509_B,0.743,0.005,0.005,0.756,0.005,0.005,5175.0,155.0,155.0,0.369,0.045,0.045,-0.1,0.1,0.1,4.49,0.12,0.12,1.72,0.036,0.036,,MS,K2,,Pan25,,,,,EB,18.49,0.04,True,True,0.0002203,4.9e-06,4.9e-06,0.1079,0.00079,0.00079,1.0270207843271137,0.09063956479947315,0.9378662328885361,1.1142211646586195,0.8622437685576335,1.209882964333853
91,95,TIC72696540_A,1.267,0.011,0.011,2.365,0.043,0.043,5965.0,120.0,120.0,6.38,0.56,0.56,0.04,0.1,0.1,4.21,0.12,0.12,0.0958,0.0053,0.0053,,Subgiant,F9,,Pan25,,,,,EB,23.07,0.05,True,True,0.0035,0.0002,0.0002,0.2712,0.005,0.005,1.863684842180098,0.2210321662522007,1.725941759562821,2.0078574190991945,1.5874205784575794,2.146868852940679
92,96,TIC72696540_B,1.281,0.011,0.011,2.517,0.035,0.035,5230.0,150.0,150.0,4.27,0.5,0.5,0.03,0.13,0.13,3.9,0.4,0.4,0.0803,0.0034,0.0034,,Subgiant,K0,,Pan25,,,,,EB,23.07,0.05,True,True,0.00415,0.00018,0.00018,0.2872,0.0041,0.0041,1.7712627316112275,0.1792664204677492,1.5999613876829708,1.943452789695461,1.4430964161485913,2.110270126053353
109,113,KIC6147573_A,0.98,0.01,0.01,1.007,0.005,0.005,5699.0,100.0,100.0,0.95,0.12,0.1,-0.003,0.031,0.031,4.422,0.003,0.003,0.96,0.017,0.017,,MS,G3,,Ozdarcan24,,,,,EB,46.0,0.2,True,True,3.381e-05,7.7e-07,7.7e-07,0.05777,0.00043,0.00043,0.9816823244817511,0.01735453538454761,0.964654943043416,0.9988275878260282,0.948017889930235,1.0170442916641294
111,115,KIC8543278_A,0.827,0.007,0.007,0.746,0.004,0.004,5270.0,90.0,90.0,0.39,0.05,0.04,-0.166,0.028,0.028,4.611,0.004,0.004,1.992,0.036,0.036,,MS,K0,,Ozdarcan24,,,,,EB,18.64,0.05,True,True,0.0001812,3.7e-06,3.7e-06,0.10172,0.00068,0.00068,0.7436771419314396,0.01592853998633667,0.7283790333207987,0.7589075063638618,0.7116815733365446,0.7754472186886046
113,117,KIC9762519_A,0.92,0.02,0.02,0.916,0.008,0.008,5750.0,90.0,90.0,0.83,0.1,0.09,-0.447,0.028,0.028,4.48,0.005,0.005,1.197,0.041,0.041,,MS,G7,,Ozdarcan24,,,,,EB,18.9,0.1,True,True,0.000294,1.2e-05,1.2e-05,0.1199,0.0015,0.0015,0.8498368878037625,0.018176814226111074,0.8315097973051886,0.8675551454502024,0.8128143139656254,0.884163258385953
167,171,KIC4932691_A,1.597,0.024,0.024,1.75,0.01,0.01,7580.0,450.0,450.0,9.12,0.77,0.71,-0.4937,0.0108,0.0108,4.155,0.003,0.003,0.298,0.0068,0.0068,,MS,,,CakirliApr25,,,,,EB,43.0,0.21,True,True,0.0002138,6.2e-06,6.2e-06,0.10691,0.00098,0.00098,1.7323533848429604,0.05254292384078706,1.6806155424156481,1.783180904428999,1.630379868969876,1.8426775384809448
168,172,KIC4932691_B,1.565,0.027,0.027,1.652,0.009,0.009,6935.0,1200.0,1200.0,7.21,1.05,0.92,-0.4937,0.0108,0.0108,4.196,0.004,0.004,0.3471,0.0082,0.0082,,MS,,,CakirliApr25,,,,,EB,43.0,0.21,True,True,0.0001858,5.3e-06,5.3e-06,0.10186,0.00092,0.00092,1.5280233465322715,0.061520695726519435,1.4690071853348565,1.5866057947547407,1.4088966777908607,1.6506739541074318
195,199,HAT-TR-318-007_A,0.448,0.011,0.011,0.4548,0.0035,0.0036,3190.0,110.0,110.0,0.02,0.0,0.0,0.298,0.08,0.08,4.774,0.0056,0.0058,4.76,0.16,0.16,,MS,"M3,71+/-0,69",,Hartman18,,,,,EB,8.436,0.06,True,True,0.000346,1.3e-05,1.3e-05,0.1275,0.0016,0.0016,0.6748560131784569,0.06274444237714731,0.6136590421873778,0.731006079190652,0.5398683809834247,0.7993394883653212
196,200,HAT-TR-318-007_B,0.2721,0.0041,0.0042,0.2913,0.0023,0.0024,3100.0,110.0,110.0,0.01,0.0,0.0,0.298,0.08,0.08,4.9442,0.0038,0.0039,11.01,0.31,0.32,,MS,"M5,01+/-0,73",,Hartman18,,,,,EB,8.436,0.06,True,True,0.0002013,8.2e-06,8.2e-06,0.1026,0.0013,0.0013,0.6184234078277834,0.07988849346801422,0.536333939534972,0.6938757088814168,0.4449187374935946,0.7603796256794022
197,201,"PTFEB132,707+19,810_A",0.3953,0.002,0.002,0.363,0.008,0.008,3260.0,70.0,70.0,0.01,0.0,0.0,0.14,0.04,0.04,4.92,0.02,0.02,8.26,0.55,0.55,,MS,"M3,5±0,2",,Kraus17,,,,,EB,11.77,0.01,True,True,5.91e-05,3.9e-06,3.9e-06,0.0709,0.0016,0.0016,0.6316631524133122,0.07754974111634835,0.5546543309650604,0.7001830972268238,0.46289736491096545,0.7676375622750465
198,202,"PTFEB132,707+19,810_B",0.2098,0.0014,0.0014,0.272,0.012,0.012,3120.0,80.0,80.0,0.01,0.0,0.0,0.14,0.04,0.04,4.89,0.04,0.04,10.4,1.4,1.4,,MS,"M4,3±0,7",,Kraus17,,,,,EB,11.77,0.01,True,True,6.79e-05,9e-06,9e-06,0.071,0.0031,0.0031,0.691948431023698,0.06669813969839561,0.6283908241471433,0.7505391312099852,0.5510063591812232,0.821558525702721
205,211,HD24465_A,1.337,0.008,0.008,1.444,0.004,0.004,6250.0,100.0,100.0,2.87,0.18,0.18,0.3,0.15,0.15,4.245,0.0036,0.0036,0.444,0.0045,0.0045,,MS,F8,,MartinDec24,,,,,EB,18.3,0.04,True,True,0.0005348,5.9e-06,5.9e-06,0.14789,0.00055,0.00055,1.4116370337887494,0.030442756569761045,1.381417516816179,1.440047365145997,1.354610158695453,1.474035274657542
206,212,HD24465_B,0.2302,0.00092,0.00092,0.24235,0.00069,0.00069,3114.0,32.0,32.0,0.00498,0.00021,0.00021,0.3,0.15,0.15,5.029,0.007,0.007,16.17,0.15,0.15,,MS,M,,MartinDec24,,,,,EB,18.3,0.04,True,True,3.628e-05,4.6e-07,4.6e-07,0.05484,0.00023,0.00023,0.6043431974959643,0.10268197778965596,0.5047347336306556,0.6955883718229641,0.38015726648559955,0.7876386504387117
207,213,CU_Cnc_A,0.4358,0.0008,0.0008,0.4317,0.0052,0.0052,3160.0,150.0,150.0,0.02,0.0,0.0,0.2,0.2,0.2,4.804,0.011,0.011,5.42,0.2,0.2,,MS,M,,Hahlin24,,,,,EB,7.8,0.007,True,True,0.00051,1.9e-05,1.9e-05,0.1432,0.0017,0.0017,0.6725660845283858,0.06176593385619308,0.6165202752870784,0.7291503460467179,0.5518376815280358,0.7956060340025128
208,214,CU_Cnc_B,0.3998,0.0014,0.0014,0.3908,0.0094,0.0094,3125.0,150.0,150.0,0.01,0.0,0.0,0.2,0.2,0.2,4.854,0.021,0.021,6.7,0.48,0.48,,MS,M,,Hahlin24,,,,,EB,7.8,0.007,True,True,0.000435,3.1e-05,3.1e-05,0.1349,0.0032,0.0032,0.6687295471286714,0.0616248661740363,0.6108353816508113,0.7256312126361908,0.5450705545258959,0.7949674521613916
214,223,HD22064_A,1.345,0.031,0.031,1.554,0.014,0.014,6763.0,40.0,40.0,4.55,0.06,0.06,-0.1812,0.0058,0.0058,4.184,0.006,0.006,0.358,0.013,0.013,,MS,F2,,Maxted23,,,,,EB,22.9,0.7,True,True,0.000546,5.3e-05,5.3e-05,0.1495,0.0048,0.0048,1.587735504767767,0.01398255622202144,1.5736438534132264,1.6013220888907973,1.5611050524274241,1.616380766571481
215,224,HD22064_B,0.576,0.01,0.01,0.595,0.008,0.008,3700.0,315.0,315.0,0.07,0.0,0.0,-0.1812,0.0058,0.0058,4.65,0.01,0.01,2.73,0.12,0.12,,MS,M,,Maxted23,,,,,EB,22.9,0.7,True,True,0.000117,1.2e-05,1.2e-05,0.0842,0.0029,0.0029,0.7269241996450541,0.024889745018350645,0.7032354078862121,0.74968764839019,0.6761246348366293,0.7709206184962673
275,284,KIC7037405_A,1.17,0.02,0.02,14.0,0.093,0.093,4500.0,80.0,80.0,72.4,5.2,5.2,-0.27,0.1,0.1,2.2131,0.0067,0.0067,0.000426,1.1e-05,1.1e-05,,BL,,,Brogaard18,,,,,EB,193.8,0.89,True,True,0.001165,3.4e-05,3.4e-05,0.1884,0.0017,0.0017,5.100295711054998,0.4404877489546633,4.619517900338406,5.5585370462485,4.342746281790465,5.916973456830354
276,285,KIC7037405_B,1.11,0.011,0.011,1.746,0.014,0.014,6094.0,138.0,148.0,3.79,0.35,0.37,-0.27,0.1,0.1,3.999,0.0071,0.0071,0.2085,0.0054,0.0054,,MS,,,Brogaard18,,,,,EB,193.8,0.89,True,True,2.459e-06,7.9e-08,7.9e-08,0.02407,0.00025,0.00025,1.7558567902887978,0.036374663333642525,1.7197064361060832,1.7916409542390415,1.686641124460404,1.8286037048740116
279,290,KIC8430105_A,1.254,0.014,0.014,7.475,0.032,0.03,4990.0,80.0,80.0,31.2,2.0,2.0,-0.46,0.1,0.1,2.7892,0.0032,0.0034,0.003002,5.1e-05,4.9e-05,,RGB,,,Thomsen22,,,,,EB,85.18,0.26,True,True,0.001566,2.8e-05,2.8e-05,0.2105,0.0012,0.0012,4.242248705776685,0.259008210876826,3.9665863481255843,4.515198215781175,3.790699007219484,4.695401390539859
280,291,KIC8430105_B,0.8134,0.005,0.005,0.7494,0.0042,0.0039,5655.0,80.0,80.0,0.517,0.03,0.03,-0.46,0.1,0.1,4.599,0.0037,0.0041,1.933,0.035,0.032,,MS,,,Thomsen22,,,,,EB,85.18,0.26,True,True,3.146e-06,6.8e-08,6.8e-08,0.02572,0.00018,0.00018,0.7590147979028475,0.019175697291005885,0.7407418850908621,0.7769766246962901,0.7178072708608683,0.7957961676145653
281,292,KIC8552540_A,1.153,0.036,0.036,1.41,0.022,0.022,6060.0,200.0,200.0,2.4,0.33,0.33,0.038,0.009,0.009,4.202,0.012,0.012,0.411,0.023,0.023,,MS,F9,,Helminiak19,,,,,EB,5.619,0.054,True,False,0.044,0.0028,0.0028,0.635,0.013,0.013,1.4087065072978067,0.03222768951514798,1.3763795946145807,1.4410434097882012,1.3451042194690181,1.4719553213255627
285,296,KIC9641031_A,1.2102,0.0076,0.0076,1.244,0.0023,0.0023,6260.0,120.0,120.0,2.14,0.18,0.17,-0.437,0.012,0.012,4.331,0.016,0.016,0.6286,0.0053,0.0053,,MS,,,Helminiak19,,,,,EB,9.145,0.016,True,True,0.006724,6.4e-05,6.4e-05,0.3401,0.001,0.001,1.1499374325580263,0.030341241741715253,1.1196216328817787,1.1799177532859526,1.0904571714098128,1.2098954245092435
286,297,KIC9641031_B,0.9512,0.0039,0.0039,0.9,0.024,0.024,5490.0,240.0,240.0,0.66,0.13,0.11,-0.437,0.012,0.012,4.508,0.023,0.023,1.3,0.1,0.1,,MS,,,Helminiak19,,,,,EB,9.145,0.016,True,True,0.00374,0.0003,0.0003,0.2747,0.0074,0.0074,0.8499991796446046,0.03061469451801153,0.8195592397709675,0.8800384339522223,0.7922640083605544,0.912594167130125
287,298,KIC10191056_Aa,1.564,0.012,0.012,1.976,0.022,0.022,6584.3,155.3,155.3,6.61,0.64,0.64,0.122,0.007,0.007,4.041,0.009,0.009,0.2027,0.0069,0.0069,,MS,,,Helminiak19,,,,,EB,10.938,0.033,True,True,0.01753,0.00064,0.00064,0.4659,0.0056,0.0056,1.965178240202742,0.039876958603960545,1.9256227974244533,2.0043647574854826,1.8880001213584734,2.0461847365034793
288,299,KIC10191056_Ab,1.413,0.016,0.016,1.659,0.03,0.03,6584.3,155.3,155.3,4.66,0.47,0.47,0.122,0.007,0.007,4.149,0.016,0.016,0.309,0.017,0.017,,MS,,,Helminiak19,,,,,EB,10.938,0.033,True,True,0.01221,0.00069,0.00069,0.4097,0.0076,0.0076,1.6782643962787742,0.03972378374019298,1.6381649120021344,1.718189107932091,1.6024447449336094,1.7573876512266342
289,300,KIC10583181_A,1.559,0.036,0.036,1.882,0.014,0.014,6730.0,140.0,140.0,6.67,0.57,0.57,-0.23,0.007,0.007,4.082,0.005,0.005,0.2339,0.0075,0.0075,,MS,,,Helminiak19,,,,,EB,11.095,0.075,True,True,0.0109,0.0004,0.0004,0.4024,0.0047,0.0047,1.7989679233896727,0.03360227300672296,1.7655145115314437,1.8320362746543597,1.7338787256943624,1.8655117789199371
290,301,KIC10583181_B,0.96,0.016,0.016,0.98,0.01,0.01,5754.7,127.2,127.2,0.949,0.086,0.086,-0.23,0.007,0.007,4.438,0.007,0.007,1.02,0.036,0.036,,MS,,,Helminiak19,,,,,EB,11.095,0.075,True,True,0.00333,0.00015,0.00015,0.2615,0.0037,0.0037,0.9339532877419844,0.02117529282778194,0.9140190777840329,0.9547537910901742,0.8911117501480071,0.9756083428739467
291,302,KIC10987439_A,0.9862,0.0034,0.0034,0.932,0.015,0.015,6477.8,161.7,161.7,1.38,0.14,0.14,-0.158,0.012,0.012,4.493,0.014,0.014,1.218,0.059,0.059,,MS,,,Helminiak19,,,,,EB,27.352,0.029,True,True,0.0001725,8.4e-06,8.4e-06,0.098,0.0016,0.0016,0.9791705856245054,0.03266752487048572,0.9468579473570663,1.0114959836266553,0.9172422979129587,1.0430559353620033
292,303,KIC10987439_B,1.4215,0.0045,0.0045,1.512,0.031,0.031,6490.0,90.0,90.0,3.55,0.25,0.25,-0.158,0.012,0.012,4.232,0.018,0.018,0.411,0.025,0.025,,MS,,,Helminiak19,,,,,EB,27.352,0.029,True,True,0.000411,2.5e-05,2.5e-05,0.1345,0.0028,0.0028,1.43327111404227,0.031058620461713565,1.4022174837060906,1.464309009404338,1.372660360897164,1.4936318512476516
293,304,KIC11922782_A,1.067,0.01,0.01,1.501,0.057,0.057,5990.0,110.0,110.0,2.61,0.27,0.27,-0.223,0.012,0.012,4.114,0.033,0.033,0.316,0.036,0.036,,MS,,,Helminiak19,,,,,EB,12.056,0.034,True,True,0.00514,0.00059,0.00059,0.311,0.012,0.012,1.4718343161861829,0.051089449238324446,1.4209377053335728,1.521570000791296,1.3739013524027732,1.5706269930367707
294,305,KIC11922782_B,0.836,0.006,0.006,0.849,0.063,0.063,5862.8,122.6,122.6,0.77,0.13,0.13,-0.223,0.012,0.012,4.503,0.064,0.064,1.37,0.3,0.3,,MS,,,Helminiak19,,,,,EB,12.056,0.034,True,True,0.00137,0.00031,0.00031,0.197,0.015,0.015,0.9574933206459382,0.06391087036719033,0.8932532920764171,1.021054031573292,0.8394703742716967,1.0881513343241764
7270,7281,KIC5359678_A,1.32,0.06,0.06,1.52,0.04,0.04,6500.0,50.0,50.0,3.72,0.56,0.49,-0.104,0.046,0.046,4.2,0.079,0.079,0.376,0.034,0.034,,MS,F,,Xiong23,,,,,EB,19.19,0.16,True,True,0.00141,0.00013,0.00013,0.2014,0.0059,0.0059,1.5197710620318472,0.12585311143812536,1.4255370812078896,1.614466898224754,1.3430806821098484,1.7119640333028292
7271,7282,KIC5359678_B,1.12,0.0,0.0,1.05,0.05,0.05,5980.0,22.0,22.0,1.27,0.31,0.25,-0.104,0.046,0.046,4.544,0.07,0.07,0.97,0.14,0.14,,MS,F,,Xiong23,,,,,EB,19.19,0.16,True,True,0.000603,9e-05,9e-05,0.15,0.0074,0.0074,0.9945741685816896,0.0807086051476997,0.9225076979462296,1.0683555961044686,0.860162834551929,1.1439422039259368
7272,7283,KIC8301013_A,1.29,0.02,0.02,1.45,0.01,0.01,6144.0,100.0,100.0,2.7,0.44,0.38,-0.019,0.035,0.035,4.22,0.01,0.01,0.423,0.011,0.011,,MS,F,,Xiong23,,,,,EB,15.2,0.1,True,True,0.00249,0.00012,0.00012,0.2434,0.0035,0.0035,1.3958849258585462,0.027272073495767556,1.3679566678953756,1.422761867888987,1.3424010625955234,1.4497906749112397
7273,7284,KIC8301013_B,1.11,0.05,0.05,1.2,0.01,0.01,5966.0,97.0,97.0,1.64,0.27,0.24,-0.019,0.035,0.035,4.33,0.02,0.02,0.642,0.033,0.033,,MS,F,,Xiong23,,,,,EB,15.2,0.1,True,True,0.001792,9.1e-05,9.1e-05,0.2157,0.0033,0.0033,1.1704503281996672,0.03305874330731683,1.1372065711305768,1.2024662617587747,1.1070376747311848,1.2376250986124875
7274,7285,KIC5444392_A,1.208,0.003,0.003,1.482,0.106,0.106,6012.74,23.74,23.74,2.59,1.02,0.73,0.142,0.014,0.014,4.105,0.022,0.022,0.371,0.08,0.08,,MS,,,Xiong23,,,,,EB,7.55,0.1,True,False,0.0256,0.0056,0.0056,0.525,0.038,0.038,1.6245401675858815,0.05278355247051053,1.5715347789107443,1.6760208964244965,1.523774137182273,1.7299032745340193
7275,7286,KIC5444392_B,1.281,0.003,0.003,1.905,0.083,0.083,5767.75,21.55,21.55,3.62,0.81,0.66,0.142,0.014,0.014,3.985,0.051,0.051,0.185,0.024,0.024,,MS,,,Xiong23,,,,,EB,7.55,0.1,True,False,0.0494,0.0068,0.0068,0.657,0.03,0.03,1.8055677216317405,0.09663443673215882,1.7086353389290907,1.9026601274571846,1.615115002455263,1.9934606795304217
7276,7287,EPIC201637354_A,1.065,0.031,0.031,1.24,0.101,0.101,5940.85,32.41,32.41,1.73,0.79,0.54,-0.303,0.031,0.031,4.157,0.053,0.053,0.56,0.14,0.14,,MS,,,Xiong23,,,,,EB,12.14,0.085,True,False,0.00334,0.00083,0.00083,0.267,0.022,0.022,1.3388896978090477,0.07975328878886631,1.2606989450999952,1.417682981567654,1.1856787648415104,1.4975783761849815
7277,7288,EPIC201637354_B,1.027,0.031,0.031,2.824,0.266,0.266,4482.1,131.76,131.76,2.9,1.94,1.16,-0.303,0.031,0.031,3.547,0.08,0.08,0.046,0.013,0.013,,MS,,,Xiong23,,,,,EB,12.14,0.085,True,False,0.042,0.012,0.012,0.619,0.059,0.059,2.1033990937387395,0.16420717185888115,1.9414957977342173,2.26880599573525,1.7810217551482252,2.4177336493905557
7278,7295,EPIC211396167_A,0.746,0.011,0.011,0.661,0.083,0.083,4697.68,43.23,43.23,0.19,0.15,0.08,-0.224,0.17,0.17,4.13,0.2,0.2,2.58,0.97,0.97,,MS,,,Xiong23,,,,,EB,13.036,0.045,True,True,0.00042,0.00016,0.00016,0.134,0.017,0.017,1.198384634661375,0.3319499161387288,1.063508678564172,1.3250352361284004,0.9572359985075698,1.4643380057582975
7279,7296,EPIC211396167_B,0.756,0.011,0.011,0.873,0.173,0.173,4658.78,123.6,123.6,0.32,0.51,0.2,-0.224,0.17,0.17,4.434,0.26,0.26,1.14,0.68,0.68,,MS,,,Xiong23,,,,,EB,13.036,0.045,True,True,0.00096,0.00057,0.00057,0.176,0.035,0.035,1.1311520336143985,0.13138475718823656,1.000275748446733,1.2622715899501062,0.8909108259318584,1.4096692191948066
7280,7297,EPIC211563123_A,1.148,0.009,0.009,2.081,0.105,0.105,5971.97,10.79,10.79,4.97,1.3,1.03,-0.234,0.01,0.01,3.8,0.04,0.04,0.127,0.019,0.019,,MS,,,Xiong23,,,,,EB,37.217,0.069,True,True,0.000567,8.6e-05,8.6e-05,0.1478,0.0075,0.0075,2.154711303802173,0.09292865612445886,2.063683760184478,2.2470692244063533,1.9721025283158422,2.336285648280802
7281,7298,EPIC211563123_B,1.157,0.009,0.009,2.15,0.161,0.161,5665.94,84.29,84.29,4.3,1.93,1.33,-0.234,0.01,0.01,3.836,0.078,0.078,0.116,0.026,0.026,,MS,,,Xiong23,,,,,EB,37.217,0.069,True,True,0.00062,0.00014,0.00014,0.152,0.011,0.011,1.9173979423164256,0.15861138946132633,1.7583866987029966,2.0751511203159376,1.6129230388170068,2.23372471069011
7282,7301,EPIC211902535_A,1.922,0.064,0.064,2.097,0.252,0.252,5808.92,21.47,21.47,4.52,3.35,1.92,0.1,0.02,0.02,3.935,0.035,0.035,0.208,0.075,0.075,,MS,,,Xiong23,,,,,EB,31.41,0.22,True,True,0.00115,0.00042,0.00042,0.185,0.022,0.022,1.991059059944423,0.09416651296009179,1.9008626405489668,2.0841034149324518,1.8041831843315599,2.180890023961626
7283,7302,EPIC211902535_B,2.398,0.064,0.064,2.792,0.214,0.214,5950.8,152.67,152.67,8.81,4.65,3.04,0.1,0.02,0.02,3.926,0.098,0.098,0.11,0.026,0.026,,MS,,,Xiong23,,,,,EB,31.41,0.22,True,True,0.0019,0.00044,0.00044,0.223,0.017,0.017,2.0380945818554466,0.20773532272437834,1.833044870089532,2.2446310918474013,1.6357411390355592,2.446837330986892
7284,7305,NSVS_6318847_A,1.079,0.026,0.026,1.324,0.031,0.031,6005.93,25.97,25.97,2.06,0.25,0.22,-0.14,0.024,0.024,4.223,0.043,0.043,0.465,0.035,0.035,,MS,,,Xiong23,,,,,EB,4.893,0.031,True,False,0.054,0.0042,0.0042,0.681,0.017,0.017,1.3132933654555958,0.055814837425276466,1.2575474884083362,1.3686267646155363,1.2081032688966722,1.423434240138393
7285,7306,NSVS_6318847_B,0.871,0.026,0.026,0.921,0.061,0.061,5139.65,43.58,43.58,0.53,0.2,0.14,-0.14,0.024,0.024,4.449,0.087,0.087,1.11,0.22,0.22,,MS,,,Xiong23,,,,,EB,4.893,0.031,True,False,0.0256,0.0052,0.0052,0.522,0.035,0.035,1.0004711903076546,0.08338893765685339,0.9173292645033001,1.0836187212698583,0.848629775621591,1.1613695152499406
7286,7307,UCAC4_473-001351_A,1.105,0.023,0.023,1.46,0.186,0.186,5897.59,25.76,25.76,2.32,1.86,1.03,0.079,0.024,0.024,4.173,0.043,0.043,0.36,0.14,0.14,,MS,,,Xiong23,,,,,EB,25.18,0.13,True,True,0.00055,0.00021,0.00021,0.147,0.019,0.019,1.458978206201119,0.0882155463676475,1.372457754765197,1.5467425752236323,1.2937951734755353,1.635270437196379
7287,7308,UCAC4_473-001351_B,0.932,0.023,0.023,1.882,0.239,0.239,6119.73,295.09,295.09,4.48,4.86,2.33,0.079,0.024,0.024,3.857,0.126,0.126,0.14,0.053,0.053,,MS,,,Xiong23,,,,,EB,25.18,0.13,True,True,0.00155,0.00059,0.00059,0.205,0.026,0.026,2.0597211576939487,0.26878452562618377,1.8069261410157165,2.3079083879286726,1.5745328853617044,2.5737908990290763
7288,7309,EPIC220398184_A,0.444,0.011,0.011,0.517,0.026,0.026,3631.17,89.92,89.92,0.04,0.02,0.01,-0.498,0.107,0.107,4.656,0.149,0.149,3.21,0.49,0.49,,MS,,,Xiong23,,,,,EB,7.803,0.046,True,True,0.00092,0.00014,0.00014,0.1739,0.0089,0.0089,1.0778821856986218,0.13144034186420558,0.9509443265742433,1.2115366881528034,0.848843981255539,1.3647077224661843
7289,7310,EPIC220398184_B,0.433,0.011,0.011,0.488,0.041,0.041,3637.21,19.92,19.92,0.04,0.02,0.01,-0.498,0.107,0.107,4.687,0.11,0.11,3.73,0.94,0.94,,MS,,,Xiong23,,,,,EB,7.803,0.046,True,True,0.0008,0.0002,0.0002,0.166,0.014,0.014,1.016479919843582,0.1252538133562055,0.8973678223553695,1.1382801815149932,0.795808401734815,1.2906348684105537
7290,7311,TYC_18-662-1_A,0.959,0.014,0.014,1.694,0.009,0.009,5562.42,22.66,22.66,2.48,0.11,0.11,0.045,0.019,0.019,3.987,0.036,0.036,0.1973,0.0043,0.0043,,MS,,,Xiong23,,,,,EB,9.27,0.03,True,False,0.02146,0.00053,0.00053,0.4944,0.0038,0.0038,1.6706770428507896,0.06243366201110479,1.6086189908742348,1.7316095427791363,1.5468539817432971,1.7939960302622442
7291,7312,TYC_18-662-1_B,1.068,0.014,0.014,2.997,0.057,0.057,3874.73,16.86,16.86,1.82,0.19,0.17,0.045,0.019,0.019,3.513,0.015,0.015,0.0397,0.0023,0.0023,,MS,,,Xiong23,,,,,EB,9.27,0.03,True,False,0.1,0.006,0.006,0.833,0.016,0.016,2.360097589498316,0.1337567151451548,2.296676346591362,2.43035384928991,2.2190555795635722,2.490314992301247
7292,7313,"ASASSN-V_J010440,99+051109,8_A",0.811,0.002,0.002,0.737,0.071,0.071,5212.25,31.08,31.08,0.36,0.2,0.13,-0.074,0.029,0.029,4.658,0.051,0.051,2.03,0.59,0.59,,MS,,,Xiong23,,,,,EB,19.17,0.011,True,True,0.00019,5.5e-05,5.5e-05,0.1025,0.0099,0.0099,0.7907835791587935,0.03623147741406331,0.7568712271465834,0.8263282526273228,0.7286071808631237,0.8711133687911251
7293,7314,"ASASSN-V_J010440,99+051109,8_B",0.847,0.002,0.002,1.082,0.059,0.059,4881.07,55.75,55.75,0.6,0.19,0.14,-0.074,0.029,0.029,4.297,0.068,0.068,0.67,0.11,0.11,,MS,,,Xiong23,,,,,EB,19.17,0.011,True,True,0.00056,9.2e-05,9.2e-05,0.1475,0.008,0.008,1.0941799964446741,0.08958014934714534,1.0105004391719397,1.1773866849520995,0.9387312756889858,1.262031920892196
7294,7317,TYC_3700-1036-1_A,1.989,0.026,0.026,3.908,0.436,0.436,7326.09,20.39,20.39,39.63,26.59,15.91,0.177,0.019,0.019,3.832,0.034,0.034,0.033,0.011,0.011,,MS,,,Xiong23,,,,,EB,18.544,0.056,True,False,0.031,0.01,0.01,0.562,0.063,0.063,2.6959013237882266,0.10542983988962357,2.5898922222135745,2.7994115243532796,2.4890595433542293,2.8928351220781603
7295,7318,TYC_3700-1036-1_B,2.078,0.026,0.026,3.156,0.417,0.417,7191.09,227.7,227.7,23.99,23.11,11.77,0.177,0.019,0.019,3.757,0.151,0.151,0.066,0.026,0.026,,MS,,,Xiong23,,,,,EB,18.544,0.056,True,False,0.0153,0.0061,0.0061,0.445,0.059,0.059,2.5208964552241633,0.2889003678844802,2.2334056776841225,2.8206433766003025,1.9417519287405192,3.0666670519400254
7296,7319,V*_NW_Cam_A,1.141,0.009,0.009,2.128,0.027,0.027,6851.09,74.75,74.75,8.99,1.1,0.98,0.047,0.072,0.072,3.859,0.123,0.123,0.1184,0.0046,0.0046,,MS,,,Xiong23,,,,,EB,5.971,0.012,False,False,0.134,0.0053,0.0053,0.918,0.012,0.012,2.400426787878469,0.18126468783092156,2.216323469184586,2.578785817748497,2.045442400391865,2.760626588020854
7297,7320,V*_NW_Cam_B,1.025,0.009,0.009,1.649,0.051,0.051,6795.18,24.87,24.87,5.22,0.83,0.72,0.047,0.072,0.072,4.014,0.034,0.034,0.229,0.021,0.021,,MS,,,Xiong23,,,,,EB,5.971,0.012,False,False,0.074,0.0069,0.0069,0.747,0.023,0.023,1.9635529058567855,0.07617349414269858,1.8863833880593353,2.038518655410431,1.8227583067303796,2.1178890442770615
7298,7321,"ZTF_J034350,31+515137,1_A",1.061,0.043,0.043,1.487,0.154,0.154,5901.86,73.94,73.94,2.42,1.53,0.94,0.026,0.055,0.055,4.323,0.093,0.093,0.32,0.1,0.1,,MS,,,Xiong23,,,,,EB,9.015,0.094,True,True,0.0126,0.004,0.004,0.419,0.044,0.044,1.2883119980572377,0.16255219443839458,1.1594816691583558,1.4152604669785405,1.042102561870371,1.557396022999975
7299,7322,"ZTF_J034350,31+515137,1_B",0.893,0.043,0.043,1.721,0.292,0.292,5284.07,132.16,132.16,2.08,2.62,1.16,0.026,0.055,0.055,3.917,0.171,0.171,0.175,0.09,0.09,,MS,,,Xiong23,,,,,EB,9.015,0.094,True,True,0.026,0.013,0.013,0.524,0.089,0.089,1.5371376818259268,0.33962462597100096,1.3038361091699677,1.761290116128042,1.0998665073222993,1.9842034841395382
7300,7323,UCAC4_576-009710_A,1.265,0.009,0.009,1.131,0.161,0.161,6164.53,14.12,14.12,1.67,1.55,0.8,-0.087,0.013,0.013,4.272,0.023,0.023,0.87,0.37,0.37,,MS,,,Xiong23,,,,,EB,11.81,0.02,True,True,0.0028,0.0012,0.0012,0.251,0.036,0.036,1.2836615295251896,0.04626312295252571,1.238137367929942,1.3293759304842745,1.1912115379273398,1.3747780042502795
7301,7324,UCAC4_576-009710_B,1.233,0.009,0.009,2.0,0.139,0.139,5132.08,274.89,274.89,2.5,2.0,1.11,-0.087,0.013,0.013,3.924,0.077,0.077,0.154,0.032,0.032,,MS,,,Xiong23,,,,,EB,11.81,0.02,True,True,0.016,0.0033,0.0033,0.45,0.031,0.031,1.7413474244851745,0.24720122839780653,1.588240828134563,1.89593349496543,1.4566216883034195,2.066197321359976
7302,7325,V*_NO_Per_A,3.348,0.092,0.092,3.986,0.322,0.322,14293.94,500.0,500.0,598.41,381.08,232.82,0.0,0.0,0.0,3.76,0.1,0.1,0.053,0.013,0.013,,MS,,,Xiong23,,,,,EB,24.31,0.18,True,True,0.0117,0.0029,0.0029,0.409,0.033,0.033,2.906326465518888,0.5177847729921765,2.6757789274988366,3.133899433950425,2.4063712687940804,3.3572844875786987
7303,7326,V*_NO_Per_B,2.601,0.092,0.092,2.158,0.618,0.618,12168.73,1095.0,1095.0,92.04,344.47,72.64,0.0,0.0,0.0,4.184,0.443,0.443,0.26,0.22,0.22,,MS,,,Xiong23,,,,,EB,24.31,0.18,True,True,0.0028,0.0024,0.0024,0.248,0.071,0.071,1.909708243082459,0.39741348070576166,1.511037252064403,2.311433354111669,1.1920400993678124,2.7099594521952812
7304,7327,V*_V1250_Tau_A,1.238,0.004,0.004,1.914,0.092,0.092,6512.94,20.18,20.18,5.94,1.49,1.19,0.021,0.019,0.019,4.064,0.033,0.033,0.177,0.025,0.025,,MS,,,Xiong23,,,,,EB,9.16,0.007,True,False,0.0294,0.0042,0.0042,0.551,0.027,0.027,1.864581754807422,0.07772601934216827,1.787978527382878,1.9419846695120984,1.7175203637168277,2.0218574116840484
7305,7328,V*_V1250_Tau_B,1.238,0.004,0.004,1.659,0.119,0.119,6503.42,111.53,111.53,4.44,1.96,1.36,0.021,0.019,0.019,4.09,0.088,0.088,0.271,0.058,0.058,,MS,,,Xiong23,,,,,EB,9.16,0.007,True,False,0.0191,0.0041,0.0041,0.478,0.034,0.034,1.7634774128143365,0.1593956086893715,1.6170459287384296,1.9108698068799606,1.487917125439144,2.0603471734944603
7306,7329,UCAC4_571-012856_A,2.061,0.013,0.013,3.631,0.159,0.159,8053.73,69.2,69.2,50.0,12.08,9.73,-0.108,0.038,0.038,3.907,0.058,0.058,0.0431,0.0057,0.0057,,MS,,,Xiong23,,,,,EB,15.97,0.027,True,False,0.0309,0.0041,0.0041,0.566,0.025,0.025,2.6194038895657346,0.1696972124336614,2.4696287750319414,2.768048723855464,2.324201711300567,2.9129010186267035
7307,7330,UCAC4_571-012856_B,1.587,0.013,0.013,1.814,0.101,0.101,7234.18,90.6,90.6,8.13,2.64,1.99,-0.108,0.038,0.038,4.121,0.073,0.073,0.266,0.044,0.044,,MS,,,Xiong23,,,,,EB,15.97,0.027,True,False,0.00585,0.00098,0.00098,0.319,0.018,0.018,1.945302645449448,0.14455158395787224,1.8025587656833462,2.092739333741723,1.6796902891702958,2.250600873080933
7308,7331,HD285001_A,1.324,0.016,0.016,2.399,0.078,0.078,6692.25,14.63,14.63,10.4,1.71,1.47,-0.108,0.013,0.013,3.998,0.024,0.024,0.0959,0.0094,0.0094,,MS,,,Xiong23,,,,,EB,14.957,0.039,True,True,0.0153,0.0015,0.0015,0.441,0.014,0.014,2.0739777354090587,0.06890851198082312,2.0062159437024403,2.1420552687328764,1.9397277559523691,2.207311122470662
7309,7332,HD285001_B,1.573,0.016,0.016,1.699,0.202,0.202,6300.44,79.4,79.4,4.1,3.08,1.76,-0.108,0.013,0.013,4.174,0.162,0.162,0.32,0.11,0.11,,MS,,,Xiong23,,,,,EB,14.957,0.039,True,True,0.0041,0.0015,0.0015,0.288,0.034,0.034,1.6189242006306412,2.944129929790211,1.4034975861101784,1.8115366148141072,1.1857703813033218,2.090763435075762
7310,7333,UCAC4_586-021001_A,7.904,0.081,0.081,3.015,0.347,0.347,23496.27,500.0,500.0,2500.35,1900.0,1080.0,0.244,0.0,0.0,4.028,0.1,0.1,0.288,0.1,0.1,,MS,,,Xiong23,,,,,EB,27.92,0.076,True,True,0.0033,0.0012,0.0012,0.269,0.031,0.031,3.0740623723060403,0.6020129222371609,2.8668780608708593,3.364569228645402,2.0940909878179617,3.6216754550158448
7311,7334,UCAC4_586-021001_B,6.154,0.081,0.081,4.085,0.246,0.246,25690.12,957.88,957.88,6550.0,3640.0,2340.0,0.244,0.0,0.0,4.004,0.103,0.103,0.09,0.016,0.016,,MS,,,Xiong23,,,,,EB,27.92,0.076,True,True,0.0124,0.0022,0.0022,0.409,0.025,0.025,2.404114849867891,0.4576510837401925,2.16500236316007,2.668135210981778,1.8785700301366206,2.9158354472091403
7312,7335,UCAC4_570-022931_A,1.271,0.04,0.04,2.225,0.151,0.151,6436.53,24.81,24.81,7.66,2.84,2.07,0.063,0.023,0.023,4.05,0.041,0.041,0.115,0.024,0.024,,MS,,,Xiong23,,,,,EB,15.9,0.12,True,True,0.0083,0.0017,0.0017,0.363,0.025,0.025,1.9140980728484376,0.10253247667932192,1.8104127056935524,2.0150364017841156,1.7123393716056796,2.1151247897563534
7313,7336,UCAC4_570-022931_B,1.174,0.04,0.04,0.934,0.204,0.204,6672.47,227.47,227.47,1.56,2.92,1.02,0.063,0.023,0.023,4.566,0.344,0.344,1.44,0.95,0.95,,MS,,,Xiong23,,,,,EB,15.9,0.12,True,True,0.0007,0.00046,0.00046,0.158,0.035,0.035,1.4584287047076676,0.3194713006750355,1.2142596298425137,1.6847005738184584,1.0079217752784544,1.9738404253022777
7314,7337,V*_MW_Aur_A,1.412,0.11,0.11,2.279,0.426,0.426,7007.88,68.71,68.71,11.3,15.56,6.54,-0.039,0.036,0.036,4.016,0.057,0.057,0.119,0.068,0.068,,MS,,,Xiong23,,,,,EB,35.85,0.71,True,True,0.00074,0.00042,0.00042,0.162,0.031,0.031,2.0878869809602354,0.14164648853311834,1.9437281928044776,2.2304687439831254,1.8356849436371292,2.3772033529586127
7315,7338,V*_MW_Aur_B,1.215,0.11,0.11,1.475,0.403,0.403,6804.39,384.03,384.03,4.21,12.2,3.13,-0.039,0.036,0.036,4.185,0.343,0.343,0.38,0.31,0.31,,MS,,,Xiong23,,,,,EB,35.85,0.71,True,True,0.00025,0.00021,0.00021,0.112,0.031,0.031,1.7552057953609723,1.0161448797048973,1.4342892392630466,2.124326701320682,1.119925529835977,2.5320116123599488
7316,7339,"ZTF_J060237,37+224648,8_A",1.534,0.015,0.015,1.722,0.092,0.092,7236.39,23.76,23.76,7.33,2.07,1.61,-0.134,0.022,0.022,4.014,0.039,0.039,0.3,0.048,0.048,,MS,,,Xiong23,,,,,EB,8.028,0.02,True,False,0.028,0.0045,0.0045,0.546,0.029,0.029,2.103320804106381,0.09191282534870353,2.010795107345096,2.1943523007876604,1.9292786989960462,2.288029911169394
7317,7340,"ZTF_J060237,37+224648,8_B",1.305,0.015,0.015,0.996,0.111,0.111,6634.1,210.19,210.19,1.73,1.39,0.77,-0.134,0.022,0.022,4.556,0.18,0.18,1.32,0.44,0.44,,MS,,,Xiong23,,,,,EB,8.028,0.02,True,False,0.007,0.0023,0.0023,0.34,0.038,0.038,1.2303715685398493,0.164288055688586,1.079486221772068,1.3790388846041803,0.9335351326524254,1.538951927587372
7318,7341,V*_LO_Gem_A,1.589,0.007,0.007,2.312,0.174,0.174,6474.07,13.87,13.87,8.47,3.52,2.49,0.083,0.012,0.012,3.974,0.023,0.023,0.129,0.029,0.029,,MS,,,Xiong23,,,,,EB,10.544,0.011,True,False,0.0333,0.0075,0.0075,0.576,0.043,0.043,2.099670200848006,0.07289011529558581,2.0265912207732213,2.1715082413980102,1.9546012055323896,2.2427605422651222
7319,7342,V*_LO_Gem_B,1.552,0.007,0.007,1.515,0.236,0.236,5769.75,113.98,113.98,2.29,2.51,1.2,0.083,0.012,0.012,4.267,0.223,0.223,0.45,0.21,0.21,,MS,,,Xiong23,,,,,EB,10.544,0.011,True,False,0.0097,0.0046,0.0046,0.381,0.059,0.059,1.4133927212398931,0.24344322095150683,1.195328540724087,1.635023922269406,0.9884931937782461,1.8826413992040536
7320,7343,TYC_1325-1849-1_A,3.019,0.004,0.004,4.782,0.34,0.34,11289.0,500.0,500.0,334.97,229.97,136.36,-0.275,0.0,0.0,4.28,0.1,0.1,0.0276,0.0059,0.0059,,MS,,,Xiong23,,,,,EB,41.144,0.012,True,True,0.0055,0.0012,0.0012,0.313,0.022,0.022,1.7291321791131213,0.6174173839302983,1.5321321721134373,1.9274665155296111,1.358484914916263,2.13597850956667
7321,7344,TYC_1325-1849-1_B,3.311,0.004,0.004,6.434,0.641,0.641,12765.3,693.58,693.58,990.83,963.51,488.49,-0.275,0.0,0.0,3.341,0.101,0.101,0.0124,0.0037,0.0037,,MS,,,Xiong23,,,,,EB,41.144,0.012,True,True,0.0115,0.0034,0.0034,0.404,0.04,0.04,3.146713000984286,3.69352359272807,3.0190931931356295,3.4450523449325154,2.6633118998758367,3.6807563595031794
7322,7345,UCAC4_624-030041_A,0.614,0.003,0.003,0.573,0.016,0.016,3824.03,67.43,67.43,0.06,0.01,0.01,-0.196,0.044,0.044,4.508,0.07,0.07,3.26,0.27,0.27,,MS,,,Xiong23,,,,,EB,4.073,0.0039,True,False,0.00915,0.00077,0.00077,0.373,0.01,0.01,0.9321985602779476,0.09340776851152759,0.8441841972892336,1.0214648919845934,0.7704120109412562,1.1272755260831413
7323,7346,UCAC4_624-030041_B,0.629,0.002,0.002,0.971,0.017,0.017,3674.99,18.27,18.27,0.15,0.01,0.01,-0.196,0.044,0.044,4.262,0.02,0.02,0.687,0.036,0.036,,MS,,,Xiong23,,,,,EB,4.073,0.0039,True,False,0.0428,0.0023,0.0023,0.626,0.011,0.011,0.987921299472839,0.21511067544324283,0.9144929423931201,1.0722164163868892,0.8394099962402614,1.1705778938550302
7324,7347,LS_V_+23_42_A,3.261,0.014,0.014,2.621,0.078,0.078,13658.64,500.0,500.0,215.77,94.68,65.81,-0.971,0.0,0.0,3.88,0.1,0.1,0.181,0.016,0.016,,MS,,,Xiong23,,,,,EB,11.777,0.013,True,False,0.0303,0.0027,0.0027,0.561,0.017,0.017,2.3964517623127852,0.3211309838501103,2.198104956873688,2.6124202756506727,1.9876657596887655,2.836789856030784
7325,7348,LS_V_+23_42_B,2.667,0.014,0.014,2.299,0.102,0.102,13684.85,317.81,317.81,167.11,57.28,42.66,-0.971,0.0,0.0,4.14,0.067,0.067,0.219,0.029,0.029,,MS,,,Xiong23,,,,,EB,11.777,0.013,True,False,0.0282,0.0038,0.0038,0.54,0.024,0.024,2.3455416561360596,0.18380587552789013,2.1775770794025493,2.5167719710394802,2.0155666506991876,2.689374337682332
7326,7349,UCAC4_550-027392_A,6.407,0.039,0.039,3.662,0.136,0.136,18240.68,500.0,500.0,1339.68,475.84,351.12,0.172,0.0,0.0,3.804,0.1,0.1,0.13,0.015,0.015,,MS,,,Xiong23,,,,,EB,16.262,0.027,True,False,0.0289,0.0032,0.0032,0.554,0.021,0.021,3.1081991685945454,0.42469800219538556,2.8985390841957295,3.368261269050365,2.5026143694462015,3.606766935317004
7327,7350,UCAC4_550-027392_B,4.678,0.039,0.039,2.059,0.215,0.215,17151.0,835.72,835.72,330.37,307.89,159.37,0.172,0.0,0.0,4.48,0.222,0.222,0.54,0.17,0.17,,MS,,,Xiong23,,,,,EB,16.262,0.027,True,False,0.0085,0.0027,0.0027,0.36,0.038,0.038,1.9575088920545125,0.3417862368346831,1.6269662342078106,2.294619677450471,1.344414500308596,2.6513253074706604
7328,7351,UCAC4_545-027987_A,2.036,0.065,0.065,2.788,0.097,0.097,9644.6,81.42,81.42,60.67,11.77,9.86,0.07,0.036,0.036,3.685,0.027,0.027,0.094,0.01,0.01,,MS,,,Xiong23,,,,,EB,13.54,0.1,True,False,0.0284,0.0032,0.0032,0.545,0.02,0.02,3.3885741670247436,0.17119792946593387,3.228278386865534,3.546467603323043,3.0528688372697603,3.6992078313869077
7329,7352,UCAC4_545-027987_B,2.058,0.065,0.065,0.789,0.033,0.033,8919.18,276.57,276.57,3.55,1.46,1.04,0.07,0.036,0.036,4.957,0.048,0.048,4.19,0.54,0.54,,MS,,,Xiong23,,,,,EB,13.54,0.1,True,False,0.000632,8.4e-05,8.4e-05,0.1534,0.0067,0.0067,0.8052530239131438,0.2320587024625677,0.7327601058374648,0.8805437567510872,0.655698059554922,0.9694017486968893
7330,7353,V*_TV_Mon_A,2.024,0.04,0.04,2.357,0.187,0.187,7530.58,135.53,135.53,16.11,7.94,5.32,0.244,0.126,0.126,4.103,0.21,0.21,0.155,0.037,0.037,,MS,,,Xiong23,,,,,EB,14.27,0.12,True,False,0.0041,0.001,0.001,0.287,0.024,0.024,2.386299473390185,0.31553547619231975,2.052022937673875,2.7082269283887386,1.807063994448455,2.9998870026579216
7331,7354,V*_TV_Mon_B,0.21,0.04,0.04,2.869,0.151,0.151,5022.67,106.95,106.95,4.72,1.72,1.26,0.244,0.126,0.126,2.844,0.015,0.015,0.0089,0.0022,0.0022,,MS,,,Xiong23,,,,,EB,14.27,0.12,True,False,0.207,0.051,0.051,0.962,0.074,0.074,4.022649096252023,0.23696664297361394,3.802202095367759,4.246760743243719,3.6124091832936203,4.417446707237447
7332,7355,TYC_1332-131-1_A,1.2,0.014,0.014,2.412,0.21,0.21,6082.8,7.88,7.88,7.18,3.54,2.37,-0.078,0.006,0.006,3.992,0.011,0.011,0.086,0.022,0.022,,MS,,,Xiong23,,,,,EB,12.375,0.033,True,True,0.0256,0.0067,0.0067,0.525,0.046,0.046,1.8901247608439184,0.05418940973384044,1.836787338959231,1.9437579861127006,1.7812049807826613,1.9999230997009414
7333,7356,TYC_1332-131-1_B,1.309,0.014,0.014,1.551,0.159,0.159,6017.11,128.33,128.33,2.84,1.9,1.14,-0.078,0.006,0.006,4.173,0.133,0.133,0.35,0.11,0.11,,MS,,,Xiong23,,,,,EB,12.375,0.033,True,True,0.0059,0.0018,0.0018,0.324,0.033,0.033,1.4645298789734769,0.369571343392723,1.303659507333824,1.6452479036521277,1.1162155754940493,1.8334464294182176
7334,7357,"ASASSN-V_J063123,82+192341,9_A",1.583,0.057,0.057,1.724,0.048,0.048,6418.18,51.45,51.45,4.55,0.72,0.62,-0.258,0.037,0.037,4.185,0.062,0.062,0.309,0.028,0.028,,MS,,,Xiong23,,,,,EB,6.75,0.075,True,False,0.0336,0.0035,0.0035,0.588,0.02,0.02,1.55057647991098,0.09127167245562195,1.4605491704103537,1.640673018785705,1.375802339291465,1.734231497224221
7335,7358,"ASASSN-V_J063123,82+192341,9_B",0.842,0.057,0.057,1.337,0.068,0.068,5227.08,56.71,56.71,1.2,0.35,0.27,-0.258,0.037,0.037,4.111,0.038,0.038,0.352,0.059,0.059,,MS,,,Xiong23,,,,,EB,6.75,0.075,True,False,0.0427,0.0073,0.0073,0.608,0.034,0.034,1.301167194112998,0.06188680167883225,1.2408305229800483,1.3610743314809644,1.1857108468099296,1.4243667144329937
7336,7359,UCAC4_555-031577_A,1.151,0.04,0.04,1.572,0.144,0.144,6546.17,39.09,39.09,4.09,2.17,1.42,-0.384,0.027,0.027,4.124,0.044,0.044,0.296,0.082,0.082,,MS,,,Xiong23,,,,,EB,11.46,0.11,True,True,0.0066,0.0018,0.0018,0.338,0.031,0.031,1.6032357854720372,0.0847711410817968,1.518618425759475,1.686890710392116,1.437981041799943,1.773368860826421
7337,7360,UCAC4_555-031577_B,0.85,0.04,0.04,1.132,0.11,0.11,5736.81,52.19,52.19,1.25,0.72,0.46,-0.384,0.027,0.027,4.259,0.114,0.114,0.59,0.17,0.17,,MS,,,Xiong23,,,,,EB,11.46,0.11,True,True,0.004,0.0012,0.0012,0.28,0.028,0.028,1.1606027955967653,0.11175263937667891,1.0504014572162081,1.2695393055688051,0.9481147589701933,1.3781998687531654
7338,7361,"ASASSN-V_J064057,24+213910,5_A",1.657,0.023,0.023,1.681,0.058,0.058,8477.5,7.25,7.25,13.15,2.26,1.93,-0.604,0.01,0.01,4.05,0.02,0.02,0.349,0.036,0.036,,MS,,,Xiong23,,,,,EB,10.915,0.034,True,True,0.0124,0.0013,0.0013,0.413,0.014,0.014,2.2647716701883787,0.08022921152036672,2.1878332680345567,2.3419876638094848,2.106438510755383,2.4229073687460074
7339,7362,"ASASSN-V_J064057,24+213910,5_B",1.775,0.023,0.023,0.933,0.089,0.089,8718.72,416.29,416.29,4.54,3.91,2.1,-0.604,0.01,0.01,4.747,0.184,0.184,2.19,0.63,0.63,,MS,,,Xiong23,,,,,EB,10.915,0.034,True,True,0.00191,0.00055,0.00055,0.222,0.021,0.021,1.3154694946770573,0.21496767331620592,1.0975664581630533,1.529910284456648,0.9140765591861763,1.744530270453486
7340,7363,"ZTF_J064726,39+223431,6_A",1.407,0.011,0.011,1.501,0.05,0.05,6193.17,39.2,39.2,2.99,0.53,0.45,-0.25,0.11,0.11,4.09,0.08,0.08,0.416,0.042,0.042,,MS,,,Xiong23,,,,,EB,6.616,0.013,True,False,0.0335,0.0034,0.0034,0.579,0.019,0.019,1.5219948813399826,0.13446329709437577,1.4323619725102095,1.6111687467615348,1.3369694925098106,1.7096918803992522
7341,7364,"ZTF_J064726,39+223431,6_B",1.214,0.011,0.011,0.868,0.027,0.027,5654.33,57.49,57.49,0.7,0.13,0.11,-0.25,0.11,0.11,4.644,0.05,0.05,1.86,0.17,0.17,,MS,,,Xiong23,,,,,EB,6.616,0.013,True,False,0.0082,0.00077,0.00077,0.358,0.011,0.011,0.8170351696910121,0.039522387734708515,0.7794112479718284,0.8545898256575917,0.7472511295467532,0.9033977996858553
7342,7369,LINEAR_6147366_A,0.623,0.013,0.013,0.584,0.064,0.064,4598.76,78.49,78.49,0.14,0.1,0.06,-0.558,0.057,0.057,3.927,0.097,0.097,3.1,1.0,1.0,,MS,,,Xiong23,,,,,EB,2.71,0.013,True,False,0.032,0.011,0.011,0.569,0.063,0.063,1.227015357702476,0.10645711969274738,1.1202561932916728,1.3317572449719657,1.028777907499841,1.4473795409977315
7343,7370,LINEAR_6147366_B,0.624,0.013,0.013,0.756,0.04,0.04,4190.45,78.81,78.81,0.16,0.06,0.04,-0.558,0.057,0.057,4.475,0.066,0.066,1.44,0.23,0.23,,MS,,,Xiong23,,,,,EB,2.71,0.013,True,False,0.07,0.011,0.011,0.736,0.039,0.039,0.8886913969884186,0.07362729934651563,0.8151713774190115,0.95985667795449,0.7638159135333459,1.0500133718495532
7344,7371,LINEAR_23079661_A,0.568,0.011,0.011,0.76,0.074,0.074,3772.83,66.75,66.75,0.11,0.06,0.04,-0.2,0.0,0.0,4.823,0.11,0.11,1.29,0.38,0.38,,MS,,,Xiong23,,,,,EB,7.873,0.039,True,True,0.00258,0.00076,0.00076,0.246,0.024,0.024,0.9305895282174842,0.11470562930605824,0.8238096356212551,1.0351166996155576,0.75272642665452,1.1666702321733702
7345,7372,LINEAR_23079661_B,0.489,0.011,0.011,0.713,0.158,0.158,3742.5,114.96,114.96,0.09,0.17,0.06,-0.2,0.0,0.0,4.421,0.259,0.259,1.35,0.9,0.9,,MS,,,Xiong23,,,,,EB,7.873,0.039,True,True,0.0027,0.0018,0.0018,0.247,0.055,0.055,1.1738605958942159,0.15324722765936852,1.0268932334378056,1.320129987208947,0.91755952405182,1.4634670319150058
7346,7373,UCAC4_637-047265_A,0.669,0.004,0.004,0.727,0.029,0.029,4536.85,73.08,73.08,0.2,0.05,0.04,-0.276,0.07,0.07,4.519,0.12,0.12,1.74,0.21,0.21,,MS,,,Xiong23,,,,,EB,2.9793,0.0043,True,False,0.0459,0.0055,0.0055,0.64,0.026,0.026,1.0100192015491987,0.0996879427603242,0.9107170569869848,1.1097830526452257,0.8274648560798668,1.2148072362582145
7347,7374,UCAC4_637-047265_B,0.652,0.004,0.004,0.449,0.033,0.033,4255.39,140.6,140.6,0.06,0.03,0.02,-0.276,0.07,0.07,4.946,0.125,0.125,7.2,1.6,1.6,,MS,,,Xiong23,,,,,EB,2.9793,0.0043,True,False,0.0113,0.0025,0.0025,0.4,0.029,0.029,0.8648359325246985,0.074703543734407,0.7901787091151063,0.9387672854541509,0.7455262116886203,1.0354986937895532
7348,7375,"ASASSN-V_J172607,12+564531,5_A",1.069,0.04,0.04,1.272,0.241,0.241,5845.57,42.64,42.64,1.7,2.38,0.99,-0.114,0.041,0.041,4.366,0.07,0.07,0.52,0.3,0.3,,MS,,,Xiong23,,,,,EB,14.41,0.13,True,True,0.0021,0.0012,0.0012,0.23,0.044,0.044,1.1169936210098323,0.10948793245706247,1.0095419130945502,1.2273270080157344,0.9130171910076249,1.337438240149781
7349,7376,"ASASSN-V_J172607,12+564531,5_B",1.017,0.04,0.04,1.452,0.246,0.246,6131.13,282.37,282.37,2.69,3.85,1.58,-0.114,0.041,0.041,4.121,0.199,0.199,0.33,0.17,0.17,,MS,,,Xiong23,,,,,EB,14.41,0.13,True,True,0.0034,0.0018,0.0018,0.269,0.046,0.046,1.6575471699065776,5.4656448419675945,1.336802261144352,1.803085802475064,1.0829902985586028,2.1212630445062177
7350,7379,UCAC4_625-128029_A,1.187,0.007,0.007,1.825,0.149,0.149,6016.9,32.34,32.34,3.94,1.82,1.24,-0.105,0.02,0.02,4.239,0.03,0.03,0.195,0.048,0.048,,MS,,,Xiong23,,,,,EB,19.905,0.03,True,True,0.00215,0.00053,0.00053,0.232,0.019,0.019,1.347663708815779,0.060120100973024226,1.2872956603173464,1.4059800287040634,1.2319060005579798,1.4683946417913085
7351,7380,UCAC4_625-128029_B,0.986,0.007,0.007,1.905,0.247,0.247,5495.31,43.96,43.96,2.99,2.46,1.35,-0.105,0.02,0.02,3.872,0.132,0.132,0.143,0.055,0.055,,MS,,,Xiong23,,,,,EB,19.905,0.03,True,True,0.0033,0.0013,0.0013,0.264,0.034,0.034,1.6610646526124107,0.5503867898243675,1.4543026085633823,1.888570521333954,1.266140038692847,2.0967408914832433
7352,7381,V*_V714_And_A,1.617,0.103,0.103,2.459,0.046,0.046,6227.49,10.93,10.93,8.2,0.75,0.69,0.168,0.01,0.01,4.078,0.018,0.018,0.1088,0.0092,0.0092,,MS,,,Xiong23,,,,,EB,18.13,0.3,True,True,0.00696,0.00075,0.00075,0.343,0.011,0.011,1.9283078396793563,0.05035634328165186,1.879704732602947,1.9775414504553686,1.8295793829446305,2.0275671952402194
7353,7382,V*_V714_And_B,1.344,0.103,0.103,1.717,0.026,0.026,6396.25,36.37,36.37,4.45,0.41,0.37,0.168,0.01,0.01,4.096,0.057,0.057,0.266,0.024,0.024,,MS,,,Xiong23,,,,,EB,18.13,0.3,True,True,0.00318,0.00034,0.00034,0.2609,0.0085,0.0085,1.7494227436210499,0.08671689505091049,1.6642397033929852,1.8347140310173857,1.585539974117133,1.9237977840506393
7354,7383,UCAC4_662-053425_A,0.702,0.005,0.005,0.865,0.128,0.128,4632.54,53.85,53.85,0.31,0.31,0.15,-0.097,0.04,0.04,4.297,0.068,0.068,1.08,0.48,0.48,,MS,,,Xiong23,,,,,EB,4.4945,0.0074,True,False,0.024,0.01,0.01,0.512,0.076,0.076,1.0660132745353053,0.08974975490211674,0.9829679543631947,1.150642985178595,0.9011147752974369,1.2407018644726484
7355,7384,UCAC4_662-053425_B,0.725,0.005,0.005,0.968,0.072,0.072,4604.01,140.35,140.35,0.38,0.21,0.14,-0.097,0.04,0.04,4.326,0.091,0.091,0.8,0.18,0.18,,MS,,,Xiong23,,,,,EB,4.4945,0.0074,True,False,0.0314,0.007,0.007,0.564,0.042,0.042,1.0790874433383053,0.10324401762069219,0.9873843594718826,1.170689528227829,0.9026384772522509,1.2633692143175754
7356,7385,UCAC4_665-061158_A,0.712,0.007,0.007,0.817,0.057,0.057,4747.23,73.64,73.64,0.31,0.13,0.09,-0.208,0.058,0.058,4.401,0.095,0.095,1.31,0.27,0.27,,MS,,,Xiong23,,,,,EB,5.554,0.014,True,True,0.0086,0.0018,0.0018,0.369,0.026,0.026,1.025563798781156,0.09049223224082566,0.9354563872739553,1.11659455285355,0.8584786380853167,1.2073879906967837
7357,7386,UCAC4_665-061158_B,0.566,0.007,0.007,0.719,0.116,0.116,3579.6,119.26,119.26,0.08,0.09,0.04,-0.208,0.058,0.058,4.477,0.202,0.202,1.52,0.74,0.74,,MS,,,Xiong23,,,,,EB,5.554,0.014,True,True,0.0084,0.0041,0.0041,0.36,0.058,0.058,1.1704150883006796,0.16315374762494333,1.0256644635398529,1.316600214436524,0.90536015428693,1.4685592397346934
7358,7389,V*_V644_Aur_A,1.017,0.012,0.012,1.495,0.052,0.052,6510.0,10.0,10.0,3.62,0.63,0.54,-0.26,0.0,0.0,4.15,0.0,0.0,0.304,0.032,0.032,,MS,,,Xiong23,,,,,EB,4.557,0.012,True,False,0.118,0.012,0.012,0.875,0.031,0.031,1.552371559701875,0.02090765881792035,1.531618546281145,1.5730792871621746,1.5118383313601216,1.593141062605329
7359,7390,V*_V644_Aur_B,1.067,0.012,0.012,0.729,0.057,0.057,6450.22,102.21,102.21,0.83,0.39,0.27,-0.26,0.0,0.0,4.74,0.133,0.133,2.75,0.65,0.65,,MS,,,Xiong23,,,,,EB,4.557,0.012,True,False,0.0127,0.003,0.003,0.418,0.033,0.033,0.9718395130305613,0.1266938005584081,0.8800807288035137,1.06540729879244,0.8069489149305825,1.160536090433675
7360,7391,"ZTF_J022141,06+584544,6_A",0.65,0.018,0.018,1.41,0.293,0.293,5790.44,50.01,50.01,2.01,3.25,1.24,-0.47,0.033,0.033,3.715,0.053,0.053,0.23,0.14,0.14,,MS,,,Xiong23,,,,,EB,6.05,0.042,True,False,0.038,0.023,0.023,0.6,0.12,0.12,2.1422546397877475,0.12850857422668674,2.014489390380265,2.272192773369769,1.8948190486058574,2.3980246586956597
7361,7392,"ZTF_J022141,06+584544,6_B",0.585,0.018,0.018,0.822,0.315,0.315,4947.58,244.21,244.21,0.36,1.89,0.31,-0.47,0.033,0.033,4.374,0.457,0.457,1.1,1.2,1.2,,MS,,,Xiong23,,,,,EB,6.05,0.042,True,False,0.009,0.01,0.01,0.37,0.14,0.14,1.0651673716736973,0.1602994501400365,0.9023662647932429,1.224438556631264,0.7889309539627197,1.4107698206001893
7362,7393,"ZTF_J063215,09+034952,0_A",1.822,0.022,0.022,3.555,0.138,0.138,7867.34,179.46,179.46,43.65,13.89,10.54,-0.112,0.168,0.168,3.938,0.284,0.284,0.0406,0.0047,0.0047,,MS,,,Xiong23,,,,,EB,11.251,0.032,True,False,0.101,0.012,0.012,0.832,0.033,0.033,2.548934395226638,2.013460984109183,2.149554388910656,2.894427786089974,1.8450447485614676,3.2347838064582035
7363,7394,"ZTF_J063215,09+034952,0_B",1.802,0.022,0.022,1.476,0.065,0.065,7441.63,337.48,337.48,6.03,3.57,2.24,-0.112,0.168,0.168,4.335,0.067,0.067,0.56,0.074,0.074,,MS,,,Xiong23,,,,,EB,11.251,0.032,True,False,0.00734,0.00098,0.00098,0.347,0.015,0.015,1.4161761870163092,0.1493139430774446,1.280840022594164,1.5478112406505071,1.1504778862277214,1.6846349590873309
7364,7395,"ZTF_J130159,39+540458,5_A",0.923,0.043,0.043,1.413,0.105,0.105,6383.82,17.57,17.57,2.99,1.22,0.87,-0.289,0.016,0.016,4.15,0.029,0.029,0.327,0.075,0.075,,MS,,,Xiong23,,,,,EB,5.277,0.051,True,False,0.076,0.017,0.017,0.748,0.057,0.057,1.5098004585014773,0.05783951908056493,1.4526764522198685,1.5682040818759642,1.401989218901257,1.624119468149752
7365,7396,"ZTF_J130159,39+540458,5_B",1.181,0.043,0.043,0.433,0.034,0.034,5681.34,123.69,123.69,0.18,0.09,0.06,-0.289,0.016,0.016,5.236,0.154,0.154,14.5,3.5,3.5,,MS,,,Xiong23,,,,,EB,5.277,0.051,True,False,0.00147,0.00035,0.00035,0.205,0.016,0.016,0.844418004930018,0.9100142143038978,0.7690261207171443,0.889668928660107,0.7223767527944357,0.9814351745090034
7366,7397,"ASAS_J051753-5406,0_A",1.3094,0.0051,0.0051,1.9288,0.003,0.003,6462.0,43.0,43.0,5.83,0.15,0.15,0.0,0.2,0.2,3.9836,0.0012,0.0012,0.1825,0.0011,0.0011,,MS,F,,Miller22,,,,,EB,49.718,0.09,True,True,0.0001629,1.3e-06,1.3e-06,0.09823,0.00026,0.00026,1.972369687225875,0.04375001181753915,1.9295140084695834,2.016262543694475,1.8866405266692956,2.058622177218932
7367,7398,"ASAS_J051753-5406,0_B",1.0896,0.0034,0.0034,1.1815,0.0037,0.0037,6331.0,43.0,43.0,2.02,0.06,0.06,0.0,0.2,0.2,4.3297,0.0026,0.0026,0.6606,0.0065,0.0065,,MS,F,,Miller22,,,,,EB,49.718,0.09,True,True,5.023e-05,5.8e-07,5.8e-07,0.06544,0.00025,0.00025,1.2254660869059684,0.02776550367601302,1.1981356840181718,1.2524721426427718,1.1707144503461056,1.2805813149031027
7368,7399,HD96609_A,2.66,0.009,0.009,2.74,0.003,0.003,9660.51,106.27,106.27,59.0,6.3,5.7,0.02,0.06,0.06,3.987,0.001,0.001,0.12931,0.00061,0.00061,,MS,B9-A0,,Xiong23,,,,,EB,28.23,0.06,True,True,0.00222,1.7e-05,1.7e-05,0.23605,0.0006,0.0006,2.752039833889716,0.13048012105635678,2.6522369798200405,2.8557917238783475,2.522811411640887,2.9563202743772066
7369,7400,HD96609_B,1.84,0.004,0.004,1.697,0.002,0.002,8953.65,107.44,107.44,16.7,1.9,1.7,0.02,0.06,0.06,4.243,0.002,0.002,0.3765,0.0016,0.0016,,MS,A2,,Xiong23,,,,,EB,28.23,0.06,True,True,0.0009497,7.7e-06,7.7e-06,0.17299,0.00045,0.00045,2.1085465016090255,0.08017009101927487,2.035989931971521,2.18387046625155,1.9565781146048746,2.2628666282928482
7374,7405,"ASAS_J231922-0852,2_A",1.136,0.001,0.001,1.64,0.004,0.004,6266.14,18.8,18.8,3.74,0.11,0.11,-0.39,0.07,0.07,4.064,0.005,0.005,0.2575,0.0019,0.0019,,MS,,,Xiong23,,,,,EB,18.04,0.015,True,True,0.0022,1.7e-05,1.7e-05,0.23341,0.00061,0.00061,1.6203923445898205,0.021829206163177354,1.5990241346440914,1.6413959765739377,1.5770033859979233,1.6617268063508983
7375,7406,"ASAS_J231922-0852,2_B",1.006,0.001,0.001,1.11,0.01,0.01,6237.35,43.66,43.66,1.68,0.13,0.12,-0.39,0.07,0.07,4.35,0.018,0.018,0.736,0.02,0.02,,MS,,,Xiong23,,,,,EB,18.04,0.015,True,True,0.000828,2.3e-05,2.3e-05,0.167,0.0015,0.0015,1.117082678026134,0.029595606341950347,1.0876068171153443,1.1466135883297661,1.058095710423941,1.1738282637588842
7376,7407,"ASAS_J171750-1915,3_A",1.357,0.001,0.001,1.676,0.003,0.003,6531.31,58.78,58.78,4.61,0.4,0.37,0.04,0.12,0.12,4.122,0.003,0.003,0.2882,0.0016,0.0016,,MS,F,,Xiong23,,,,,EB,12.564,0.009,True,True,0.007597,4.4e-05,4.4e-05,0.35133,0.00068,0.00068,1.6898334917066085,0.03274555678338349,1.6578464367036603,1.7217800068131657,1.6275873481670073,1.755828447177714
7377,7408,"ASAS_J171750-1915,3_B",1.345,0.001,0.001,1.648,0.003,0.003,6501.3,58.51,58.51,4.38,0.38,0.35,0.04,0.12,0.12,4.133,0.003,0.003,0.3005,0.0017,0.0017,,MS,F,,Xiong23,,,,,EB,12.564,0.009,True,True,0.007325,4.3e-05,4.3e-05,0.34687,0.00068,0.00068,1.6593165232416307,0.030873087549580965,1.6285273365403286,1.6894261332339144,1.6008437954857624,1.7212632438674025
7378,7409,"ASAS_J163903-2847,2_A",1.421,0.002,0.002,2.157,0.003,0.003,6637.43,33.19,33.19,8.15,0.38,0.37,-0.19,0.16,0.16,3.923,0.002,0.002,0.14159,0.00062,0.00062,,MS,,,Xiong23,,,,,EB,47.0,0.04,True,True,0.0002624,1.3e-06,1.3e-06,0.11529,0.00019,0.00019,2.1965946568192036,0.04558734158500537,2.1520198437478113,2.242912304591033,2.106806747499948,2.2866980220506394
7379,7410,"ASAS_J163903-2847,2_B",1.141,0.001,0.001,1.224,0.002,0.002,6591.74,164.79,164.79,2.55,0.66,0.53,-0.19,0.16,0.16,4.32,0.003,0.003,0.6222,0.0031,0.0031,,MS,,,Xiong23,,,,,EB,47.0,0.04,True,True,6.81e-05,3.9e-07,3.9e-07,0.07232,0.00014,0.00014,1.2637038215724326,0.04094309112937866,1.2227000465971678,1.3044554276728497,1.1842467804971837,1.3457060120871118
7380,7411,"ASAS_J085002+1752,5_A",1.326,0.001,0.001,1.571,0.011,0.011,6561.45,91.86,91.86,4.12,0.59,0.52,-0.01,0.27,0.27,4.168,0.014,0.014,0.342,0.0072,0.0072,,MS,,,Xiong23,,,,,EB,18.076,0.012,True,True,0.002431,5.1e-05,5.1e-05,0.2386,0.0017,0.0017,1.5783210730188209,0.046278073347277016,1.533009185455162,1.6233939498359597,1.4873294247557878,1.6713884026108987
7381,7412,"ASAS_J085002+1752,5_B",1.573,0.001,0.001,3.222,0.018,0.018,5727.96,103.1,103.1,10.1,1.8,1.6,-0.01,0.27,0.27,3.619,0.011,0.011,0.04703,0.00079,0.00079,,MS,,,Xiong23,,,,,EB,18.076,0.012,True,True,0.01596,0.00027,0.00027,0.4526,0.0025,0.0025,2.808153322672707,0.08010143085936304,2.727194007598568,2.8877325491564707,2.6504460926169218,2.963231167852034
7382,7413,"ASAS_J060505+2032,1_A",1.716,0.01,0.01,2.048,0.004,0.004,7413.1,185.33,185.33,11.43,2.96,2.35,-0.12,0.31,0.31,4.05,0.003,0.003,0.1998,0.0017,0.0017,,MS,,,Xiong23,,,,,EB,10.46,0.05,True,True,0.02398,0.00041,0.00041,0.5154,0.0029,0.0029,1.976633721219154,0.0744478673280367,1.9039668054589145,2.0497561335470755,1.8360624727131767,2.12803327129671
7383,7414,"ASAS_J060505+2032,1_B",1.697,0.012,0.012,2.008,0.005,0.005,7413.1,163.09,163.09,11.0,2.5,2.0,-0.12,0.31,0.31,4.062,0.004,0.004,0.2096,0.0022,0.0022,,MS,,,Xiong23,,,,,EB,10.46,0.05,True,True,0.02301,0.00041,0.00041,0.5079,0.0029,0.0029,1.9688132501211346,0.0713646183987804,1.8992086079532198,2.0378277191545227,1.8352046023390662,2.1140108245974436
7384,7417,NGTS_0002-29_A,0.398,0.001,0.001,0.404,0.002,0.002,3372.87,16.86,16.86,0.019,0.001,0.001,0.04,0.04,0.04,4.826,0.01,0.01,6.036,0.091,0.091,,MS,,,Xiong23,,,,,EB,3.8239,0.0099,True,True,0.002472,4.2e-05,4.2e-05,0.246,0.0014,0.0014,0.6416260221123626,0.10260396189854096,0.563482855443805,0.7113617601511477,0.47608144513632855,0.7788516996252521
7385,7418,NGTS_0002-29_B,0.224,0.001,0.001,0.276,0.002,0.002,3228.49,19.37,19.37,0.00746,0.00053,0.0005,0.04,0.04,0.04,4.908,0.017,0.017,10.65,0.24,0.24,,MS,,,Xiong23,,,,,EB,3.8239,0.0099,True,True,0.001965,4.6e-05,4.6e-05,0.2184,0.0017,0.0017,0.6268375623942085,0.09409239237624503,0.5387404951016143,0.7006165984965083,0.43675837640519755,0.775017615450658
7386,7419,"ASAS_J090232-5653,4_A",1.436,0.007,0.007,1.527,0.003,0.003,7030.72,98.43,98.43,5.14,0.71,0.62,-0.15,0.13,0.13,4.201,0.006,0.006,0.4033,0.0031,0.0031,,MS,,,Xiong23,,,,,EB,44.75,0.17,True,True,0.0001235,1.8e-06,1.8e-06,0.08912,0.00041,0.00041,1.6178739091873047,0.03972741742565006,1.5781179993060044,1.6569548424158707,1.5402803749434213,1.695833236489092
7387,7420,"ASAS_J090232-5653,4_B",1.372,0.008,0.008,1.392,0.003,0.003,6683.44,100.25,100.25,3.48,0.52,0.45,-0.15,0.13,0.13,4.244,0.007,0.007,0.5087,0.0044,0.0044,,MS,,,Xiong23,,,,,EB,44.75,0.17,True,True,0.0001006,1.5e-06,1.5e-06,0.08295,0.00039,0.00039,1.4403753034470863,0.03458921281768014,1.4060825846840317,1.4751562954707595,1.373328726259252,1.5102498741646777
7388,7421,EPIC219511354_A,0.912,0.006,0.006,0.92,0.007,0.007,5035.01,65.46,65.46,0.491,0.065,0.057,0.07,0.03,0.03,4.47,0.016,0.016,1.171,0.028,0.028,,MS,K,,Xiong23,,,,,EB,6.979,0.052,True,True,0.0068,0.00022,0.00022,0.3398,0.0037,0.0037,0.8632437110762413,0.028328619452232834,0.8353276213360626,0.8907342817597401,0.8087005279144519,0.9208665756875877
7389,7422,EPIC219511354_B,0.822,0.007,0.007,0.851,0.007,0.007,4688.13,56.26,56.26,0.316,0.039,0.035,0.07,0.03,0.03,4.494,0.017,0.017,1.334,0.035,0.035,,MS,K,,Xiong23,,,,,EB,6.979,0.052,True,True,0.00636,0.00022,0.00022,0.3296,0.0037,0.0037,0.8209745466807914,0.03424095311079707,0.7877077714314297,0.8529551257344758,0.7583602292094295,0.89461386765902
7390,7423,TIC172900988_A,1.228,0.0,0.0,1.383,0.001,0.001,6053.41,42.37,42.37,2.31,0.15,0.14,0.34,0.34,0.34,4.249,0.002,0.002,0.4642,0.001,0.001,,MS,F9,,Xiong23,,,,,EB,186.569,0.071,True,True,1.2906e-06,3.2e-09,3.2e-09,0.019468,1.6e-05,1.6e-05,1.3312086028705756,0.03494526706467865,1.2956580490982292,1.366526240462094,1.265684172033141,1.4000430169150322
7391,7424,TIC172900988_B,1.202,0.0,0.0,1.314,0.001,0.001,5984.12,41.89,41.89,2.0,0.13,0.12,0.34,0.34,0.34,4.281,0.001,0.001,0.5298,0.0012,0.0012,,MS,G0,,Xiong23,,,,,EB,186.569,0.071,True,True,1.1455e-06,2.9e-09,2.9e-09,0.018678,1.6e-05,1.6e-05,1.2610172118894725,0.03379556758957564,1.2278508213948238,1.294602285446634,1.1970525049661949,1.3272139362341293
7402,7435,BN_Scl_A,1.407,0.001,0.001,1.834,0.003,0.003,6309.57,18.93,18.93,4.81,0.13,0.13,-0.23,0.06,0.06,4.059,0.003,0.003,0.2281,0.0011,0.0011,,MS,F7,,Xiong23,,,,,EB,13.8252,0.0063,True,True,0.006827,3.5e-05,3.5e-05,0.34047,0.00058,0.00058,1.7191005494684015,0.01879044757281001,1.700605748696009,1.7373819029741941,1.6822906223482794,1.756685405964033
7403,7436,BN_Scl_B,1.244,0.001,0.001,1.38,0.004,0.004,6237.35,31.19,31.19,2.6,0.13,0.12,-0.23,0.06,0.06,4.256,0.006,0.006,0.4734,0.0041,0.0041,,MS,F8,,Xiong23,,,,,EB,13.8252,0.0063,True,True,0.003541,3.1e-05,3.1e-05,0.27101,0.0008,0.0008,1.3092770685998432,0.0175214753313778,1.2919398900389787,1.326756748837029,1.274529372500643,1.3424684059852032
7404,7437,AL_Ari_A,1.164,0.001,0.001,1.372,0.004,0.004,6367.96,25.47,25.47,2.79,0.11,0.11,-0.42,0.08,0.08,4.229,0.005,0.005,0.4507,0.004,0.004,,MS,F6,,Xiong23,,,,,EB,12.9503,0.0014,True,True,0.003166,2.8e-05,2.8e-05,0.26466,0.00077,0.00077,1.3439736518719427,0.019174381564080065,1.325268526834262,1.3629390808162434,1.3051763306947313,1.3808048723647186
7405,7438,AL_Ari_B,0.911,0.0,0.0,0.905,0.003,0.003,5559.04,27.8,27.8,0.705,0.035,0.033,-0.42,0.08,0.08,4.458,0.008,0.008,1.229,0.012,0.012,,MS,G7,,Xiong23,,,,,EB,12.9503,0.0014,True,True,0.001344,1.3e-05,1.3e-05,0.19525,0.00065,0.00065,0.8545199590975003,0.019270255171899814,0.835326442547045,0.8729143751963652,0.8156521281680614,0.8923017948753202
7408,7441,NGC_2506_V4_A,1.478,0.003,0.003,2.3,0.006,0.006,6823.39,40.94,40.94,10.33,0.61,0.58,-0.36,0.1,0.1,3.884,0.007,0.007,0.12148,0.00098,0.00098,,MS,,,Xiong23,,,,,EB,11.87,0.02,True,True,0.02055,0.0002,0.0002,0.4924,0.0016,0.0016,2.3348813129986072,0.0461493254925029,2.2889334910701074,2.3807366584838086,2.2453632818501847,2.427016334297243
7409,7442,NGC_2506_V4_B,1.25,0.004,0.004,1.534,0.008,0.008,6823.39,40.94,40.94,4.6,0.28,0.27,-0.36,0.1,0.1,4.163,0.012,0.012,0.3463,0.0055,0.0055,,MS,,,Xiong23,,,,,EB,11.87,0.02,True,True,0.00797,0.00013,0.00013,0.3545,0.002,0.002,1.6015884222949106,0.031229344293247186,1.5704334865432468,1.6329767608982888,1.5408534205889544,1.662835287102932
7412,7445,47_Tuc_E32_A,0.862,0.002,0.002,1.183,0.001,0.001,6025.6,18.08,18.08,1.66,0.05,0.05,-0.71,0.1,0.1,4.227,0.002,0.002,0.5207,0.0018,0.0018,,MS,,,Xiong23,,,,,EB,59.46,0.1,True,True,2.456e-05,1.5e-07,1.5e-07,0.05201,0.00011,0.00011,1.209901693162982,0.021092669593539445,1.1896600706323956,1.2303647804201197,1.1667508543289444,1.2508981757927
7413,7446,47_Tuc_E32_B,0.827,0.002,0.002,1.004,0.002,0.002,5956.62,17.87,17.87,1.15,0.03,0.03,-0.71,0.1,0.1,4.352,0.003,0.003,0.8172,0.0053,0.0053,,MS,,,Xiong23,,,,,EB,59.46,0.1,True,True,1.604e-05,1.3e-07,1.3e-07,0.04499,0.00012,0.00012,1.0110997096613987,0.0198140719204286,0.9921979298234185,1.0308154090468586,0.9711728273416311,1.0488233864636345
7414,7447,KIC2557430_A,1.69,0.013,0.013,1.88,0.009,0.009,7046.93,77.52,77.52,7.85,0.86,0.77,-0.02,0.11,0.11,4.116,0.009,0.009,0.2543,0.0041,0.0041,,MS,F,,Xiong23,,,,,EB,7.03,0.01,True,False,0.05172,0.00087,0.00087,0.6711,0.0037,0.0037,1.8749212569001186,0.04752231640443765,1.8270408711526256,1.9210010641728024,1.787965819355779,1.9712674300578352
7415,7448,KIC2557430_B,1.35,0.009,0.009,1.23,0.013,0.013,6053.41,302.67,302.67,1.83,1.08,0.68,-0.02,0.11,0.11,4.386,0.019,0.019,0.725,0.024,0.024,,MS,F,,Xiong23,,,,,EB,7.03,0.01,True,False,0.02074,0.00069,0.00069,0.4865,0.0053,0.0053,1.1054879895721186,0.05465570517371548,1.05190118177731,1.1610292354006093,0.9998690979673375,1.216275789441736
7416,7449,EPIC219552514_A,1.509,0.026,0.026,2.505,0.013,0.013,6180.16,43.26,43.26,8.26,0.59,0.55,0.07,0.03,0.03,3.822,0.009,0.009,0.096,0.0022,0.0022,,MS,F7,,Xiong23,,,,,EB,10.69,0.13,True,False,0.02256,0.00094,0.00094,0.5168,0.0071,0.0071,2.4169991332445746,0.03594312026162495,2.380682982357114,2.453551048421286,2.3485731778171663,2.4856545157489633
7417,7450,EPIC219552514_B,0.649,0.006,0.006,0.652,0.006,0.006,4008.67,72.16,72.16,0.099,0.018,0.015,0.07,0.03,0.03,4.624,0.012,0.012,2.342,0.068,0.068,,MS,K,,Xiong23,,,,,EB,10.69,0.13,True,False,0.001506,7.4e-05,7.4e-05,0.1975,0.0032,0.0032,0.7241775591086868,0.039476728214063644,0.6876356900967326,0.7592747202957746,0.6461435513858438,0.8071102114982202
7420,7453,KIC7821010_A,1.277,0.007,0.007,1.276,0.005,0.005,6714.29,67.14,67.14,2.99,0.3,0.27,0.1,0.08,0.08,4.332,0.007,0.007,0.6147,0.008,0.008,,MS,,,Xiong23,,,,,EB,47.83,0.2,True,True,5.9e-05,1.1e-06,1.1e-06,0.06969,0.00042,0.00042,1.3466356366497347,0.026427009208882545,1.3209866645681794,1.3723188156338044,1.2957081050461572,1.4005497790405363
7421,7454,KIC7821010_B,1.221,0.007,0.007,1.21,0.006,0.006,6561.45,72.18,72.18,2.45,0.27,0.24,0.1,0.08,0.08,4.359,0.009,0.009,0.689,0.011,0.011,,MS,,,Xiong23,,,,,EB,47.83,0.2,True,True,5.41e-05,1.1e-06,1.1e-06,0.06745,0.00045,0.00045,1.2623184278076225,0.026235659514218582,1.2358623692160335,1.2885094890764912,1.2104578310719982,1.3126371234178302
7422,7455,KIC3439031_A,1.226,0.001,0.001,1.407,0.001,0.001,6531.31,97.97,97.97,3.25,0.48,0.42,0.1,0.13,0.13,4.23,0.001,0.001,0.4402,0.001,0.001,,MS,F,,Xiong23,,,,,EB,18.646,0.13,True,True,0.001386,2.9e-05,2.9e-05,0.1992,0.0014,0.0014,1.4662175279172078,0.03334272089176786,1.433386737528179,1.4997952468013147,1.401786642515962,1.5322003423837542
7423,7456,KIC3439031_B,1.227,0.001,0.001,1.403,0.001,0.001,6531.31,97.97,97.97,3.23,0.48,0.42,0.1,0.13,0.13,4.233,0.002,0.002,0.4443,0.001,0.001,,MS,F,,Xiong23,,,,,EB,18.646,0.13,True,True,0.001372,2.9e-05,2.9e-05,0.1985,0.0014,0.0014,1.4604629506983964,0.03357000548506686,1.4272754686816078,1.493647586332102,1.3955986690335596,1.5274370538198192
7424,7457,KIC10031808_A,1.741,0.004,0.004,2.59,0.009,0.009,7112.14,49.78,49.78,15.5,1.1,1.0,-0.11,0.08,0.08,3.852,0.006,0.006,0.1002,0.0011,0.0011,,MS,,,Xiong23,,,,,EB,26.905,0.054,True,True,0.00295,3.7e-05,3.7e-05,0.2559,0.0011,0.0011,2.6216301058562874,0.055293937175574424,2.566390639521659,2.676520860153581,2.5157338330250356,2.72999872642388
7425,7458,KIC10031808_B,1.798,0.006,0.006,3.027,0.006,0.006,6839.12,47.87,47.87,18.1,1.2,1.1,-0.11,0.08,0.08,3.731,0.004,0.004,0.06483,0.00044,0.00044,,MS,,,Xiong23,,,,,EB,26.905,0.054,True,True,0.004473,4.1e-05,4.1e-05,0.29474,0.00087,0.00087,2.886832351185909,0.05432678282469056,2.833899292038758,2.9394780787727073,2.7844256042997193,2.997351606105884
7426,7459,EPIC219568666_A,1.121,0.006,0.006,1.178,0.003,0.003,6137.62,42.96,42.96,1.77,0.12,0.11,0.07,0.03,0.03,4.346,0.005,0.005,0.6858,0.0064,0.0064,,MS,F8,,Xiong23,,,,,EB,27.086,0.089,True,True,0.0001917,2.5e-06,2.5e-06,0.1045,0.00045,0.00045,1.1908044174797696,0.013536835089961063,1.177177177071259,1.2039907277831172,1.1650546593578603,1.2174560266117338
7427,7460,EPIC219568666_B,0.733,0.002,0.002,0.64,0.007,0.007,4497.8,44.98,44.98,0.151,0.017,0.015,0.07,0.03,0.03,4.69,0.022,0.022,2.796,0.092,0.092,,MS,,,Xiong23,,,,,EB,27.086,0.089,True,True,6.05e-05,2.1e-06,2.1e-06,0.06893,0.00079,0.00079,0.7125815203545857,0.03429598346046831,0.6808085842732999,0.7454344415524401,0.643277272530625,0.7825474783152745
7428,7461,AL_Dor_A,1.102,0.0,0.0,1.092,0.001,0.001,6053.41,30.27,30.27,1.44,0.07,0.06,-0.1,0.04,0.04,4.404,0.002,0.002,0.8463,0.0023,0.0023,,MS,F9,,Xiong23,,,,,EB,33.1727,0.0065,True,True,0.00011505,3.2e-07,3.2e-07,0.086893,8.1e-05,8.1e-05,1.0485954293884996,0.01262057254713642,1.0359456017603932,1.060834667681707,1.0227438087023821,1.0725580287112102
7429,7462,AL_Dor_B,1.103,0.0,0.0,1.098,0.001,0.001,6053.41,30.27,30.27,1.46,0.07,0.07,-0.1,0.04,0.04,4.399,0.002,0.002,0.8332,0.0023,0.0023,,MS,F9,,Xiong23,,,,,EB,33.1727,0.0065,True,True,0.00011679,3.3e-07,3.3e-07,0.087334,8.1e-05,8.1e-05,1.0563284075726356,0.012713533411641912,1.0439762112459348,1.068792634543388,1.0302861084081572,1.0805176173595774
7430,7463,"ASAS_J073507-0905,7_A",1.452,0.015,0.015,1.635,0.005,0.005,6397.35,44.78,44.78,4.04,0.28,0.26,-0.27,0.08,0.08,4.173,0.005,0.005,0.3322,0.0046,0.0046,,MS,F,,Xiong23,,,,,EB,7.06,0.05,True,False,0.02583,0.00064,0.00064,0.538,0.0044,0.0044,1.5106482022184815,0.02301742038979727,1.4877958608129458,1.533022125916697,1.465544513764665,1.5559272369559103
7431,7464,"ASAS_J073507-0905,7_B",0.808,0.006,0.006,0.819,0.005,0.005,4365.16,48.02,48.02,0.22,0.025,0.022,-0.27,0.08,0.08,4.519,0.01,0.01,1.471,0.029,0.029,,MS,K,,Xiong23,,,,,EB,7.06,0.05,True,False,0.00824,0.00025,0.00025,0.3521,0.0035,0.0035,0.7652378682719243,0.03298952366399721,0.7364349128519904,0.7940474254589139,0.7061151788819512,0.8357952098512638
7432,7465,"ASAS_J065134-2211,5_A",0.956,0.005,0.005,0.997,0.002,0.002,5495.41,43.96,43.96,0.817,0.062,0.058,0.09,0.13,0.13,4.421,0.003,0.003,0.9647,0.0077,0.0077,,MS,,,Xiong23,,,,,EB,20.18,0.07,True,True,0.000297,3.8e-06,3.8e-06,0.12065,0.00051,0.00051,0.9635533538135298,0.0249210633612024,0.9385921141981654,0.9881202671433225,0.9158560129205439,1.0128729448314786
7433,7466,"ASAS_J065134-2211,5_B",0.674,0.002,0.002,0.69,0.003,0.003,3971.92,47.66,47.66,0.107,0.013,0.011,0.09,0.13,0.13,4.589,0.009,0.009,2.052,0.027,0.027,,MS,,,Xiong23,,,,,EB,20.18,0.07,True,True,0.000172,3e-06,3e-06,0.09795,0.00056,0.00056,0.754294945691733,0.04912817161084472,0.7100698200401587,0.7997525035908367,0.6652970486693979,0.8674774892422753
7434,7467,EPIC219394517_A,1.078,0.001,0.001,1.055,0.005,0.005,5929.25,41.5,41.5,1.2,0.1,0.1,0.07,0.03,0.03,4.425,0.009,0.009,0.918,0.013,0.013,,MS,G0,,Xiong23,,,,,EB,18.954,0.012,True,True,0.0005508,7.9e-06,7.9e-06,0.14652,0.0007,0.0007,1.0272077384586988,0.01719347925099982,1.0098914270768746,1.0442464430047067,0.9937608360580862,1.0612353350482502
7435,7468,EPIC219394517_B,1.066,0.001,0.001,1.042,0.005,0.005,5874.89,41.12,41.12,1.2,0.1,0.1,0.07,0.03,0.03,4.43,0.01,0.01,0.942,0.014,0.014,,MS,G1,,Xiong23,,,,,EB,18.954,0.012,True,True,0.0005403,7.9e-06,7.9e-06,0.14546,0.00071,0.00071,1.0138530372208663,0.018170655814753515,0.9956045906198695,1.0321352404282809,0.9769215759549698,1.0485964125282445
7438,7471,WASP_0639-32_A,1.155,0.002,0.002,1.834,0.01,0.01,6324.12,18.97,18.97,4.85,0.18,0.18,-0.33,0.1,0.1,3.974,0.011,0.011,0.1872,0.0031,0.0031,,Subgiant,F,,Xiong23,,,,,EB,26.964,0.031,True,True,0.000753,1.3e-05,1.3e-05,0.1647,0.00092,0.00092,1.8552023849853607,0.03596581094619119,1.819382084438949,1.891340960600581,1.7863084715460418,1.927539068085891
7439,7472,WASP_0639-32_B,0.783,0.001,0.001,0.729,0.003,0.003,5395.11,32.37,32.37,0.406,0.025,0.024,-0.33,0.1,0.1,4.607,0.01,0.01,2.021,0.025,0.025,,MS,K,,Xiong23,,,,,EB,26.964,0.031,True,True,8.79e-05,1.1e-06,1.1e-06,0.07818,0.00034,0.00034,0.7458298358773696,0.015909608852617965,0.7306010192222515,0.760700869817958,0.7150048416423164,0.7784383776268939
7440,7473,"PTFEB_132,707+19,810_A",0.395,0.001,0.001,0.363,0.003,0.003,3258.37,39.1,39.1,0.0134,0.0017,0.0015,0.14,0.04,0.04,4.915,0.019,0.019,8.26,0.21,0.21,,MS,"M3,5±0,2",,Xiong23,,,,,EB,11.77,0.01,True,True,5.91e-05,1.5e-06,1.5e-06,0.07097,0.00059,0.00059,0.6312300323479814,0.08739257321232392,0.5492063705939046,0.7027784449229447,0.45354428254450196,0.7752599721554603
7441,7474,"PTFEB_132,707+19,810_B",0.21,0.001,0.001,0.272,0.005,0.005,3118.89,46.78,46.78,0.0063,0.0011,0.001,0.14,0.04,0.04,4.891,0.039,0.039,10.44,0.58,0.58,,MS,"M4,3±0,7",,Xiong23,,,,,EB,11.77,0.01,True,True,6.78e-05,3.8e-06,3.8e-06,0.0709,0.0013,0.0013,0.6950584231722785,0.07467753672636665,0.6236917058615422,0.7592642894656468,0.539413589340558,0.8436261404923241
7442,7475,Tyc_5227-1023-1_A,0.956,0.007,0.007,1.388,0.004,0.004,6353.31,88.95,88.95,2.83,0.39,0.34,-0.63,0.11,0.11,4.13,0.01,0.01,0.3575,0.0041,0.0041,,MS,F7,,Xiong23,,,,,EB,13.54,0.07,True,True,0.003132,6e-05,6e-05,0.2627,0.0017,0.0017,1.4654973809187954,0.034179395648767846,1.4317804631642757,1.4990312635018905,1.3990658604474753,1.5328577251841937
7443,7476,Tyc_5227-1023-1_B,0.839,0.005,0.005,0.977,0.004,0.004,5929.25,94.87,94.87,1.1,0.2,0.1,-0.63,0.11,0.11,4.38,0.01,0.01,0.9,0.012,0.012,,MS,,,Xiong23,,,,,EB,13.54,0.07,True,True,0.001346,2.9e-05,2.9e-05,0.1963,0.0014,0.0014,0.993816297307195,0.027177275352728843,0.9674366831047855,1.020247120617726,0.9412392614884032,1.0486168316775346
7444,7477,NGC_2506_V5_A,0.945,0.004,0.003,0.68,0.04,0.04,5690.0,140.0,120.0,0.437,0.067,0.063,-0.36,0.01,0.01,4.75,0.05,0.05,3.01,0.53,0.53,,MS,,,Knudstrup20,,,,,EB,9.04,0.1,True,True,0.0011,0.0002,0.0002,0.186,0.011,0.011,0.754341883423595,0.033446763852760554,0.7225778835276554,0.7846747946711761,0.6845944156698124,0.8176640519608267
7445,7478,NGC_2506_V5_B,0.707,0.004,0.003,0.61,0.021,0.016,4940.0,110.0,60.0,0.2,0.022,0.014,-0.36,0.01,0.01,4.72,0.03,0.02,3.11,0.32,0.25,,MS,,,Knudstrup20,,,,,EB,9.04,0.1,True,True,0.00126,0.00012,0.00012,0.1906,0.0062,0.0062,0.6942436711677479,0.028357071688283438,0.6656654123963468,0.722291478002452,0.6339898494693756,0.7419070600487117
7446,7479,OGLE_LMC-ECL-01866_A,3.56,0.02,0.02,26.79,0.52,0.52,5300.0,80.0,80.0,510.0,37.0,37.0,-0.49,0.17,0.17,2.134,0.017,0.017,0.000185,1.1e-05,1.1e-05,,BL,G3,,Graczyk18,,,,,EB,322.3,0.8,True,True,0.00185,0.00011,0.00011,0.2192,0.0043,0.0043,5.167340476691773,0.7759740089494044,4.727788724117428,5.76599953604054,2.8226598747328926,6.133335109096469
7447,7480,OGLE_LMC-ECL-01866_B,3.55,0.031,0.031,47.11,0.5,0.5,4495.0,60.0,60.0,816.0,47.0,47.0,-0.49,0.17,0.17,1.642,0.009,0.009,3.4e-05,1.1e-06,1.1e-06,,RGB,"K1,5",,Graczyk18,,,,,EB,322.3,0.8,True,True,0.01009,0.00034,0.00034,0.386,0.0043,0.0043,5.852143201180603,0.9781464837845056,5.253733459453061,6.619310147405473,2.6364693188613595,7.1373860465234165
7448,7481,OGLE_LMC-ECL-03160_A,1.792,0.016,0.016,17.03,0.28,0.28,4930.0,100.0,100.0,154.0,14.0,14.0,-0.68,0.18,0.18,2.229,0.014,0.014,0.000363,1.8e-05,1.8e-05,,HB/RC,G7,,Graczyk18,,,,,EB,182.2,0.5,True,False,0.00264,0.00014,0.00014,0.247,0.0042,0.0042,5.076316654241512,0.4642544144360465,4.607319063688639,5.543682503463669,4.298651125283568,5.895663727374574
7449,7482,OGLE_LMC-ECL-03160_B,1.802,0.018,0.018,37.42,0.24,0.24,4450.0,70.0,70.0,495.0,32.0,32.0,-0.68,0.18,0.18,1.548,0.005,0.005,3.439e-05,7.5e-07,7.5e-07,,HB/RC,K2,,Graczyk18,,,,,EB,182.2,0.5,True,False,0.0278,0.00065,0.00065,0.5413,0.0041,0.0041,6.016947981684301,1.0419261586975321,5.3706584565225555,6.8094242644138525,4.396342045724136,7.339176024380506
7450,7483,OGLE_LMC-ECL-06575_A,4.167,0.022,0.022,43.93,0.43,0.43,4920.0,80.0,80.0,1020.0,69.0,69.0,-0.46,0.1,0.1,1.773,0.008,0.008,4.92e-05,1.5e-06,1.5e-06,,HB,G6,,Graczyk18,,,,,EB,280.0,0.5,True,True,0.01202,0.00037,0.00037,0.41,0.0042,0.0042,5.637699713552269,1.3206267188472356,5.094309914661957,6.361010438971941,2.584823353995698,6.8534923715521625
7451,7484,OGLE_LMC-ECL-06575_B,3.989,0.026,0.026,46.75,0.43,0.43,4645.0,60.0,60.0,918.0,50.0,50.0,-0.46,0.1,0.1,1.699,0.008,0.008,3.9e-05,1.1e-06,1.1e-06,,RGB,K0,,Graczyk18,,,,,EB,280.0,0.5,True,True,0.01554,0.00045,0.00045,0.4451,0.0043,0.0043,5.7086196653058785,1.155287434027161,5.14960019743953,6.454414263808804,2.6209070197199913,6.935633472019536
7452,7485,OGLE_LMC-ECL-09114_A,3.304,0.023,0.023,26.33,0.34,0.34,5230.0,60.0,60.0,467.0,25.0,25.0,-0.38,0.12,0.12,2.116,0.011,0.011,0.000181,7.1e-06,7.1e-06,,,G4III,,Graczyk18,,,,,EB,281.5,0.8,True,True,0.00257,0.0001,0.0001,0.2451,0.0033,0.0033,5.195573450397963,0.8523287221178542,4.744440119298513,5.79017011713773,3.045183073937964,6.158893304876286
7453,7486,OGLE_LMC-ECL-09114_B,3.205,0.025,0.025,18.79,0.37,0.37,5425.0,110.0,110.0,275.0,25.0,25.0,-0.38,0.12,0.12,2.396,0.017,0.017,0.000483,2.9e-05,2.9e-05,,,G2III,,Graczyk18,,,,,EB,281.5,0.8,True,True,0.000982,5.9e-05,5.9e-05,0.1774,0.0036,0.0036,4.808214555061414,0.5396230920432796,4.428598592228235,5.264618457982344,3.942640506548349,5.58728442322166
7454,7487,OGLE_LMC-ECL-09660_A,2.981,0.013,0.013,23.66,0.21,0.21,5250.0,65.0,65.0,383.0,20.0,20.0,-0.46,0.1,0.1,2.165,0.008,0.008,0.0002251,6.1e-06,6.1e-06,,,G3III,,Graczyk18,,,,,EB,232.4,0.3,True,True,0.003416,9.3e-05,9.3e-05,0.269,0.0024,0.0024,5.1386388352566446,1.2319036065442626,4.679343052607489,5.673586121041299,3.8287880514168067,6.045717647587907
7455,7488,OGLE_LMC-ECL-09660_B,2.997,0.012,0.012,44.4,0.26,0.26,4685.0,95.0,95.0,856.0,70.0,70.0,-0.46,0.1,0.1,1.62,0.005,0.005,3.424e-05,6.2e-07,6.2e-07,,,K0III,,Graczyk18,,,,,EB,232.4,0.3,True,True,0.02238,0.00042,0.00042,0.5036,0.0031,0.0031,5.921390148697825,2.8429027647799012,5.268229944313365,6.658904137693635,2.675097619845404,7.157120622266574
7456,7489,OGLE_LMC-ECL-09678_A,2.4,0.029,0.029,13.77,0.16,0.16,5230.0,80.0,80.0,128.0,8.0,8.0,-0.38,0.16,0.16,2.54,0.01,0.01,0.000919,3.4e-05,3.4e-05,,,G4III,,Graczyk18,,,,,EB,169.1,0.6,True,True,0.001827,7.1e-05,7.1e-05,0.2179,0.0028,0.0028,4.667455111361871,0.4550880219708576,4.302485366056438,5.046921312823633,4.052060554052398,5.321202319637906
7457,7490,OGLE_LMC-ECL-09678_B,2.549,0.031,0.031,30.6,0.28,0.28,4705.0,90.0,90.0,413.0,33.0,33.0,-0.38,0.16,0.16,1.873,0.008,0.008,8.9e-05,2.7e-06,2.7e-06,,,G9III,,Graczyk18,,,,,EB,169.1,0.6,True,True,0.01821,0.00059,0.00059,0.4711,0.005,0.005,7.393256885867195,115.04077674412387,5.019953339871711,6.245130475302655,4.191163771179782,6.690651528114449
7458,7491,OGLE_LMC-ECL-10567_A,3.333,0.029,0.029,24.6,0.29,0.29,5065.0,100.0,100.0,359.0,30.0,30.0,-0.7,0.1,0.1,2.179,0.01,0.01,0.0002239,8.2e-06,8.2e-06,,HB,G6,,Graczyk18,,,,,EB,189.1,0.5,True,True,0.00684,0.00026,0.00026,0.3398,0.0042,0.0042,5.03704479314377,0.6305758730984119,4.607203254946851,5.563113227128134,3.988573464853399,5.916003027555896
7459,7492,OGLE_LMC-ECL-10567_B,3.184,0.026,0.026,36.64,0.25,0.25,4715.0,75.0,75.0,598.0,39.0,39.0,-0.7,0.1,0.1,1.813,0.006,0.006,6.47e-05,1.4e-06,1.4e-06,,RGB,G9,,Graczyk18,,,,,EB,189.1,0.5,True,True,0.02432,0.00058,0.00058,0.5167,0.004,0.004,5.5332893740729885,0.806407290956699,4.997785357387285,6.213715572563961,2.8573566523793636,6.665477024567148
7460,7493,OGLE_LMC-ECL-230659_A,3.598,0.038,0.038,32.83,0.22,0.22,5000.0,70.0,70.0,607.0,35.0,35.0,-0.24,0.11,0.11,1.962,0.005,0.005,0.0001017,2.3e-06,2.3e-06,,,G6III,,Graczyk18,,,,,EB,679.0,2.0,True,True,0.0003506,8.6e-06,8.6e-06,0.1262,0.001,0.001,5.428289467025296,0.8008396564432415,4.92797153325263,6.079331263091643,2.7135612000742353,6.504843518254222
7461,7494,OGLE_LMC-ECL-230659_B,3.429,0.03,0.03,23.4,0.31,0.31,5030.0,100.0,100.0,316.0,26.0,26.0,-0.24,0.11,0.11,2.235,0.011,0.011,0.000268,1.1e-05,1.1e-05,,,G6III,,Graczyk18,,,,,EB,679.0,2.0,True,True,0.0001371,5.8e-06,5.8e-06,0.092,0.0013,0.0013,5.135353891612282,5.842086228347569,4.610616768278008,5.561637828879885,3.9884487931805643,5.918955649173239
7462,7495,OGLE_LMC-ECL-12669_A,1.843,0.029,0.029,24.17,0.34,0.34,4630.0,85.0,85.0,242.0,19.0,19.0,-0.3,0.14,0.14,1.937,0.012,0.012,0.0001305,5.9e-06,5.9e-06,,,"K0,5III",,Graczyk18,,,,,EB,542.0,3.0,True,True,0.000301,1.5e-05,1.5e-05,0.1194,0.0019,0.0019,5.496332731796554,0.6785474964202891,4.941351536654458,6.096045734600649,4.530393452953329,6.51705020112785
7463,7496,OGLE_LMC-ECL-12669_B,1.962,0.03,0.03,23.36,0.3,0.3,4715.0,95.0,95.0,243.0,21.0,21.0,-0.3,0.14,0.14,1.994,0.011,0.011,0.0001539,6.4e-06,6.4e-06,,,G9III,,Graczyk18,,,,,EB,542.0,3.0,True,True,0.000246,1.1e-05,1.1e-05,0.1121,0.0017,0.0017,5.400920022653395,1.2647863756577653,4.88502024621107,6.009000018959308,4.472537866101376,6.410366706084994
7464,7497,OGLE_LMC-ECL-12875_A,1.831,0.02,0.02,15.62,0.13,0.13,4845.0,100.0,100.0,121.0,10.0,10.0,-0.48,0.15,0.15,2.313,0.007,0.007,0.00048,1.3e-05,1.3e-05,,,G8III,,Graczyk18,,,,,EB,186.0,0.7,True,False,0.001931,5.9e-05,5.9e-05,0.2224,0.0022,0.0022,4.9702743324384295,0.4176037458032137,4.524938794211801,5.4029361528676185,4.2474634863675105,5.727116262979113
7465,7498,OGLE_LMC-ECL-12875_B,1.858,0.023,0.023,40.82,0.32,0.32,4385.0,110.0,110.0,555.0,56.0,56.0,-0.48,0.15,0.15,1.486,0.006,0.006,2.732e-05,7.3e-07,7.3e-07,,,"K2,5III",,Graczyk18,,,,,EB,186.0,0.7,True,False,0.03367,0.00098,0.00098,0.5772,0.0055,0.0055,6.137015442409652,1.2240332961601876,5.45832606208193,6.942695161749009,4.0225244801854805,7.5029430322856125
7466,7499,OGLE_LMC-ECL-12933_A,1.516,0.019,0.019,17.32,0.22,0.22,4900.0,200.0,200.0,156.0,26.0,26.0,-0.38,0.13,0.13,2.142,0.011,0.011,0.000292,1.2e-05,1.2e-05,,,G7III,,Graczyk18,,,,,EB,152.6,0.6,True,False,0.00471,0.0002,0.0002,0.2994,0.0041,0.0041,5.27810230815277,0.5260383368897031,4.761848759645711,5.810726682999802,4.4397424955256115,6.186680528558474
7467,7500,OGLE_LMC-ECL-12933_B,1.514,0.017,0.017,36.41,0.31,0.31,4470.0,150.0,150.0,477.0,64.0,64.0,-0.38,0.13,0.13,1.496,0.007,0.007,3.137e-05,8.8e-07,8.8e-07,,,K2III,,Graczyk18,,,,,EB,152.6,0.6,True,False,0.0438,0.0014,0.0014,0.6299,0.0064,0.0064,6.164096758873367,0.9200436560859813,5.478271235088244,6.9892570123333435,4.477461440829911,7.548518213494141
7468,7501,OGLE_LMC-ECL-13360_A,3.95,0.024,0.024,30.46,0.38,0.38,5495.0,90.0,90.0,762.0,54.0,54.0,-0.3,0.1,0.1,2.067,0.011,0.011,0.0001398,5.3e-06,5.3e-06,,,G1II-III,,Graczyk18,,,,,EB,345.3,0.7,True,True,0.002262,8.7e-05,8.7e-05,0.2343,0.003,0.003,5.20761026148876,4.34580910365107,4.827090225747256,5.929735461882919,2.6394202382614846,6.326565265089522
7469,7502,OGLE_LMC-ECL-13360_B,4.06,0.024,0.024,39.46,0.35,0.35,5085.0,80.0,80.0,938.0,61.0,61.0,-0.3,0.1,0.1,1.854,0.008,0.008,6.61e-05,1.8e-06,1.8e-06,,,G4II-III,,Graczyk18,,,,,EB,345.3,0.7,True,True,0.00471,0.00013,0.00013,0.2997,0.0028,0.0028,5.5589835186905034,1.1083058654859566,5.044138337708174,6.276778791890274,2.5972825351402604,6.732303854733197
7470,7503,OGLE_LMC-ECL-13529_A,2.857,0.016,0.016,17.03,0.21,0.21,5295.0,75.0,75.0,205.0,13.0,13.0,-0.18,0.14,0.14,2.432,0.011,0.011,0.000578,2.2e-05,2.2e-05,,,G4III,,Graczyk18,,,,,EB,101.1,0.2,True,True,0.0152,0.00058,0.00058,0.4429,0.0056,0.0056,5.1705329202067,22.476380095198564,4.433104194206538,5.261745160352549,4.064249399988949,5.555433973341376
7471,7504,OGLE_LMC-ECL-13529_B,2.81,0.016,0.016,15.98,0.22,0.22,5260.0,90.0,90.0,176.0,13.0,13.0,-0.18,0.14,0.14,2.48,0.012,0.012,0.000689,2.9e-05,2.9e-05,,,G4III,,Graczyk18,,,,,EB,101.1,0.2,True,True,0.0129,0.00054,0.00054,0.4187,0.0059,0.0059,4.745709822735965,0.45761144442450874,4.372659789442684,5.156480091119391,4.056063834579642,5.449576121369566
7472,7505,OGLE_LMC-ECL-15260_A,1.449,0.018,0.018,23.22,0.43,0.43,4810.0,130.0,130.0,260.0,30.0,30.0,-0.63,0.12,0.12,1.868,0.016,0.016,0.0001157,6.6e-06,6.6e-06,,RGB,G8,,Graczyk18,,,,,EB,174.5,0.7,True,False,0.00748,0.00044,0.00044,0.3497,0.0068,0.0068,5.55787977359842,0.7300590067806433,4.989305934194746,6.187047545701141,4.561185877315684,6.6388465556464045
7473,7506,OGLE_LMC-ECL-15260_B,1.422,0.016,0.016,42.2,0.92,0.92,4420.0,85.0,85.0,612.0,54.0,54.0,-0.63,0.12,0.12,1.34,0.019,0.019,1.89e-05,1.3e-06,1.3e-06,,RGB,K2,,Graczyk18,,,,,EB,174.5,0.7,True,False,0.0463,0.0031,0.0031,0.641,0.014,0.014,6.234354762030601,1.3922803792847094,5.525881510699303,7.082191750240497,3.8996487839346576,7.635072203827082
7474,7507,OGLE_LMC-ECL-18836_A,2.858,0.031,0.031,15.95,0.25,0.25,5155.0,100.0,100.0,162.0,14.0,14.0,-0.4,0.1,0.1,2.489,0.013,0.013,0.000704,3.4e-05,3.4e-05,,HB,G5,,Graczyk18,,,,,EB,241.2,0.9,True,True,0.000913,4.6e-05,4.6e-05,0.1735,0.0029,0.0029,4.660009118689278,0.4063279146872897,4.297204905388034,5.0433324381752715,4.028501782181479,5.32984573922998
7475,7508,OGLE_LMC-ECL-18836_B,2.784,0.036,0.036,30.87,0.33,0.33,4605.0,80.0,80.0,386.0,28.0,28.0,-0.4,0.1,0.1,1.904,0.009,0.009,9.46e-05,3.3e-06,3.3e-06,,RGB,K1,,Graczyk18,,,,,EB,241.2,0.9,True,True,0.0069,0.00025,0.00025,0.3398,0.0041,0.0041,5.467687902565027,0.8363535844957273,4.932537149992709,6.080809122661962,4.195828707050539,6.521705774419867
7476,7509,OGLE_LMC-ECL-21873_A,2.984,0.021,0.021,20.26,0.22,0.22,5265.0,75.0,75.0,284.0,17.0,17.0,-0.28,0.12,0.12,2.3,0.009,0.009,0.000359,1.2e-05,1.2e-05,,RGB,G4,,Graczyk18,,,,,EB,211.3,0.5,True,True,0.00292,0.0001,0.0001,0.2551,0.0029,0.0029,4.959297300217266,1.3008880577229431,4.56144986227719,5.482807669102512,3.986099908622515,5.823874414621479
7477,7510,OGLE_LMC-ECL-21873_B,3.093,0.024,0.024,24.67,0.24,0.24,5055.0,80.0,80.0,358.0,24.0,24.0,-0.28,0.12,0.12,2.144,0.008,0.008,0.000206,6.2e-06,6.2e-06,,RGB,G6,,Graczyk18,,,,,EB,211.3,0.5,True,True,0.00498,0.00016,0.00016,0.3056,0.0031,0.0031,5.176284799799754,0.7128285818964071,4.722593438072791,5.7393725752076135,3.913925064616484,6.113853706033218
7478,7511,OGLE_LMC-ECL-24887_A,2.747,0.047,0.047,16.43,0.26,0.26,5130.0,80.0,80.0,168.0,12.0,12.0,-0.22,0.12,0.12,2.446,0.014,0.014,0.000619,3.1e-05,3.1e-05,,,G5III,,Graczyk18,,,,,EB,156.6,0.8,True,True,0.00397,0.00021,0.00021,0.282,0.0049,0.0049,4.764908616700755,0.4509474963077758,4.378185822316267,5.173575406793966,4.096001878201542,5.469491376789654
7479,7512,OGLE_LMC-ECL-24887_B,2.976,0.045,0.045,17.83,0.3,0.3,5070.0,80.0,80.0,189.0,14.0,14.0,-0.22,0.12,0.12,2.409,0.014,0.014,0.000525,2.8e-05,2.8e-05,,,G6III,,Graczyk18,,,,,EB,156.6,0.8,True,True,0.00446,0.00025,0.00025,0.2951,0.0054,0.0054,4.805965852640475,0.5744960598377213,4.412920710529116,5.226819855597911,4.106201803113543,5.533518743080277
7480,7513,OGLE_LMC-ECL-25658_A,2.231,0.024,0.024,21.4,0.15,0.15,4840.0,70.0,70.0,226.0,14.0,14.0,-0.48,0.13,0.13,2.126,0.006,0.006,0.0002276,5.4e-06,5.4e-06,,,G8III,,Graczyk18,,,,,EB,231.3,0.6,True,True,0.002552,6.5e-05,6.5e-05,0.2441,0.002,0.002,5.2089581103047005,0.5762528017977844,4.720973409346484,5.7331317568516065,4.342913128413975,6.108024497844593
7481,7514,OGLE_LMC-ECL-25658_B,2.23,0.023,0.023,27.61,0.19,0.19,4720.0,75.0,75.0,341.0,22.0,22.0,-0.48,0.13,0.13,1.904,0.006,0.006,0.000106,2.4e-06,2.4e-06,,,G9III,,Graczyk18,,,,,EB,231.3,0.6,True,True,0.00548,0.00014,0.00014,0.3151,0.0026,0.0026,5.510277632098743,0.8842110631814506,4.959173858152738,6.136253343672163,4.339918507558343,6.5672028057454845
7482,7515,KIC5193386_A,1.39,0.03,0.03,4.49,0.05,0.05,4780.0,100.0,100.0,9.48,0.82,0.82,-0.36,0.06,0.06,3.274,0.004,0.004,0.01536,0.00061,0.00061,,RGB,,,Benbakoura21,,,,,EB,44.34,0.34,True,True,0.00292,0.00016,0.00016,0.2571,0.0044,0.0044,3.2183833577015295,0.08469497302724309,3.1366915107530096,3.3029464487125475,3.055494573706614,3.385088300877536
7483,7516,KIC5193386_B,1.17,0.05,0.05,1.37,0.01,0.01,6622.0,127.0,127.0,3.25,0.25,0.25,-0.36,0.06,0.06,4.23,0.02,0.02,0.455,0.022,0.022,,,,,Benbakoura21,,,,,EB,44.34,0.34,True,True,0.0001094,5.5e-06,5.5e-06,0.0849,0.0013,0.0013,1.3985225850969958,0.03780078807931011,1.3612258348301867,1.4356443123740417,1.3241026483728906,1.4716899668246537
7484,7517,KIC6307537_A,1.29,0.07,0.07,4.45,0.06,0.06,4960.0,240.0,240.0,10.8,2.1,2.1,0.0,0.4,0.4,3.25,0.01,0.01,0.01464,0.00099,0.00099,,RGB,,,Benbakoura21,,,,,EB,53.71,0.61,True,True,0.00157,0.00012,0.00012,0.2092,0.0048,0.0048,3.52094357507062,0.12741133858237427,3.3956243103906227,3.6505710549564636,3.2795319803445886,3.766194433943919
7485,7518,KIC6307537_B,1.06,0.04,0.04,1.17,0.02,0.02,6387.0,306.0,306.0,2.05,0.4,0.4,0.0,0.4,0.4,4.33,0.02,0.02,0.662,0.042,0.042,,,,,Benbakoura21,,,,,EB,53.71,0.61,True,True,3.91e-05,3.2e-06,3.2e-06,0.0602,0.0015,0.0015,1.213100959284835,0.05140641230567896,1.1616383821202105,1.2646445503940869,1.1116902708416876,1.311479258947854
7486,7519,KIC11235323_A,1.03,0.01,0.01,3.578,0.009,0.009,4840.0,200.0,200.0,6.3,1.0,1.0,-0.4,0.2,0.2,3.342,0.004,0.004,0.02249,0.00028,0.00028,,RGB,,,Benbakoura21,,,,,EB,38.76,0.065,True,True,0.002455,2.9e-05,2.9e-05,0.24137,0.00091,0.00091,3.152714785310266,0.08277037330004097,3.0730689946947405,3.2370239627456083,2.994058571372218,3.3146621907335105
7487,7520,KIC11235323_B,0.989,0.002,0.002,1.544,0.004,0.004,6319.0,254.0,254.0,3.42,0.55,0.55,-0.4,0.2,0.2,4.06,0.0,0.0,0.2687,0.0022,0.0022,,,,,Benbakoura21,,,,,EB,38.76,0.065,True,True,0.0002105,2.6e-06,2.6e-06,0.10611,0.00041,0.00041,1.6565365690066307,0.0465170088476151,1.610204593089981,1.7016191827012979,1.5674485572527703,1.7494658363924624
7489,7522,HD187669_A,1.504,0.004,0.004,11.33,0.28,0.28,4650.0,80.0,80.0,53.9,3.9,3.9,-0.25,0.1,0.1,2.507,0.02,0.02,0.001034,7.7e-05,7.7e-05,,RGB,,,Helminiak15,,,,,EB,120.51,0.04,True,True,0.00268,0.0002,0.0002,0.2482,0.0061,0.0061,4.639614412642125,0.3414844972961347,4.269821685440222,4.992609732291531,4.034650892428579,5.265285442272809
7490,7523,HD187669_B,1.505,0.004,0.004,22.62,0.5,0.5,4330.0,70.0,70.0,161.0,13.0,13.0,-0.25,0.1,0.1,1.907,0.019,0.019,0.00013,8.6e-06,8.6e-06,,RGB,,,Helminiak15,,,,,EB,120.51,0.04,True,True,0.0213,0.0014,0.0014,0.495,0.011,0.011,5.474313817317375,0.5460363119722026,4.907833980302375,6.037717522538034,4.556756725057889,6.439941703059273
12623,12658,TV_Cet_A,1.385,0.052,0.052,1.484,0.02,0.02,6902.0,150.0,150.0,4.5,0.41,0.41,-0.122,0.005,0.005,4.237,0.02,0.02,0.424,0.023,0.023,,MS,F2V,,Eker14+18,,,,,EB,25.15,0.25,True,True,0.000616,4.1e-05,4.1e-05,0.1526,0.0032,0.0032,1.521270647224155,0.040091596916273876,1.48098875368313,1.5622365775733151,1.444143782967782,1.599600051203042
12624,12659,TV_Cet_B,1.265,0.051,0.051,1.221,0.01,0.01,6575.0,150.0,150.0,2.51,0.23,0.23,-0.122,0.005,0.005,4.367,0.019,0.019,0.695,0.033,0.033,,MS,F5V,,Eker14+18,,,,,EB,25.15,0.25,True,True,0.000397,2.3e-05,2.3e-05,0.1308,0.0024,0.0024,1.2129527903575799,0.03474347383349828,1.178472031213873,1.2472635518937392,1.144028764048545,1.2793863291021506
12776,12813,BH_Vir_A,1.178,0.018,0.018,1.228,0.05,0.05,6100.0,100.0,100.0,1.88,0.2,0.2,-0.2839,0.0074,0.0074,4.331,0.036,0.036,0.636,0.078,0.078,,MS,F8V,,Eker14+18,,,,,EB,4.77,0.02,True,False,0.0502,0.0062,0.0062,0.662,0.027,0.027,1.1589867784865684,0.04809755794366422,1.1124693774748715,1.205779815480895,1.0617301146914397,1.2549077391776118
12777,12814,BH_Vir_B,1.05,0.015,0.015,1.118,0.04,0.04,5500.0,200.0,200.0,1.03,0.17,0.17,-0.2839,0.0074,0.0074,4.363,0.032,0.032,0.751,0.081,0.081,,MS,G5V,,Eker14+18,,,,,EB,4.77,0.02,True,False,0.0455,0.005,0.005,0.635,0.023,0.023,1.0334307425018716,0.04541205716631121,0.9884399565758484,1.0790869221843022,0.9440965986714749,1.1225343579975404
12857,12894,KIC7177553_A,1.043,0.014,0.014,0.94,0.005,0.005,5800.0,130.0,130.0,0.901,0.081,0.081,0.204,0.013,0.013,4.51,0.007,0.007,1.256,0.026,0.026,,MS,G2V,,Eker14+18,,,,,EB,36.76,0.15,True,True,5.15e-05,1.3e-06,1.3e-06,0.06663,0.00054,0.00054,0.9254655533007106,0.021236787234457054,0.9044246097178161,0.9463676898956838,0.8851490443281282,0.9685121850047403
12858,12895,KIC7177553_B,0.986,0.015,0.015,0.941,0.005,0.005,5740.0,140.0,140.0,0.866,0.085,0.085,0.204,0.013,0.013,4.485,0.008,0.008,1.183,0.026,0.026,,MS,G2V,,Eker14+18,,,,,EB,36.76,0.15,True,True,5.66e-05,1.5e-06,1.5e-06,0.06843,0.00056,0.00056,0.949874485923911,0.02244017289926884,0.9285522616825403,0.9717271949886028,0.9066950650051832,0.9956683085096246
12879,12916,KIC3230227_A,1.84,0.18,0.18,2.01,0.09,0.09,8000.0,30.0,30.0,14.9,1.4,1.4,-0.135,0.005,0.005,4.097,0.058,0.058,0.227,0.038,0.038,,MS,A6,,Eker14+18,,,,,EB,23.64,0.95,True,True,0.00189,0.0004,0.0004,0.221,0.015,0.015,2.4048172443963387,0.12147771051253409,2.2841452519522445,2.5273043185321975,2.1790438593948083,2.6482427367997565
12880,12917,KIC3230227_B,1.73,0.17,0.17,1.68,0.08,0.08,8177.0,30.0,30.0,11.4,1.1,1.1,-0.135,0.005,0.005,4.226,0.059,0.059,0.365,0.063,0.063,,MS,A6,,Eker14+18,,,,,EB,23.64,0.95,True,True,0.00122,0.00027,0.00027,0.19,0.013,0.013,2.1530575054999064,0.11260687167643178,2.0425025940096364,2.262189812814655,1.93487470985537,2.3694681388497507
12932,12969,V443_Cyg_A,1.2,0.2,0.2,1.3,0.2,0.2,6700.0,350.0,350.0,3.1,1.1,1.1,-0.213,0.025,0.025,4.29,0.152,0.152,0.55,0.27,0.27,,MS,F2/3V,,Eker14+18,,,,,EB,9.4,0.33,True,True,0.008,0.0043,0.0043,0.358,0.062,0.062,1.4281363198299375,0.2685144394336568,1.2691758006426483,1.58092469589755,1.1210748126064625,1.7360980932314503
12933,12970,V443_Cyg_B,1.1,0.3,0.3,1.1,0.2,0.2,6200.0,550.0,550.0,1.61,0.82,0.82,-0.213,0.025,0.025,4.397,0.197,0.197,0.83,0.5,0.5,,MS,F8V,,Eker14+18,,,,,EB,9.4,0.33,True,True,0.0055,0.0034,0.0034,0.315,0.063,0.063,1.1998608824268933,2.1664257695079354,1.0823230434113147,1.3686246281237313,0.9487643795516109,1.5328359544630374
12938,12975,V456_Cyg_A,1.86,0.06,0.06,1.68,0.02,0.02,7750.0,100.0,100.0,9.17,0.52,0.52,0.039,0.016,0.016,4.257,0.017,0.017,0.392,0.019,0.019,,MS,A7V,,Eker14+18,,,,,EB,5.88,0.06,True,False,0.0661,0.0039,0.0039,0.727,0.014,0.014,1.8579401372757252,0.05829744328309809,1.810681722160509,1.9077422093090692,1.7636963635875198,1.9565987814163992
12939,12976,V456_Cyg_B,1.58,0.05,0.05,1.47,0.02,0.02,6755.0,400.0,400.0,4.05,0.97,0.97,0.039,0.016,0.016,4.302,0.018,0.018,0.497,0.026,0.026,,MS,F3V,,Eker14+18,,,,,EB,5.88,0.06,True,False,0.0575,0.0036,0.0036,0.685,0.014,0.014,1.357031265225802,0.06152561131610303,1.2991711507375792,1.4183365539655854,1.2430392931469296,1.4729553833912097
13009,13046,BLG-305487_A,1.06,0.02,0.02,19.27,0.28,0.28,4248.0,375.0,440.0,108.0,41.0,41.0,0.1,0.53,0.67,1.893,0.013,0.013,0.0001481,7e-06,7e-06,,RGB,K0,,Suchomska22,,,,,EB,168.37,0.998,True,True,0.00458,0.00024,0.00024,0.2975,0.005,0.005,5.836966003450241,0.6129095804341145,5.181317479416233,6.515193549898198,4.80785447783917,6.963999287303644
13010,13047,BLG-305487_B,0.991,0.018,0.018,29.99,0.24,0.24,3984.0,242.0,254.0,203.0,51.0,51.0,0.01,0.39,0.34,1.48,0.005,0.005,3.67e-05,1.1e-06,1.1e-06,,AGB,K2,,Suchomska22,,,,,EB,168.37,0.998,True,True,0.01923,0.0007,0.0007,0.4774,0.0056,0.0056,6.418500258927189,0.7751407728402971,5.633464664603149,7.232284001148532,5.1467579355894815,7.804552845944283
13011,13048,BLG-116218_A,0.969,0.012,0.012,16.73,0.28,0.28,4233.0,204.0,196.0,81.0,15.0,15.0,-0.52,0.28,0.33,1.978,0.015,0.015,0.000207,1.1e-05,1.1e-05,,RGB,K2,,Suchomska22,,,,,EB,98.168,0.369,True,False,0.01614,0.00086,0.00086,0.4512,0.0079,0.0079,5.553934732398498,0.5411133013814794,4.9693694615310475,6.130455353061431,4.620724428524043,6.576145526450316
13012,13049,BLG-116218_B,0.983,0.012,0.012,22.06,0.26,0.26,4083.0,143.0,135.0,121.0,17.0,17.0,-0.41,0.21,0.24,1.744,0.009,0.009,9.16e-05,3.4e-06,3.4e-06,,RGB,K3,,Suchomska22,,,,,EB,98.168,0.369,True,False,0.0362,0.0014,0.0014,0.5911,0.0077,0.0077,5.8650442508887775,0.6122507045362999,5.199914470553021,6.519810846558945,4.813566926423035,6.979410278906884
