Seq	SIMBAD_ID	M	eM1	eM2	R	eR1	eR2	Teff	eTeff1	eTeff2	L	eL1	eL2	Meta	eMeta1	eMeta2	logg	elogg1	elogg2	rho	erho1	erho2	cutoff	class	type	pla	catalog	e_M	e_R	e_Teff	e_L	mode
1	47_Tuc-V69 A	0.876	0.005	0.005	1.316	0.005	0.005	5945	150	150	1.941	0.217	0.217	-0.71	0.1	0.1	4.143	0.003	0.003	0.09175882191053168	0.001169689175677649	0.001169689175677649	3.8971687	MS	G		eker14	0.570776255707762	0.379939209726444	2.52312867956266	11.1798042246265	EB
2	47_Tuc-V69 B	0.859	0.006	0.006	1.163	0.006	0.006	5959	150	150	1.531	0.171	0.171	-0.71	0.1	0.1	4.242	0.003	0.003	0.1303663211928678	0.002213666625713926	0.002213666625713926	3.8879917	MS	G		eker14	0.69848661233993	0.515907136715391	2.51720087262964	11.1691704768125	EB
3	AD_Boo A	1.414	0.009	0.009	1.614	0.014	0.014	6575	120	120	4.375	0.356	0.356	0.1	0.15	0.15	4.173	0.008	0.008	0.08028792038871105	0.002150866160227792	0.002150866160227792	3.4842037	MS	F		eker14	0.636492220650636	0.867410161090458	1.82509505703422	8.13714285714286	EB
4	AD_Boo B	1.209	0.006	0.006	1.218	0.01	0.01	6145	120	120	1.901	0.164	0.164	0.1	0.15	0.15	4.351	0.007	0.007	0.15973343337712526	0.004013388800066067	0.004013388800066067	3.7660687	MS	F		eker14	0.496277915632754	0.821018062397373	1.95280716029292	8.62703840084166	EB
5	AG_Ari A	2.164	0.07	0.07	2.232	0.023	0.023	10300	250	250	50.35	5.497	5.497				4.075	0.023	0.023	0.04646073503859044	0.002078844105238302	0.002078844105238302	1.0424662	MS	B		eker14	3.23475046210721	1.03046594982079	2.42718446601942	10.9175769612711	EB
6	AG_Ari B	2.148	0.07	0.07	2.074	0.022	0.022	9800	230	230	35.645	3.801	3.801				4.137	0.023	0.023	0.05748035101388563	0.0026181545928333307	0.0026181545928333307	1.3702162	MS	A		eker14	3.25884543761639	1.06075216972035	2.3469387755102	10.6634871651003	EB
7	AI_Hya A	1.974	0.04	0.04	2.764	0.02	0.02	7100	60	60	17.418	0.654	0.654				3.85	0.004	0.004	0.022317442418795092	0.0006627300883118665	0.0006627300883118665	3.1400662	MS	F		eker14	2.02634245187437	0.723589001447178	0.845070422535211	3.75473647950396	EB
8	AI_Hya B	2.14	0.04	0.04	3.912	0.03	0.03	6700	60	60	27.669	1.105	1.105				3.58	0.004	0.004	0.008533528154796471	0.0002529522196060604	0.0002529522196060604	3.4022662	MS	F		eker14	1.86915887850467	0.766871165644172	0.895522388059702	3.9936390906791	EB
9	AI_Phe A	1.234	0.004	0.004	2.932	0.048	0.048	5010	120	120	4.864	0.519	0.519	-0.14	0.1	0.1	3.595	0.014	0.014	0.01168785062413653	0.0005752770226823098	0.0005752770226823098	4.5100612	PMS	K		torres10	0.324149108589951	1.63710777626194	2.39520958083832	10.6702302631579	EB
10	AI_Phe B	1.19	0.006	0.006	1.762	0.007	0.007	6310	147	147	4.365	0.421	0.421	-0.14	0.1	0.1				0.051932668616570185	0.0006720560977481702	0.0006720560977481702	3.6579112	MS	F		malkov07	0.504201680672269	0.39727582292849	2.32963549920761	9.64490263459336	EB
11	alf_Cen A	1.105	0.007	0.007	1.224	0.003	0.003	5824	26	26	1.549	0.029	0.029	0.24	0.04	0.04	4.306	0.004	0.004	0.14385647532084012	0.0013961933306809553	0.0013961933306809553	3.9764842	MS	G		torres10	0.633484162895928	0.245098039215686	0.446428571428571	1.87217559715946	EB
12	alf_Cen B	0.934	0.006	0.006	0.863	0.005	0.005	5223	62	62	0.498	0.025	0.025	0.24	0.04	0.04	4.536	0.006	0.006	0.34691723776718636	0.006428505148356816	0.006428505148356816	4.3704397	MS	G		torres10	0.642398286937901	0.579374275782155	1.18705724679303	5.02008032128514	EB
13	alf_CrB A	2.581	0.045	0.045	3.059	0.302	0.302	9700	200	200	74.302	20.322	20.322				3.89	0.0860851675189244	0.0860851675189244	0.021525882448320845	0.006386470097445911	0.006386470097445911	1.4357662	MS	A		eker14	1.74351026733824	9.87250735534488	2.06185567010309	27.3505423810934	EB
14	alf_CrB B	0.922	0.025	0.025	0.906	0.04	0.04	5800	300	300	0.834	0.243	0.243				4.5	0.0401156250680685	0.0401156250680685	0.2959768329123111	0.040015270586243074	0.040015270586243074	3.9922162	MS	G		eker14	2.7114967462039	4.41501103752759	5.17241379310345	29.136690647482	EB
15	AN_Cam A	1.4	0.14	0.14	2.3	0.23	0.23	5495	393	393	4.305	1.748	1.748							0.02746982662061151	0.008686721905105844	0.008686721905105844	4.1921437	PMS	G		malkov07	10.0	10.0	7.15195632393085	40.6039488966318	EB
16	AN_Cam B	1.4	0.14	0.14	1.7	0.17	0.17	6026	431	431	3.404	1.382	1.382							0.06802877681518017	0.021512588117122488	0.021512588117122488	3.8440732	MS	F		malkov07	10.0	10.0	7.15233986060405	40.599294947121	EB
17	AR_Aur A	2.48	0.098	0.098	1.781	0.036	0.036	10940	306	306	40.738	4.971	4.971							0.10480242049381694	0.007585512715588827	0.007585512715588827	0.622946199999999	MS	B		malkov07	3.95161290322581	2.02133632790567	2.79707495429616	12.2023663410084	EB
18	AR_Cas B	1.869	0.06	0.06	1.604	0.03	0.03	8150	200	200	10.186	1.19	1.19				4.3	0.02	0.02	0.10812038916925194	0.006989367698205203	0.006989367698205203	2.4517912	MS	A		eker14	3.21027287319422	1.87032418952618	2.45398773006135	11.6827017474966	EB
19	AS_Cam B	2.51	0.05	0.05	2.0	0.15	0.15	10023	352	352	36.308	8.361	8.361							0.07490229509262324	0.016918937826514872	0.016918937826514872	1.2240397	MS	B		malkov07	1.99203187250996	7.5	3.51192257807044	23.027982813705	EB
20	AY_Cam A	1.947	0.041	0.041	2.784	0.02	0.02	7250	100	100	19.231	1.14	1.14				3.832	0.015	0.015	0.021541187919086907	0.0006490720519461916	0.0006490720519461916	3.0417412	MS	F		eker14	2.10580380071905	0.718390804597701	1.37931034482759	5.92792886485362	EB
21	AY_Cam B	1.707	0.036	0.036	2.034	0.015	0.015	7395	100	100	11.117	0.659	0.659				4.057	0.016	0.016	0.04842750181252323	0.0014802024249828756	0.0014802024249828756	2.9466937	MS	F		eker14	2.10896309314587	0.737463126843658	1.35226504394861	5.92785823513538	EB
22	bet_Aur A	2.369	0.027	0.027	2.762	0.017	0.017	9350	200	200	52.36	4.92	4.92				3.932	0.005	0.005	0.026841416351768607	0.0005824329442113847	0.0005824329442113847	1.6651912	MS	A		eker14	1.1397214014352	0.615496017378711	2.13903743315508	9.3964858670741	EB
23	bet_Aur B	2.295	0.027	0.027	2.568	0.017	0.017	9200	200	200	42.462	4.097	4.097				3.979	0.005	0.005	0.03235258764293225	0.0007467916909443623	0.0007467916909443623	1.7635162	MS	A		eker14	1.17647058823529	0.661993769470405	2.17391304347826	9.64862700767745	EB
24	BG_Ind A	1.428	0.008	0.008	2.29	0.017	0.017	6353	270	270	7.907	1.621	1.621	-0.2	0.1	0.1	3.86505724276038	0.0068917938020421	0.0068917938020421	0.02838789244480446	0.0006519154916152006	0.0006519154916152006	3.6297247	MS	F		eker14	0.560224089635854	0.74235807860262	4.24996064851251	20.5008220564057	EB
25	BG_Ind B	1.293	0.008	0.008	1.68	0.038	0.039	6653	233	233	5.117	0.881	0.881	-0.2	0.1	0.1	4.09097996142867	0.0198295561346882	0.020341925232502	0.0651001621649953	0.0044358358185666615	0.0045516181085409205	3.4330747	MS	F		eker14	0.618716163959783	2.29166666666667	3.50217946790921	17.2171194059019	EB
26	BH_Vir A	1.166	0.008	0.008	1.247	0.024	0.024	6100	100	100	1.932	0.153	0.153				4.313	0.017	0.017	0.1435524406504529	0.008346826948437112	0.008346826948437112	3.7955662	MS	F		torres10	0.686106346483705	1.92461908580593	1.63934426229508	7.91925465838509	EB
27	BH_Vir B	1.05	0.015	0.015	1.118	0.04	0.04	5500	200	200	1.028	0.199	0.199				4.35430569196913	0.0316897899866806	0.0316897899866806	0.17938052019590348	0.01942350801338325	0.01942350801338325	4.1888662	MS	G		eker14	1.42857142857143	3.5778175313059	3.63636363636364	19.3579766536965	EB
28	BK_Peg A	1.43	0.02	0.02	1.97	0.07	0.07	6053	28	28	4.677	0.335	0.335	-0.12	0.07	0.07				0.04465280541997304	0.004800737750778811	0.004800737750778811	3.8263747	MS	F		malkov07	1.3986013986014	3.55329949238579	0.462580538575913	7.16271113961942	EB
29	BK_Peg B	1.28	0.01	0.01	1.57	0.11	0.11	6123	28	28	3.09	0.458	0.458	-0.12	0.07	0.07				0.07896277513007183	0.016608731829663777	0.016608731829663777	3.7804897	MS	F		malkov07	0.78125	7.00636942675159	0.4572921770374	14.8220064724919	EB
30	BP_Vul A	1.737	0.015	0.015	1.853	0.014	0.014	7709	150	150	10.889	0.941	0.941				4.142	0.007	0.007	0.06517558698242498	0.0015808517998813934	0.0015808517998813934	2.7408667	MS	A		eker14	0.863557858376511	0.755531570426336	1.94577766247243	8.64174855358619	EB
31	BP_Vul B	1.408	0.009	0.009	1.489	0.014	0.014	6823	150	150	4.315	0.427	0.427				4.24	0.008	0.008	0.10181926372564548	0.002944821253927379	0.002944821253927379	3.3216397	MS	F		eker14	0.639204545454545	0.940228341168569	2.19844643118863	9.89571263035921	EB
32	BS_Dra A	1.363	0.054	0.054	1.508	0.043	0.043	6699	479	479	4.256	0.089	0.089							0.09488623660935651	0.008945191116908049	0.008945191116908049	3.4029217	MS	F		malkov07	3.96184886280264	2.85145888594164	7.15032094342439	2.09116541353383	EB
33	BS_Dra B	1.361	0.054	0.054	1.434	0.044	0.044	6668	15	15	3.784	0.088	0.088							0.11018489494044635	0.011044617619379454	0.011044617619379454	3.4232422	MS	F		malkov07	3.96767083027186	3.06834030683403	0.2249550089982	2.32558139534884	EB
34	BW_Aqr A	1.479	0.02	0.02	2.057	0.04	0.04	6350	100	100	6.18	0.488	0.488	-0.07	0.11	0.11	3.981	0.019	0.019	0.04056735472664725	0.0024293419243208757	0.0024293419243208757	3.6316912	MS	F		eker14	1.35226504394861	1.94457948468644	1.5748031496063	7.89644012944984	EB
35	BW_Aqr B	1.377	0.02	0.02	1.788	0.04	0.04	6450	100	100	4.966	0.417	0.417	-0.07	0.11	0.11	4.075	0.022	0.022	0.057509923192446785	0.003949076119215184	0.003949076119215184	3.5661412	MS	F		eker14	1.45243282498184	2.23713646532438	1.55038759689922	8.39710028191703	EB
36	CD_Tau A	1.441	0.016	0.016	1.798	0.017	0.017	6200	50	50	4.285	0.171	0.171	0.08	0.15	0.15	4.087	0.01	0.01	0.05918427191914277	0.0018027904291465066	0.0018027904291465066	3.7300162	MS	F		eker14	1.11034004163775	0.945494994438265	0.806451612903226	3.99066511085181	EB
37	CD_Tau B	1.366	0.016	0.016	1.584	0.02	0.02	6200	50	50	3.327	0.141	0.141	0.08	0.15	0.15	4.174	0.012	0.012	0.08205339563704174	0.0032532879602973127	0.0032532879602973127	3.7300162	MS	F		eker14	1.17130307467057	1.26262626262626	0.806451612903226	4.2380522993688	EB
38	CF_Tau A	1.282	0.009	0.009	2.797	0.011	0.011	5200	150	150	5.14	0.667	0.667				3.653	0.005	0.005	0.013986917612935435	0.00019202643844583276	0.00019202643844583276	4.3855162	PMS	G		eker14	0.702028081123245	0.39327851269217	2.88461538461538	12.9766536964981	EB
39	CF_Tau B	1.252	0.011	0.011	2.048	0.016	0.016	6000	150	150	4.875	0.545	0.545				3.913	0.008	0.008	0.034795722822493345	0.0008709427056417162	0.0008709427056417162	3.8611162	MS	F		eker14	0.878594249201278	0.78125	2.5	11.1794871794872	EB
40	CG_Cyg A	0.948	0.012	0.012	0.896	0.013	0.013	5260	185	185	0.552	0.092	0.092				4.512	0.014	0.014	0.31462678975568936	0.014262042467640148	0.014262042467640148	4.3461862	MS	G		eker14	1.26582278481013	1.45089285714286	3.5171102661597	16.6666666666667	EB
41	CG_Cyg B	0.821	0.013	0.013	0.846	0.014	0.014	4720	66	66	0.319	0.022	0.022				4.505	0.016	0.016	0.3237005659403506	0.016867847783234146	0.016867847783234146	4.7001562	PMS	K		eker14	1.58343483556638	1.6548463356974	1.39830508474576	6.89655172413793	EB
42	chi02_Hya B	2.638	0.05	0.05	2.165	0.043	0.043	10990	256	256	61.66	5.949	30.509							0.06206010125671223	0.0038803859478106716	0.0038803859478106716	0.590171199999999	MS	B		malkov07	1.89537528430629	1.98614318706697	2.32939035486806	29.5637366201752	EB
43	CM_Lac A	1.971	0.06	0.06	1.509	0.03	0.03	9000	300	300	13.428	2.168	2.168				4.37	0.02	0.02	0.1369399912086559	0.009169729801777014	0.009169729801777014	1.8946162	MS	A		eker14	3.0441400304414	1.98807157057654	3.33333333333333	16.1453678879952	EB
44	CM_Lac B	1.503	0.1	0.1	1.549	0.03	0.03	4586	160	160	0.953	0.161	0.161				4.23	0.03	0.03	0.0965419614149233	0.008527755567969123	0.008527755567969123	4.7879932	PMS	K		eker14	6.65335994677312	1.93673337637185	3.48887919755778	16.894018887723	EB
45	CN_Lyn A	1.038	0.02	0.02	1.799	0.21	0.21	6500	250	250	5.188	2.006	2.006				3.94	0.1	0.1	0.04256133621286281	0.014927291149282691	0.014927291149282691	3.5333662	MS	F		eker14	1.92678227360308	11.6731517509728	3.84615384615385	38.6661526599846	EB
46	CN_Lyn B	1.038	0.02	0.02	1.839	0.24	0.24	6455	260	260	5.272	2.331	2.331				3.93	0.11	0.11	0.0398440573465216	0.015618510211967576	0.015618510211967576	3.5628637	MS	F		eker14	1.92678227360308	13.0505709624796	4.0278853601859	44.2147192716237	EB
47	CO_And A	1.289	0.007	0.007	1.727	0.021	0.021	6140	130	130	3.802	0.367	0.367	0.01	0.15	0.15	4.074	0.011	0.011	0.05974303692164172	0.002203409456563111	0.002203409456563111	3.7693462	MS	F		eker14	0.543056633048875	1.21598147075854	2.11726384364821	9.65281430825881	EB
48	CO_And B	1.264	0.007	0.007	1.694	0.017	0.017	6170	130	130	3.733	0.351	0.351	0.01	0.15	0.15	4.082	0.009	0.009	0.06207521703455536	0.0019002073591008431	0.0019002073591008431	3.7496812	MS	F		eker14	0.55379746835443	1.00354191263282	2.10696920583468	9.40262523439593	EB
49	CV_Boo A	1.045	0.013	0.013	1.269	0.023	0.023	5760	150	150	1.592	0.198	0.198				4.249	0.016	0.016	0.12207952051524029	0.006809409519175832	0.006809409519175832	4.0184362	MS	G		eker14	1.24401913875598	1.81245074862096	2.60416666666667	12.4371859296482	EB
50	CV_Boo B	0.995	0.012	0.012	1.18	0.023	0.023	5670	150	150	1.291	0.164	0.164				4.285	0.017	0.017	0.1445734182685753	0.008631804267012095	0.008631804267012095	4.0774312	MS	G		eker14	1.20603015075377	1.94915254237288	2.64550264550265	12.7033307513555	EB
51	CW_CMa A	2.092	0.015	0.015	1.885	0.038	0.038	10186	480	480	34.356	6.949	6.949							0.07456568420926497	0.004541125932903697	0.004541125932903697	1.1171932	MS	B		malkov07	0.717017208413002	2.0159151193634	4.7123502847045	20.2264524391664	EB
52	CW_CMa B	1.977	0.016	0.016	1.789	0.072	0.072	9772	508	508	26.062	5.271	5.271							0.08243032996502857	0.009974793504020323	0.009974793504020323	1.3885702	MS	A		malkov07	0.809307030854831	4.02459474566797	5.1985264019648	20.2248484383393	EB
53	CW_Eri A	1.583	0.02	0.02	2.093	0.05	0.05	6840	86	86	8.61	0.637	0.637				3.98794245818498	0.0214630721781817	0.0214630721781817	0.04121778224748565	0.002999524593541022	0.002999524593541022	3.3104962	MS	F		eker14	1.26342387871131	2.38891543239369	1.25730994152047	7.39837398373984	EB
54	CW_Eri B	1.327	0.01	0.01	1.569	0.07	0.07	6561	100	100	4.093	0.499	0.499				4.16162503569056	0.0388895332421045	0.0388895332421045	0.08201881357406023	0.010995047546292954	0.010995047546292954	3.4933807	MS	F		eker14	0.753579502637528	4.46144040790312	1.52415790275873	12.1915465428781	EB
55	DM_Vir A	1.454	0.008	0.008	1.764	0.017	0.017	6500	100	100	4.989	0.345	0.345				4.108	0.009	0.009	0.06323828082482005	0.0018611309353191042	0.0018611309353191042	3.5333662	MS	F		eker14	0.550206327372765	0.963718820861678	1.53846153846154	6.91521346963319	EB
56	DM_Vir B	1.448	0.008	0.008	1.764	0.017	0.017	6500	300	300	4.989	0.332	0.332				4.106	0.008	0.008	0.0629773250580051	0.001853719850708748	0.001853719850708748	3.5333662	MS	F		torres10	0.552486187845304	0.963718820861678	4.61538461538462	6.65464020845861	EB
57	DV_Psc A	0.677	0.019	0.02	0.685	0.03	0.03	4450	8	8	0.165	0.016	0.016				4.58920752570029	0.0399453414433454	0.0401457294805825	0.5028382947337676	0.06755675276035279	0.06771580297667888	4.8771412	PMS	K		eker14	2.88035450516987	4.37956204379562	0.179775280898876	9.6969696969697	EB
58	EE_Peg A	2.151	0.024	0.024	2.09	0.025	0.025	8700	200	200	22.491	2.227	2.227				4.131	0.01	0.01	0.0562487586859889	0.002113814062110417	0.002113814062110417	2.0912662	MS	A		torres10	1.11576011157601	1.19617224880383	2.29885057471264	9.90173847316705	EB
59	EE_Peg B	1.332	0.01	0.01	1.321	0.01	0.01	6450	300	300	2.71	0.624	0.624				4.33	0.01	0.01	0.13794538089266944	0.003299490485282401	0.003299490485282401	3.5661412	MS	F		eker14	0.750750750750751	0.757002271006813	4.65116279069767	23.0258302583026	EB
60	EF_Aqr A	1.244	0.008	0.008	1.338	0.012	0.012	6150	65	65	2.301	0.108	0.108	0.0	0.1	0.1	4.28	0.007	0.007	0.12398336828555324	0.003429837436811261	0.003429837436811261	3.7627912	MS	F		eker14	0.643086816720257	0.896860986547085	1.05691056910569	4.69361147327249	EB
61	EF_Aqr B	0.946	0.006	0.006	0.956	0.012	0.012	5185	110	110	0.593	0.057	0.057	0.0	0.1	0.1	4.453	0.011	0.011	0.2584811339611389	0.009870695791727377	0.009870695791727377	4.3953487	MS	K		eker14	0.634249471458774	1.25523012552301	2.12150433944069	9.61214165261383	EB
62	EG_Ser A	2.2	0.05	0.05	1.689	0.01	0.01	9900	200	200	24.604	2.188	2.188				4.3	0.1	0.1	0.1090046746021964	0.0031442080311296985	0.0031442080311296985	1.3046662	MS	A		eker14	2.27272727272727	0.59206631142688	2.02020202020202	8.89286294911397	EB
63	EG_Ser B	1.99	0.03	0.03	1.549	0.01	0.01	9100	200	200	14.757	1.424	1.424				4.36	0.08	0.08	0.12782335543293238	0.003137173185973343	0.003137173185973343	1.8290662	MS	A		eker14	1.50753768844221	0.645577792123951	2.1978021978022	9.64965778952362	EB
64	EI_Cep A	1.772	0.007	0.007	2.898	0.048	0.048	6750	100	100	15.668	1.159	1.159				3.763	0.014	0.014	0.017381208322736607	0.0008663875466562387	0.0008663875466562387	3.3694912	MS	F		eker14	0.395033860045147	1.65631469979296	1.48148148148148	7.39724278784784	EB
65	EI_Cep B	1.68	0.006	0.006	2.33	0.044	0.044	6950	100	100	11.376	0.842	0.842				3.929	0.016	0.016	0.03170683622324049	0.0017998329248051195	0.0017998329248051195	3.2383912	MS	F		eker14	0.357142857142857	1.88841201716738	1.43884892086331	7.40154711673699	EB
66	EK_Cep A	2.024	0.02	0.02	1.579	0.015	0.015	9000	200	200	14.689	1.454	1.454	0.07	0.05	0.05	4.35	0.015	0.015	0.12273700141554365	0.0037021808777612706	0.0037021808777612706	1.8946162	MS	A		eker14	0.988142292490119	0.949968334388854	2.22222222222222	9.8985635509565	EB
67	EK_Cep B	1.122	0.01	0.01	1.315	0.015	0.015	5700	190	190	1.641	0.256	0.256	0.07	0.05	0.05	4.251	0.015	0.015	0.11779503597428394	0.0041654834263625895	0.0041654834263625895	4.0577662	MS	G		eker14	0.89126559714795	1.14068441064639	3.33333333333333	15.6002437538087	EB
68	ER_Vul A	1.093	0.07	0.07	1.161	0.06	0.06	6000	52	52	1.567	0.191	0.191				4.33895572247256	0.0528069620912188	0.0528069620912188	0.1667381173068748	0.027969612289519618	0.027969612289519618	3.8611162	MS	F		eker14	6.40439158279963	5.16795865633075	0.866666666666667	12.1888959795788	EB
69	ER_Vul B	1.055	0.06	0.06	1.181	0.14	0.14	5883	52	52	1.5	0.473	0.473				4.30875266440668	0.105886637734529	0.105886637734529	0.15290234902507008	0.055067714618836895	0.055067714618836895	3.9378097	MS	G		eker14	5.68720379146919	11.8543607112616	0.883902770695224	31.5333333333333	EB
70	EW_Ori A	1.173	0.011	0.011	1.169	0.005	0.005	6070	95	95	1.667	0.111	0.111	0.05	0.09	0.09	4.372	0.005	0.005	0.1752935229521272	0.00278594002369598	0.00278594002369598	3.8152312	MS	F		eker14	0.937766410912191	0.427715996578272	1.56507413509061	6.65866826634673	EB
71	EW_Ori B	1.123	0.009	0.009	1.098	0.005	0.005	5900	95	95	1.312	0.091	0.091	0.05	0.09	0.09	4.408	0.005	0.005	0.20252755820232812	0.0032077233111469095	0.0032077233111469095	3.9266662	MS	G		eker14	0.801424755120214	0.455373406193078	1.61016949152542	6.9359756097561	EB
72	EY_Cep A	1.524	0.008	0.008	1.463	0.01	0.01	7090	150	150	4.853	0.456	0.456				4.29	0.006	0.006	0.11618856269637563	0.0024593686985178633	0.0024593686985178633	3.1466212	MS	F		eker14	0.5249343832021	0.683526999316473	2.11565585331453	9.39624974242736	EB
73	EY_Cep B	1.5	0.014	0.014	1.468	0.01	0.01	6970	150	150	4.571	0.441	0.441				4.28	0.006	0.006	0.1131942804250544	0.0025430698503200663	0.0025430698503200663	3.2252812	MS	F		eker14	0.933333333333333	0.681198910081744	2.15208034433286	9.64777947932619	EB
74	FL_Lyr A	1.218	0.016	0.016	1.282	0.03	0.03	6150	100	100	2.109	0.182	0.182				4.31	0.02	0.02	0.13800493073369632	0.009856486015559118	0.009856486015559118	3.7627912	MS	F		eker14	1.3136288998358	2.34009360374415	1.6260162601626	8.62968231389284	EB
75	FL_Lyr B	0.958	0.012	0.012	0.962	0.028	0.028	5300	100	100	0.656	0.065	0.065				4.453	0.025	0.025	0.2568926528943172	0.022661006704130057	0.022661006704130057	4.3199662	MS	G		torres10	1.25260960334029	2.91060291060291	1.88679245283019	9.90853658536585	EB
76	FM_Leo A	1.318	0.007	0.007	1.649	0.043	0.043	6316	240	240	3.882	0.742	0.742				4.124	0.023	0.023	0.07017215823536821	0.005502150530435502	0.005502150530435502	3.6539782	MS	F		eker14	0.531107738998483	2.60764099454215	3.79987333755542	19.1138588356517	EB
77	FM_Leo B	1.287	0.007	0.007	1.512	0.049	0.049	6190	211	211	3.013	0.535	0.535				4.189	0.028	0.028	0.08888624587851324	0.008655230939384277	0.008655230939384277	3.7365712	MS	F		eker14	0.543900543900544	3.24074074074074	3.40872374798061	17.756388981082	EB
78	FS_Mon A	1.632	0.012	0.012	2.061	0.012	0.012	6715	100	100	7.762	0.498	0.498				4.026	0.005	0.005	0.04450384862991096	0.000843427809659985	0.000843427809659985	3.3924337	MS	F		eker14	0.735294117647059	0.582241630276565	1.48920327624721	6.41587219788714	EB
79	FS_Mon B	1.462	0.01	0.01	1.637	0.012	0.012	6550	100	100	4.426	0.295	0.295				4.179	0.006	0.006	0.07956328850996697	0.001832390428014551	0.001832390428014551	3.5005912	MS	F		eker14	0.683994528043776	0.733048259010385	1.52671755725191	6.66516041572526	EB
80	FT_Ori A	2.168	0.022	0.022	1.871	0.013	0.013	9600	400	400	26.669	5.32	5.32				4.237	0.006	0.006	0.07902223451168194	0.0018319966317594412	0.0018319966317594412	1.5013162	MS	A		eker14	1.01476014760148	0.694815606627472	4.16666666666667	19.9482545277288	EB
81	FT_Ori B	1.773	0.02	0.02	1.626	0.013	0.013	8600	300	300	12.972	2.129	2.129				4.272	0.007	0.007	0.09845969871937071	0.0026097156064313638	0.0026097156064313638	2.1568162	MS	A		eker14	1.12803158488438	0.799507995079951	3.48837209302326	16.4122725871107	EB
82	GG_Lup B	2.509	0.024	0.024	1.725	0.019	0.019	10990	624	624	38.905	10.073	10.073							0.11669298622834158	0.00401425818007376	0.00401425818007376	0.590171199999999	MS	B		malkov07	0.956556396970905	1.10144927536232	5.6778889899909	25.8912736152166	EB
83	GG_Ori A	2.342	0.016	0.016	1.852	0.025	0.025	9950	200	200	30.2	2.761	2.761				4.272	0.012	0.012	0.08801877792133828	0.0036148409193824524	0.0036148409193824524	1.2718912	MS	A		eker14	0.683176771989752	1.34989200863931	2.01005025125628	9.14238410596027	EB
84	GG_Ori B	2.337	0.017	0.017	1.83	0.025	0.025	9950	200	200	29.444	2.766	2.766				4.282	0.012	0.012	0.0910367686198305	0.0037893295782492663	0.0037893295782492663	1.2718912	MS	A		eker14	0.727428326914848	1.36612021857923	2.01005025125628	9.39410406194811	EB
85	GX_Gem A	1.488	0.011	0.011	2.334	0.012	0.012	6194	100	100	7.194	0.497	0.497	-0.12	0.1	0.1	3.887	0.004	0.004	0.02793905848452218	0.00047787512361487696	0.00047787512361487696	3.7339492	MS	F		eker14	0.739247311827957	0.51413881748072	1.61446561188247	6.90853489018627	EB
86	GX_Gem B	1.467	0.01	0.01	2.244	0.012	0.012	6166	100	100	6.531	0.467	0.467	-0.12	0.1	0.1	3.904	0.005	0.005	0.030993665870838606	0.0005402483964678855	0.0005402483964678855	3.7523032	MS	F		eker14	0.681663258350375	0.53475935828877	1.62179695102173	7.15051293829429	EB
87	GZ_CMa A	2.201	0.025	0.025	2.49	0.03	0.03	8810	350	350	33.497	6.406	6.406				3.99	0.01	0.01	0.03403559850718124	0.0012895160143928301	0.0012895160143928301	2.0191612	MS	A		eker14	1.13584734211722	1.20481927710843	3.9727582292849	19.1241006657313	EB
88	GZ_CMa B	2.001	0.025	0.025	2.13	0.04	0.04	8531	340	340	21.577	4.245	4.245				4.08	0.015	0.015	0.049433307462047923	0.0028526347827613876	0.0028526347827613876	2.2020457	MS	A		eker14	1.24937531234383	1.87793427230047	3.98546477552456	19.6737266533809	EB
89	HP_Aur A	0.959	0.011	0.011	1.052	0.012	0.012	5790	80	80	1.117	0.072	0.072				4.375	0.009	0.009	0.19664494119620765	0.007097253989110046	0.007097253989110046	3.9987712	MS	G		eker14	1.14702815432742	1.14068441064639	1.38169257340242	6.44583706356311	EB
90	HP_Aur B	0.807	0.01	0.01	0.823	0.009	0.009	5270	90	90	0.469	0.036	0.036				4.514	0.011	0.011	0.3456092995140412	0.012120186084078855	0.012120186084078855	4.3396312	MS	G		eker14	1.23915737298637	1.09356014580802	1.70777988614801	7.67590618336887	EB
91	HP_Dra A	1.056	0.005	0.005	1.34	0.012	0.012	6000	150	150	2.089	0.239	0.239				4.218	0.01	0.01	0.10477578269998396	0.0028582539757766984	0.0028582539757766984	3.8611162	MS	F		eker14	0.473484848484849	0.895522388059701	2.5	11.4408808042125	EB
92	HP_Dra B	1.024	0.007	0.007	1.028	0.01	0.01	5895	150	150	1.146	0.134	0.134				4.433	0.011	0.011	0.22502563885952898	0.006744655039192358	0.006744655039192358	3.9299437	MS	G		eker14	0.68359375	0.972762645914397	2.54452926208651	11.6928446771379	EB
93	HS_Aur A	0.898	0.019	0.019	1.005	0.023	0.023	5350	70	70	0.743	0.055	0.055	-0.01	0.01	0.01	4.39	0.02	0.02	0.21119787399458056	0.015173080763235964	0.015173080763235964	4.2871912	MS	G		eker14	2.11581291759465	2.28855721393035	1.30841121495327	7.40242261103634	EB
94	HS_Aur B	0.877	0.017	0.017	0.874	0.03	0.03	5200	72	72	0.501	0.048	0.048	-0.01	0.01	0.01	4.5	0.03	0.03	0.3136004564685124	0.03286012816831303	0.03286012816831303	4.3855162	MS	G		eker14	1.93842645381984	3.4324942791762	1.38461538461538	9.58083832335329	EB
95	HS_Hya A	1.255	0.008	0.008	1.278	0.007	0.007	6500	50	50	2.618	0.086	0.086				4.326	0.006	0.006	0.1435365670518216	0.0025298393482150123	0.0025298393482150123	3.5333662	MS	F		eker14	0.637450199203187	0.54773082942097	0.769230769230769	3.28495034377387	EB
96	HS_Hya B	1.219	0.007	0.007	1.22	0.007	0.007	6400	50	50	2.244	0.079	0.079				4.354	0.006	0.006	0.16026386208731713	0.00290810077693519	0.00290810077693519	3.5989162	MS	F		eker14	0.574241181296144	0.573770491803279	0.78125	3.5204991087344	EB
97	HW_CMa A	1.779	0.012	0.012	1.668	0.021	0.021	7700	150	150	8.79	0.782	0.782	0.28	0.1	0.1	4.247	0.011	0.011	0.09151645732236795	0.003511247486839595	0.003511247486839595	2.7467662	MS	A		eker14	0.674536256323777	1.2589928057554	1.94805194805195	8.89647326507395	EB
98	HW_CMa B	1.719	0.011	0.011	1.649	0.018	0.018	7560	150	150	7.98	0.71	0.71	0.33	0.1	0.1	4.242	0.01	0.01	0.0915219575163869	0.0030537654727529466	0.0030537654727529466	2.8385362	MS	A		eker14	0.639906922629436	1.09157064887811	1.98412698412698	8.89724310776942	EB
99	IM_Vir A	0.981	0.012	0.012	1.062	0.016	0.016	5570	100	100	0.975	0.082	0.082	-0.1	0.25	0.25	4.379	0.014	0.014	0.1955270499568795	0.009155318361996904	0.009155318361996904	4.1429812	MS	G		eker14	1.22324159021407	1.50659133709981	1.79533213644524	8.41025641025641	EB
100	IM_Vir B	0.664	0.005	0.005	0.681	0.013	0.013	4250	130	130	0.136	0.02	0.02	-0.1	0.25	0.25	4.594	0.017	0.017	0.5019241986941838	0.028991974569743017	0.028991974569743017	5.0082412	PMS	K		eker14	0.753012048192771	1.90895741556535	3.05882352941176	14.7058823529412	EB
101	IQ_Per B	1.733	0.02	0.02	1.509	0.02	0.02	7670	100	100	7.079	0.437	0.437				4.324	0.013	0.013	0.12040436568472891	0.004985029735669402	0.004985029735669402	2.7664312	MS	A		eker14	1.15406809001731	1.32538104705103	1.30378096479791	6.17318830343269	EB
102	IT_Cas A	1.33	0.009	0.009	1.603	0.015	0.015	6470	110	110	4.046	0.309	0.309				4.158	0.009	0.009	0.07708368439537025	0.0022259024153453593	0.0022259024153453593	3.5530312	MS	F		eker14	0.676691729323308	0.935745477230193	1.70015455950541	7.63717251606525	EB
103	IT_Cas B	1.328	0.008	0.008	1.569	0.04	0.04	6470	110	110	3.873	0.364	0.364				4.175	0.02	0.02	0.08208062127080029	0.006297119617648172	0.006297119617648172	3.5530312	MS	F		eker14	0.602409638554217	2.54939451880179	1.70015455950541	9.39839917376711	EB
104	Kepler-34A	1.0479	0.0033	0.003	1.1618	0.0027	0.0031	5913	130	130	1.49	0.13	0.13	-0.07	0.15	0.15	4.3284	0.0021	0.0021	0.15952807131596172	0.0012204171541816834	0.001356205936659709	3.9181447	MS	G	p	welsh12	0.30060120240481	0.249612669994836	2.19854557754101	8.7248322147651	EB
105	Kepler-34B	1.0208	0.0022	0.0022	1.0927	0.0032	0.0027	5867	130	130	1.28	0.11	0.11	-0.07	0.15	0.15	4.3703	0.0022	0.0022	0.18678810788935415	0.0016896957088333934	0.0014419609513346933	3.9482977	MS	G	p	welsh12	0.21551724137931	0.269973460236112	2.2157831941367	8.59375	EB
106	Kepler-35A	0.8876	0.0051	0.0053	1.0284	0.002	0.0019	5606	150	150	0.94	0.1	0.1	-0.34	0.2	0.2	4.3623	0.002	0.002	0.19482401103161928	0.0015953422297377035	0.001587248312375175	4.1193832	MS	G	p	welsh12	0.585849481748535	0.189614935822637	2.67570460221192	10.6382978723404	EB
107	Kepler-35B	0.8094	0.0041	0.0044	0.7861	0.002	0.0022	5202	100	100	0.41	0.03	0.03	-0.34	0.2	0.2	4.5556	0.0016	0.0016	0.3977784049263859	0.003643874511505529	0.003978623961444989	4.3842052	MS	G	p	welsh12	0.525080306399802	0.267141585040071	1.92233756247597	7.31707317073171	EB
108	KIC_6131659 A	0.922	0.007	0.007	0.88	0.003	0.003	5660	140	140	0.713	0.078	0.078	-0.21	0.1	0.1	4.50576557675329	0.0044316972988704	0.0044316972988704	0.32299388132761325	0.004114065636619203	0.004114065636619203	4.0839862	MS	G		eker14	0.759219088937093	0.340909090909091	2.47349823321555	10.9396914446003	EB
109	KIC_6131659 B	0.685	0.005	0.005	0.64	0.006	0.006	4780	105	105	0.192	0.019	0.019	-0.21	0.1	0.1	4.65333062352465	0.0087383011588306	0.0087383011588306	0.6238239441944978	0.01812629905303512	0.01812629905303512	4.6608262	MS	K		eker14	0.72992700729927	0.9375	2.19665271966527	9.89583333333333	EB
110	KW_Hya A	1.978	0.036	0.036	2.125	0.016	0.016	7998	205	205	16.596	1.601	1.601							0.0492108509404988	0.001427518263485177	0.001427518263485177	2.5514272	MS	A		malkov07	1.82002022244692	0.752941176470588	2.5631407851963	9.646902868161	EB
111	KW_Hya B	1.485	0.017	0.017	1.486	0.022	0.022	6900	200	200	4.498	0.607	0.607				4.268	0.01	0.01	0.10803921402531011	0.004955342383639829	0.004955342383639829	3.2711662	MS	F		eker14	1.14478114478114	1.48048452220727	2.89855072463768	13.4948866162739	EB
112	LL_Aqr A	1.223	0.058	0.058	1.325	0.02	0.02	6680	160	160	3.141	0.351	0.351	0.02	0.04	0.04	4.281	0.009	0.009	0.1255134343016937	0.00823010483269167	0.00823010483269167	3.4153762	MS	F		eker14	4.74243663123467	1.50943396226415	2.39520958083832	11.1747851002865	EB
113	LL_Aqr B	1.055	0.051	0.051	1.005	0.016	0.016	6200	160	160	1.34	0.163	0.163	0.02	0.04	0.04	4.457	0.01	0.01	0.24812222390231903	0.016861372766138704	0.016861372766138704	3.7300162	MS	F		eker14	4.83412322274881	1.59203980099503	2.58064516129032	12.1641791044776	EB
114	LV_Her A	1.192	0.01	0.01	1.358	0.012	0.012	6060	150	150	2.234	0.25	0.25	0.08	0.21	0.21	4.249	0.008	0.008	0.11362877802781007	0.00315948728808487	0.00315948728808487	3.8217862	MS	F		eker14	0.838926174496644	0.883652430044183	2.47524752475248	11.1906893464637	EB
115	LV_Her B	1.169	0.008	0.008	1.313	0.011	0.011	6030	150	150	2.046	0.229	0.229	0.08	0.21	0.21	4.27	0.008	0.008	0.12329109892916199	0.0032115255404651464	0.0032115255404651464	3.8414512	MS	F		eker14	0.684345594525235	0.837776085300838	2.48756218905473	11.1925708699902	EB
116	MP_Del A	1.559	0.085	0.085	2.429	0.046	0.046	7400	120	120	15.885	1.294	1.294				3.86	0.011	0.011	0.02597018010314149	0.002044966056793049	0.002044966056793049	2.9434162	MS	F		eker14	5.45221295702373	1.89378344997942	1.62162162162162	8.146049732452	EB
117	MP_Del B	1.248	0.074	0.074	1.576	0.03	0.03	6927	120	120	5.129	0.443	0.443				4.14	0.013	0.013	0.07611273651131766	0.006265814541707023	0.006265814541707023	3.2534677	MS	F		eker14	5.92948717948718	1.90355329949239	1.73235166738848	8.6371612400078	EB
118	MW_UMa A	1.257	0.095	0.095	1.258	0.01	0.01	6514	130	130	2.559	0.228	0.228				4.36	0.004	0.004	0.15073175128655733	0.01194547517642008	0.01194547517642008	3.5241892	MS	F		eker14	7.55767700875099	0.794912559618442	1.99570156585815	8.90973036342321	EB
119	MW_UMa B	1.124	0.091	0.091	1.138	0.01	0.01	6112	22	22	1.622	0.038	0.038				4.37	0.004	0.004	0.1820752503416551	0.015502739402730741	0.015502739402730741	3.7877002	MS	F		eker14	8.09608540925267	0.878734622144113	0.359947643979058	2.34278668310727	EB
120	MY_Cyg A	1.811	0.025	0.025	2.193	0.05	0.05	6998	163	163	10.233	0.987	0.987							0.04099340053858733	0.0028604612517106275	0.0028604612517106275	3.2069272	MS	F		malkov07	1.38045278851463	2.27998176014592	2.32923692483567	9.64526531808854	EB
121	MY_Cyg B	1.786	0.03	0.03	2.193	0.05	0.05	7047	164	164	10.715	1.034	1.034							0.04042750599774543	0.002847380983043197	0.002847380983043197	3.1748077	MS	F		malkov07	1.67973124300112	2.27998176014592	2.32723144600539	9.65002333177788	EB
122	OO_Peg A	1.759	0.031	0.031	2.204	0.081	0.081	8770	150	150	25.823	2.885	2.885				3.99	0.04	0.04	0.03922314917067047	0.0043794110011206215	0.0043794110011206215	2.0453812	MS	A		eker14	1.76236498010233	3.67513611615245	1.71037628278221	11.1722108198118	EB
123	OO_Peg B	1.7	0.03	0.03	1.379	0.05	0.05	8683	180	180	9.705	1.209	1.209				4.39	0.04	0.04	0.1547631332217867	0.017054381116373685	0.017054381116373685	2.1024097	MS	A		eker14	1.76470588235294	3.62581580855693	2.0730162386272	12.4574961360124	EB
124	PT_Vel A	2.199	0.016	0.016	2.095	0.02	0.02	9247	150	150	28.84	2.063	2.063				4.138	0.008	0.008	0.057093220089844306	0.001687071717066249	0.001687071717066249	1.7327077	MS	A		eker14	0.727603456116417	0.954653937947494	1.62214772358603	7.15325936199723	EB
125	PT_Vel B	1.626	0.009	0.009	1.56	0.02	0.02	7638	180	180	7.43	0.811	0.811				4.263	0.011	0.011	0.1022487804816787	0.003973160238353938	0.003973160238353938	2.7874072	MS	A		eker14	0.55350553505535	1.28205128205128	2.356637863315	10.9152086137281	EB
126	PV_Cas A	2.827	0.05	0.05	2.243	0.035	0.035	10000	233	233	44.668	4.31	4.31							0.059806636483156754	0.002992847122416481	0.002992847122416481	1.2391162	MS	B		malkov07	1.76865935620799	1.56041016495765	2.33	9.64896570251634	EB
127	PV_Cas B	2.768	0.054	0.054	2.287	0.035	0.035	10000	233	233	46.774	4.513	4.513							0.05524321974471029	0.0027557841370085957	0.0027557841370085957	1.2391162	MS	B		malkov07	1.95086705202312	1.53038915609969	2.33	9.64852268354214	EB
128	PV_Pup A	1.539	0.012	0.012	1.536	0.016	0.016	6920	300	300	4.853	1.022	1.022				4.256	0.01	0.01	0.10138562049237677	0.0032654354155640056	0.0032654354155640056	3.2580562	MS	F		eker14	0.779727095516569	1.04166666666667	4.33526011560694	21.0591386771069	EB
129	PV_Pup B	1.527	0.014	0.014	1.493	0.016	0.016	6930	300	300	4.613	0.972	0.972				4.278	0.01	0.01	0.10953956314338012	0.0036621001765132764	0.0036621001765132764	3.2515012	MS	F		eker14	0.91683038637852	1.07166778298727	4.32900432900433	21.0708866247561	EB
130	RR_Lyn A	1.935	0.008	0.008	2.579	0.02	0.02	7570	100	100	19.588	1.161	1.161				3.9	0.005	0.005	0.026930122791427424	0.0006363408327064957	0.0006363408327064957	2.8319812	MS	A		eker14	0.41343669250646	0.775494377665762	1.32100396301189	5.92709822340208	EB
131	RR_Lyn B	1.52	0.004	0.004	1.596	0.03	0.03	6980	100	100	5.433	0.402	0.402				4.214	0.018	0.018	0.08925988389559163	0.005038929988654835	0.005038929988654835	3.2187262	MS	F		eker14	0.263157894736842	1.8796992481203	1.43266475644699	7.39922694643843	EB
132	RS_Cha A	1.893	0.01	0.01	2.168	0.061	0.061	7638	76	76	14.355	1.062	1.062	0.17	0.07	0.07	4.05	0.06	0.06	0.04434903466269877	0.0037508078150593257	0.0037508078150593257	2.7874072	MS	A		eker14	0.528262017960909	2.81365313653136	0.995024875621891	7.39811912225705	EB
133	RS_Cha B	1.871	0.01	0.01	2.379	0.06	0.06	7228	72	72	13.868	0.958	0.958	0.17	0.07	0.07	3.936	0.06	0.06	0.033174306443805264	0.0025162904816451296	0.0025162904816451296	3.0561622	MS	F		eker14	0.534473543559594	2.52206809583859	0.996126175982291	6.90798961638304	EB
134	RT_And A	1.24	0.03	0.03	1.256	0.015	0.015	6100	150	150	1.959	0.209	0.209				4.334	0.01	0.01	0.14940466485792397	0.006459009542697601	0.006459009542697601	3.7955662	MS	F		torres10	2.41935483870968	1.19426751592357	2.45901639344262	10.6687085247575	EB
135	RT_And B	0.907	0.017	0.017	0.906	0.011	0.011	4880	100	100	0.418	0.037	0.037				4.481	0.01	0.01	0.2911615915959503	0.011926969447073476	0.011926969447073476	4.5952762	PMS	K		torres10	1.87431091510474	1.21412803532009	2.04918032786885	8.85167464114833	EB
136	RT_CrB A	1.356	0.01	0.01	2.946	0.051	0.074	5134	100	100	5.4322988332612	0.463150568471118	0.50359756863661				3.632	0.015	0.015	0.012661141215754021	0.000664150348851056	0.00095865614237418	4.4287792	PMS	K		eker14	0.737463126843658	2.12152070604209	1.94779898714453	8.89814944631236	EB
137	RT_CrB B	1.343	0.009	0.009	2.615	0.044	0.064	5781	100	100	6.88097490894914	0.529433476569702	0.583200735277918				3.731	0.014	0.014	0.017929671131930655	0.0009129950866816373	0.0013219143680578815	4.0046707	PMS	G		eker14	0.670141474311243	2.06500956022945	1.72980453208787	8.08485880685722	EB
138	RW_Lac A	0.928	0.006	0.006	1.193	0.004	0.004	5760	100	100	1.406	0.104	0.104				4.257	0.003	0.003	0.1304782237650062	0.0015601827866863222	0.0015601827866863222	4.0184362	MS	G		eker14	0.646551724137931	0.335289186923722	1.73611111111111	7.39687055476529	EB
139	RW_Lac B	0.87	0.004	0.004	0.97	0.004	0.004	5560	150	150	0.807	0.098	0.098				4.409	0.004	0.004	0.22757022584750883	0.0030034426038672846	0.0030034426038672846	4.1495362	MS	G		eker14	0.459770114942529	0.412371134020619	2.69784172661871	12.1437422552664	EB
140	RX_Her A	2.75	0.06	0.06	2.44	0.1	0.1	10351	740	740	61.66	19.624	19.624							0.04519335733594362	0.005643370572980958	0.005643370572980958	1.0090357	MS	B		malkov07	2.18181818181818	4.09836065573771	7.14906772292532	31.8261433668505	EB
141	RX_Her B	2.33	0.05	0.05	1.96	0.1	0.1	9660	455	455	30.2	6.954	6.954							0.07387527280647496	0.011418029117444417	0.011418029117444417	1.4619862	MS	A		malkov07	2.14592274678112	5.10204081632653	4.71014492753623	23.0264900662252	EB
142	RZ_Cha A	1.493	0.022	0.022	2.256	0.016	0.016	6450	150	150	7.907	0.783	0.783				3.905	0.006	0.006	0.03104230148452125	0.0008034059979379022	0.0008034059979379022	3.5661412	MS	F		torres10	1.4735432016075	0.709219858156028	2.32558139534884	9.90261793347667	EB
143	RZ_Cha B	1.493	0.022	0.022	2.256	0.016	0.016	6450	150	150	7.907	0.783	0.783				3.905	0.006	0.006	0.03104230148452125	0.0008034059979379022	0.0008034059979379022	3.5661412	MS	F		torres10	1.4735432016075	0.709219858156028	2.32558139534884	9.90261793347667	EB
144	SS_Lac A	2.85	0.19	0.19	3.33	0.06	0.06	9506	154	154	80.91	6.187	6.187							0.01842568109103754	0.001581422141294104	0.001581422141294104	1.5629332	MS	A		malkov07	6.66666666666667	1.8018018018018	1.620029455081	7.64676801384254	EB
145	SS_Lac B	2.77	0.18	0.18	3.17	0.06	0.06	9506	154	154	73.282	5.604	5.604							0.020759331931423954	0.001791433793377991	0.001791433793377991	1.5629332	MS	A		malkov07	6.49819494584837	1.89274447949527	1.620029455081	7.64717120165934	EB
146	SV_Cam A	1.575	0.064	0.064	1.47	0.053	0.053	6038	58	58	2.576	0.229	0.229				4.29264588862927	0.0359465783805412	0.0359465783805412	0.118369535827256	0.01367692693805932	0.01367692693805932	3.8362072	MS	F		eker14	4.06349206349206	3.60544217687075	0.960582974494866	8.88975155279503	EB
147	SV_Cam B	0.934	0.064	0.064	1.001	0.064	0.064	4804	143	143	0.479	0.101	0.101				4.39947872127146	0.0630050568229915	0.0630050568229915	0.22230848267596104	0.04527988498929912	0.04527988498929912	4.6450942	PMS	K		eker14	6.85224839400428	6.39360639360639	2.9766860949209	21.0855949895616	EB
148	SW_CMa A	2.24	0.014	0.014	3.015	0.02	0.02	8200	150	150	36.898	3.005	3.005	0.49	0.15	0.15	3.83	0.007	0.007	0.019511805565778285	0.000406994142595921	0.000406994142595921	2.4190162	MS	A		eker14	0.625	0.66334991708126	1.82926829268293	8.14407284947693	EB
149	SW_CMa B	2.105	0.018	0.018	2.496	0.042	0.042	8100	150	150	24.099	2.143	2.143	0.61	0.15	0.15	3.967	0.015	0.015	0.03231690397765042	0.0016546219619875404	0.0016546219619875404	2.4845662	MS	A		eker14	0.855106888361045	1.68269230769231	1.85185185185185	8.89248516535956	EB
150	SZ_Cen A	2.311	0.026	0.026	4.556	0.032	0.032	8100	300	300	80.168	12.943	12.943				3.485	0.006	0.006	0.005833916246372077	0.00013935204508727566	0.00013935204508727566	2.4845662	MS	A		torres10	1.1250540891389	0.702370500438982	3.7037037037037	16.1448458237701	EB
151	SZ_Cen B	2.272	0.021	0.021	3.626	0.026	0.026	8380	300	300	58.21	8.933	8.933				3.676	0.006	0.006	0.011377224254078548	0.0002663749605616069	0.0002663749605616069	2.3010262	MS	A		torres10	0.924295774647887	0.717043574186431	3.5799522673031	15.3461604535303	EB
152	TU_Cam B	1.5	0.1	0.1	1.52	0.04	0.04	7228	237	237	5.623	0.686	0.686							0.1019698747644417	0.010536568142038712	0.010536568142038712	3.0561622	MS	F		malkov07	6.66666666666667	2.63157894736842	3.27891532927504	12.1998932953939	EB
153	TV_Cet A	1.385	0.052	0.052	1.484	0.02	0.02	6902	150	150	4.487	0.444	0.444				4.231	0.02	0.02	0.10117179637700159	0.005582193496363144	0.005582193496363144	3.2698552	MS	F		eker14	3.75451263537906	1.34770889487871	2.17328310634599	9.89525295297526	EB
154	TV_Cet B	1.27	0.04	0.04	1.26	0.05	0.05	6353	103	103	2.317	0.224	0.224							0.15156658877634036	0.018664450066962136	0.018664450066962136	3.6297247	MS	F		malkov07	3.1496062992126	3.96825396825397	1.62128128443255	9.66767371601208	EB
155	TV_Nor A	2.048	0.022	0.022	1.851	0.012	0.012	9120	148	148	21.281	1.522	1.522				4.221	0.01	0.01	0.07709426755941122	0.0017129092172189476	0.0017129092172189476	1.8159562	MS	A		eker14	1.07421875	0.648298217179903	1.62280701754386	7.1519195526526	EB
156	TV_Nor B	1.661	0.018	0.018	1.56	0.014	0.014	7798	108	108	8.072	0.498	0.498				4.278	0.012	0.012	0.10444970749081693	0.0030313624487006015	0.0030313624487006015	2.6825272	MS	A		eker14	1.08368452739314	0.897435897435897	1.38497050525776	6.16947472745292	EB
157	TX_Her A	1.607	0.04	0.04	1.688	0.03	0.03	7534	200	200	8.241	1.048	1.048				4.19	0.03	0.03	0.07976455388853039	0.004693468983171069	0.004693468983171069	2.8555792	MS	A		eker14	2.48911014312383	1.77725118483412	2.65463233342182	12.7169032884359	EB
158	TX_Her B	1.441	0.03	0.03	1.428	0.03	0.03	6678	211	211	3.639	0.558	0.558				4.29	0.03	0.03	0.11813830872779023	0.00784139648657972	0.00784139648657972	3.4166872	MS	F		eker14	2.08188757807078	2.10084033613445	3.15962863132674	15.3338829348722	EB
159	TYC_2489-1972-1 A	1.53	0.009	0.009	1.576	0.009	0.009	6950	140	140	5.2	0.462	0.462				4.23	0.01	0.01	0.09331128754993272	0.0016902144123250478	0.0016902144123250478	3.2383912	MS	F		eker14	0.588235294117647	0.571065989847716	2.01438848920863	8.88461538461539	EB
160	TYC_2489-1972-1 B	1.299	0.007	0.007	1.365	0.008	0.008	6440	140	140	2.877	0.278	0.278				4.28	0.01	0.01	0.121933372982401	0.0022423151076960126	0.0022423151076960126	3.5726962	MS	F		eker14	0.538876058506544	0.586080586080586	2.17391304347826	9.66284323948558	EB
161	TYC_3121-1659-1 A	1.369	0.23	0.23	1.602	0.09	0.09	6700	150	150	4.645	0.775	0.775				4.17	0.03	0.03	0.07949271013563171	0.01891717201154214	0.01891717201154214	3.4022662	MS	F		eker14	16.8005843681519	5.61797752808989	2.23880597014925	16.6846071044133	EB
162	TYC_3121-1659-1 B	0.324	0.041	0.041	0.861	0.06	0.06	3170	150	150	0.067	0.021	0.021				4.08	0.05	0.05	0.12118446406713751	0.0296144054114541	0.0296144054114541	5.7161812	PMS	M		eker14	12.6543209876543	6.96864111498258	4.73186119873817	31.3432835820896	EB
163	TYC_455-1084-1 A	2.06	0.15	0.15	4.017	0.094	0.094	7920	15	15	57.016	2.825	2.825				3.545	0.014	0.014	0.0075870529649944875	0.000767394784231929	0.000767394784231929	2.6025562	MS	A		eker14	7.28155339805825	2.34005476723923	0.189393939393939	4.95474954398765	EB
164	TYC_455-1084-1 B	1.869	0.14	0.14	2.969	0.07	0.07	7608	15	15	26.485	1.312	1.312				3.765	0.015	0.015	0.017048654093388717	0.00175641039987078	0.00175641039987078	2.8070722	MS	A		eker14	7.49063670411985	2.35769619400472	0.197160883280757	4.95374740419105	EB
165	TYC_4589-2999-1 A	1.815	0.101	0.101	2.011	0.04	0.04	5830	40	40	4.198	0.218	0.218				4.08205248817865	0.029707696087641	0.029707696087641	0.053278477801174055	0.004347130563358138	0.004347130563358138	3.9725512	MS	G		eker14	5.56473829201102	1.98906016907011	0.686106346483705	5.19294902334445	EB
166	TYC_4589-2999-1 B	0.838	0.105	0.105	0.846	0.02	0.02	4616	116	116	0.292	0.036	0.036				4.49850329255223	0.0581617361449256	0.0581617361449256	0.3304032573179218	0.04757072551711083	0.04757072551711083	4.7683282	PMS	K		eker14	12.5298329355609	2.36406619385343	2.51299826689775	12.3287671232877	EB
167	TYC_4749-560-1 A	0.834	0.006	0.006	0.848	0.005	0.005	5340	200	200	0.525	0.093	0.093				4.503	0.005	0.005	0.32650503627253874	0.006234848807254509	0.006234848807254509	4.2937462	MS	G		eker14	0.719424460431655	0.589622641509434	3.74531835205993	17.7142857142857	EB
168	TYC_4749-560-1 B	0.828	0.006	0.006	0.833	0.005	0.005	5125	200	200	0.43	0.08	0.08				4.515	0.005	0.005	0.34198473669844315	0.0066381107843487075	0.0066381107843487075	4.4346787	MS	K		eker14	0.72463768115942	0.600240096038415	3.90243902439024	18.6046511627907	EB
169	TYC_5082-1517-1 A	1.724	0.04	0.04	1.78	0.2	0.2	7250	30	30	7.852	2.287	2.287				4.18	0.12	0.12	0.07297744348255762	0.02465734312813364	0.02465734312813364	3.0417412	MS	F		eker14	2.32018561484919	11.2359550561798	0.413793103448276	29.12633723892	EB
170	TYC_5082-1517-1 B	1.339	0.03	0.03	1.32	0.07	0.07	6425	30	30	2.667	0.319	0.319				4.33	0.07	0.07	0.1389857177143646	0.02232955609979807	0.02232955609979807	3.5825287	MS	F		eker14	2.24047796863331	5.3030303030303	0.466926070038911	11.9610048743907	EB
171	TZ_For A	1.945	0.03	0.03	3.974	0.09	0.09	6350	100	100	23.067	1.936	1.936	-0.05	0.05	0.05	3.532	0.02	0.02	0.007398563541565341	0.000515461094594332	0.000515461094594332	3.6316912	PMS	F		eker14	1.54241645244216	2.26472068444892	1.5748031496063	8.3929422985217	EB
172	TZ_For B	2.045	0.06	0.06	8.349	0.12	0.12	5000	100	100	39.084	3.672	3.672	0.02	0.1	0.1	2.91	0.017	0.017	0.0008388828578157239	4.375133745023775e-05	4.375133745023775e-05	4.5166162	PMS	K		eker14	2.93398533007335	1.43729787998563	2.0	9.39514891003991	EB
173	TZ_Men A	2.482	0.025	0.025	2.017	0.02	0.02	10400	500	500	42.756	9.124	9.124				4.224	0.009	0.009	0.07220968878164044	0.0022678309984902716	0.0022678309984902716	0.9769162	MS	B		torres10	1.00725221595488	0.991571641051066	4.80769230769231	21.3396950135654	EB
174	TZ_Men B	1.5	0.01	0.01	1.433	0.014	0.014	7200	300	300	4.955	0.907	0.907				4.302	0.008	0.008	0.1216925743672919	0.003657808811797195	0.003657808811797195	3.0745162	MS	F		torres10	0.666666666666667	0.976971388695045	4.16666666666667	18.3047426841574	EB
175	TZ_Pyx A	2.075	0.04	0.04	2.356	0.033	0.033	7468	203	203	15.488	1.97	1.97				4.00266752881798	0.0147683606150751	0.0147683606150751	0.03787944728474445	0.0017512101920204351	0.0017512101920204351	2.8988422	MS	F		eker14	1.92771084337349	1.40067911714771	2.71826459560793	12.7195247933884	EB
176	TZ_Pyx B	2.003	0.079	0.079	2.026	0.031	0.031	7521	208	208	11.803	1.532	1.532				4.11840206724505	0.0216802688355969	0.0216802688355969	0.05750081720051388	0.003479958209209692	0.003479958209209692	2.8641007	MS	A		eker14	3.94408387418872	1.53010858835143	2.76558968222311	12.9797509107854	EB
177	UV_Leo A	0.99	0.04	0.04	1.08	0.04	0.04	5861	68	68	1.23	0.119	0.119							0.1876183528389541	0.022181985027509787	0.022181985027509787	3.9522307	MS	G		malkov07	4.04040404040404	3.7037037037037	1.16021156799181	9.67479674796748	EB
178	UV_Leo B	0.92	0.04	0.04	1.08	0.04	0.04	5861	68	68	1.23	0.119	0.119							0.17435240869882607	0.020802834961626528	0.020802834961626528	3.9522307	MS	G		malkov07	4.34782608695652	3.7037037037037	1.16021156799181	9.67479674796748	EB
179	UV_Psc A	0.983	0.009	0.009	1.117	0.02	0.02	5780	100	100	1.25	0.105	0.105				4.335	0.016	0.016	0.16838577076356936	0.009175340895494067	0.009175340895494067	4.0053262	MS	G		eker14	0.915564598168871	1.7905102954342	1.73010380622837	8.4	EB
180	UV_Psc B	0.764	0.004	0.004	0.835	0.018	0.018	4750	80	80	0.318	0.027	0.027				4.478	0.019	0.019	0.3132891272064849	0.02032690168391349	0.02032690168391349	4.6804912	PMS	K		torres10	0.523560209424084	2.15568862275449	1.68421052631579	8.49056603773585	EB
181	UW_Lmi A	1.156	0.022	0.022	1.269	0.052	0.052	6500	250	250	2.582	0.544	0.544				4.28	0.03	0.03	0.13504681886661987	0.01679926182275441	0.01679926182275441	3.5333662	MS	F		eker14	1.90311418685121	4.09771473601261	3.84615384615385	21.0689388071263	EB
182	UW_Lmi B	1.136	0.022	0.022	1.248	0.062	0.062	6500	250	250	2.495	0.56	0.56				4.29	0.04	0.04	0.13952305147215535	0.02096911831083628	0.02096911831083628	3.5333662	MS	F		eker14	1.93661971830986	4.96794871794872	3.84615384615385	22.4448897795591	EB
183	UX_Men A	1.235	0.006	0.006	1.349	0.013	0.013	6200	100	100	2.415	0.173	0.173	0.04	0.1	0.1	4.272	0.003	0.003	0.12009985948285429	0.0035208083406213743	0.0035208083406213743	3.7300162	MS	F		eker14	0.48582995951417	0.963676797627873	1.61290322580645	7.16356107660456	EB
184	UX_Men B	1.196	0.007	0.007	1.275	0.013	0.013	6150	100	100	2.089	0.155	0.155	0.04	0.1	0.1	4.306	0.01	0.01	0.13775647334764954	0.004290170768244754	0.004290170768244754	3.7627912	MS	F		eker14	0.585284280936455	1.01960784313726	1.6260162601626	7.41981809478219	EB
185	UZ_Dra A	1.345	0.02	0.02	1.311	0.03	0.03	6210	110	110	2.296	0.21	0.21				4.33	0.03	0.03	0.14250352259813306	0.010009713982744903	0.010009713982744903	3.7234612	MS	F		eker14	1.48698884758364	2.2883295194508	1.77133655394525	9.14634146341463	EB
186	UZ_Dra B	1.236	0.02	0.02	1.15	0.02	0.02	5985	110	110	1.524	0.136	0.136				4.4	0.03	0.03	0.19401546116043333	0.010598198941697112	0.010598198941697112	3.8709487	MS	G		eker14	1.61812297734628	1.73913043478261	1.83792815371763	8.9238845144357	EB
187	V1031_Ori A	2.467	0.018	0.018	4.349	0.034	0.034	7850	500	500	64.417	22.08	22.08				3.56	0.007	0.007	0.007159988375098715	0.00017586637962217346	0.00017586637962217346	2.6484412	MS	A		eker14	0.729631130928253	0.781788916992412	6.36942675159236	34.2766660974587	EB
188	V1031_Ori B	2.281	0.017	0.017	3.006	0.064	0.064	8400	500	500	40.365	12.846	12.846				3.85	0.019	0.019	0.02004793969244182	0.0012891948100465184	0.0012891948100465184	2.2879162	MS	A		eker14	0.745287154756686	2.1290751829674	5.95238095238095	31.8246005202527	EB
189	V1061_Cyg A	1.281	0.015	0.015	1.616	0.017	0.017	6180	100	100	3.42	0.253	0.253				4.129	0.011	0.011	0.0724663606608587	0.002439341788721329	0.002439341788721329	3.7431262	MS	F		eker14	1.17096018735363	1.0519801980198	1.61812297734628	7.39766081871345	EB
190	V1061_Cyg B	0.931	0.007	0.007	0.974	0.02	0.02	5300	150	150	0.671	0.092	0.092				4.43	0.018	0.018	0.24053827993160376	0.014927517075229626	0.014927517075229626	4.3199662	MS	G		eker14	0.75187969924812	2.05338809034908	2.83018867924528	13.7108792846498	EB
191	V1130_Tau A	1.392	0.008	0.008	1.784	0.011	0.011	6625	70	70	5.508	0.26	0.26	-0.25	0.1	0.1	4.08	0.006	0.006	0.05852832236791894	0.0011336930115294556	0.0011336930115294556	3.4514287	MS	F		eker14	0.574712643678161	0.616591928251121	1.05660377358491	4.72040668119099	EB
192	V1130_Tau B	1.306	0.008	0.008	1.49	0.01	0.01	6650	70	70	3.899	0.184	0.184	-0.25	0.1	0.1	4.208	0.006	0.006	0.09425312588465633	0.001983596848773349	0.001983596848773349	3.4350412	MS	F		eker14	0.612557427258806	0.671140939597315	1.05263157894737	4.71915875865607	EB
193	V1143_Cyg A	1.388	0.016	0.016	1.347	0.023	0.023	6460	100	100	2.838	0.217	0.217				4.323	0.016	0.016	0.1355807617553965	0.007118797430755347	0.007118797430755347	3.5595862	MS	F		eker14	1.15273775216138	1.70749814402376	1.54798761609907	7.64622973925299	EB
194	V1143_Cyg B	1.344	0.013	0.013	1.324	0.023	0.023	6400	100	100	2.642	0.202	0.202				4.324	0.016	0.016	0.13824413138925415	0.007327607090728674	0.007327607090728674	3.5989162	MS	F		eker14	0.967261904761905	1.73716012084592	1.5625	7.64572293716881	EB
195	V1174_Ori A	1.006	0.013	0.013	1.338	0.011	0.011	4470	120	120	0.641	0.073	0.073				4.188	0.007	0.007	0.10026307756854225	0.002791722864422996	0.002791722864422996	4.8640312	PMS	K		torres10	1.29224652087475	0.822122571001495	2.68456375838926	11.3884555382215	EB
196	V1229_Tau A	2.221	0.027	0.027	1.844	0.037	0.037	10025	620	620	30.832	10.283	10.283	0.06	0.05	0.05	4.253	0.019	0.019	0.08456238028148923	0.005193018711335873	0.005193018711335873	1.2227287	MS	B		eker14	1.21566861773976	2.00650759219089	6.18453865336658	33.3517125064868	EB
197	V1229_Tau B	1.565	0.015	0.015	1.587	0.042	0.042	7262	380	380	6.295	1.74	1.74	0.06	0.05	0.05	4.231	0.024	0.024	0.09347488775314487	0.007475329624456463	0.007475329624456463	3.0338752	MS	F		eker14	0.958466453674121	2.64650283553875	5.23271825943266	27.6409849086577	EB
198	V1430_Aql A	0.957	0.01	0.01	1.101	0.01	0.01	5262	150	150	0.834	0.108	0.108				4.32733729983334	0.0091012062235767	0.0091012062235767	0.17118329104873412	0.004995618355575454	0.004995618355575454	4.3448752	MS	G		eker14	1.04493207941484	0.908265213442325	2.85062713797035	12.9496402877698	EB
199	V1430_Aql B	0.859	0.02	0.02	0.851	0.01	0.01	4930	100	100	0.384	0.035	0.035				4.50413404366207	0.0143673756924384	0.0143673756924384	0.33274832215699096	0.014057747248869436	0.014057747248869436	4.5625012	MS	K		eker14	2.32828870779977	1.17508813160987	2.02839756592292	9.11458333333333	EB
200	V1647_Sgr A	2.184	0.04	0.04	1.908	0.021	0.021	9600	300	300	27.733	4.182	4.182				4.253	0.011	0.011	0.07506351782776312	0.002834267163303671	0.002834267163303671	1.5013162	MS	A		eker14	1.83150183150183	1.10062893081761	3.125	15.0795081671655	EB
201	V1647_Sgr B	1.967	0.03	0.03	1.741	0.021	0.021	9100	300	300	18.664	2.914	2.914				4.289	0.011	0.011	0.08898553938668362	0.0034943644952722917	0.0034943644952722917	1.8290662	MS	A		eker14	1.52516522623284	1.20620333141872	3.2967032967033	15.6129447063866	EB
202	V2080_Cyg A	1.19	0.017	0.017	1.596	0.008	0.008	6000	75	75	2.965	0.161	0.161				4.108	0.003	0.003	0.06988109331299606	0.0014494404543962435	0.0014494404543962435	3.8611162	MS	F		eker14	1.42857142857143	0.50125313283208	1.25	5.43001686340641	EB
203	V2080_Cyg B	1.156	0.017	0.017	1.599	0.008	0.008	5987	75	75	2.951	0.161	0.161				4.093	0.003	0.003	0.06750311799807336	0.001418440321113386	0.001418440321113386	3.8696377	MS	G		eker14	1.47058823529412	0.500312695434647	1.25271421413062	5.45577770247374	EB
204	V2365_Oph A	1.964	0.017	0.017	2.191	0.009	0.009	9500	200	200	35.075	3.207	3.207				4.051	0.003	0.003	0.044578529812198765	0.0006713217753327405	0.0006713217753327405	1.5668662	MS	A		eker14	0.865580448065173	0.410771337288909	2.10526315789474	9.14326443335709	EB
205	V2365_Oph B	1.055	0.01	0.01	0.934	0.004	0.004	6400	210	210	1.315	0.198	0.198				4.521	0.004	0.004	0.3091172361224347	0.004935388146013652	0.004935388146013652	3.5989162	MS	F		eker14	0.947867298578199	0.428265524625268	3.28125	15.0570342205323	EB
206	V2368_Oph A	2.417	0.018	0.018	3.857	0.019	0.019	9300	200	200	100.0	9.396	9.396				3.66	0.01	0.01	0.01005632092663416	0.00016641932199331947	0.00016641932199331947	1.6979662	MS	A		eker14	0.744724865535788	0.492610837438424	2.1505376344086	9.396	EB
207	V2368_Oph B	2.525	0.065	0.065	3.74	0.019	0.019	9500	200	200	102.329	9.357	9.357				3.71	0.01	0.01	0.011522798477133861	0.0003447141582830757	0.0003447141582830757	1.5668662	MS	A		eker14	2.57425742574257	0.508021390374332	2.10526315789474	9.14403541518045	EB
208	V2626_Oph A	1.758	0.13	0.13	3.239	0.081	0.081	7760	64	64	34.119	2.189	2.189				3.661	0.014	0.014	0.01235086621371053	0.0013010528981508619	0.0013010528981508619	2.7074362	MS	A		eker14	7.39476678043231	2.50077184316147	0.824742268041237	6.41578006389402	EB
209	V2626_Oph B	1.276	0.11	0.11	1.289	0.033	0.033	7205	64	64	4.018	0.268	0.268				4.322	0.018	0.018	0.14223396374224326	0.016421981995056935	0.016421981995056935	3.0712387	MS	F		eker14	8.62068965517241	2.56012412723041	0.888272033310201	6.66998506719761	EB
210	V364_Cas A	1.684	0.094	0.094	1.6	0.01	0.01	7816	86	86	8.57	0.404	0.404				4.28	0.004	0.004	0.09815072906497253	0.005779550122327978	0.005779550122327978	2.6707282	MS	A		eker14	5.58194774346793	0.625	1.10030706243603	4.71411901983664	EB
211	V364_Cas B	1.559	0.095	0.095	1.6	0.01	0.01	7780	86	86	8.414	0.397	0.397				4.28	0.004	0.004	0.09086519395029227	0.005793195407036971	0.005793195407036971	2.6943262	MS	A		eker14	6.09364977549711	0.625	1.10539845758355	4.71832659852627	EB
212	V364_Lac A	2.334	0.015	0.015	3.308	0.038	0.038	8250	150	150	45.499	3.705	3.705				3.767	0.01	0.01	0.015392733125145401	0.000539608325615148	0.000539608325615148	2.3862412	MS	A		eker14	0.6426735218509	1.14873035066505	1.81818181818182	8.14303611068375	EB
213	V364_Lac B	2.296	0.025	0.025	2.986	0.035	0.035	8500	150	150	41.783	3.403	3.403				3.849	0.011	0.011	0.020587986000098295	0.0007578709569180431	0.0007578709569180431	2.2223662	MS	A		eker14	1.08885017421603	1.17213663764233	1.76470588235294	8.14446066582103	EB
214	V392_Car A	1.904	0.013	0.013	1.624	0.022	0.022	8850	200	200	14.521	1.438	1.438				4.296	0.011	0.011	0.10612562478095601	0.004373431130247877	0.004373431130247877	1.9929412	MS	A		torres10	0.682773109243697	1.35467980295567	2.25988700564972	9.90289924936299	EB
215	V392_Car B	1.853	0.024	0.024	1.6	0.031	0.031	8650	200	200	12.853	1.436	1.436				4.31	0.024	0.024	0.10800077254002027	0.006431506439701914	0.006431506439701914	2.1240412	MS	A		eker14	1.29519697787372	1.9375	2.3121387283237	11.1724889130942	EB
216	V396_Cas A	2.397	0.025	0.025	2.592	0.014	0.014	9225	150	150	43.652	2.907	2.907				3.99	0.004	0.004	0.032860520113970504	0.0006332271976954926	0.0006332271976954926	1.7471287	MS	A		torres10	1.04297037964122	0.540123456790123	1.6260162601626	6.65948868322184	EB
217	V396_Cas B	1.901	0.019	0.019	1.779	0.01	0.01	8550	120	120	15.171	0.899	0.899				4.217	0.005	0.005	0.08060568319541464	0.0015800961155698764	0.0015800961155698764	2.1895912	MS	A		torres10	0.999473961073119	0.562113546936481	1.40350877192982	5.92577944763035	EB
218	V398_Lac A	3.834	0.35	0.35	4.893	0.18	0.18	11000	500	500	314.775	76.967	76.967				3.63450167702217	0.0509195995983406	0.0509195995983406	0.00781336030768456	0.0011190657574394038	0.0011190657574394038	0.5836162	MS	B		eker14	9.12884715701617	3.67872470876763	4.54545454545455	24.4514335636566	EB
219	V398_Lac B	3.291	0.32	0.32	2.452	0.11	0.11	10900	450	450	76.208	17.548	17.548				4.16828695060162	0.0574596070362686	0.0574596070362686	0.053293945743615574	0.008848637462804997	0.008848637462804997	0.6491662	MS	B		eker14	9.72348830142814	4.48613376835237	4.12844036697248	23.0264539155994	EB
220	V404_CMa A	0.75	0.005	0.005	0.721	0.014	0.014	4200	100	100	0.145	0.017	0.017				4.58919073395284	0.0171125136820422	0.0171125136820422	0.47771278004313894	0.02800957467082521	0.02800957467082521	5.0410162	PMS	K		eker14	0.666666666666667	1.94174757281553	2.38095238095238	11.7241379310345	EB
221	V413_Ser A	3.654	0.05	0.05	3.2	0.05	0.05	11100	300	300	139.637	17.761	17.761				3.991	0.003	0.003	0.026621345309041693	0.0012999580652509337	0.0012999580652509337	0.5180662	MS	B		eker14	1.36836343732895	1.5625	2.7027027027027	12.7194081797804	EB
222	V413_Ser B	3.318	0.04	0.04	2.921	0.05	0.05	10350	280	280	87.902	11.181	11.181				4.031	0.003	0.003	0.031782869263633454	0.0016764944793914941	0.0016764944793914941	1.0096912	MS	B		eker14	1.20554550934298	1.71174255391989	2.70531400966184	12.719847102455	EB
223	V432_Aur A	1.204	0.006	0.006	2.429	0.023	0.023	6080	85	85	7.244	0.447	0.447	-0.6	0.05	0.05	3.748	0.008	0.008	0.020056508559449876	0.0005784408713326464	0.0005784408713326464	3.8086762	PMS	F		torres10	0.498338870431894	0.946891724989708	1.39802631578947	6.17062396466041	EB
224	V432_Aur B	1.079	0.005	0.005	1.224	0.007	0.007	6685	85	85	2.685	0.146	0.146	-0.6	0.05	0.05	4.296	0.005	0.005	0.14047161707799682	0.0024964108835645285	0.0024964108835645285	3.4120987	MS	F		torres10	0.46339202965709	0.571895424836601	1.2715033657442	5.43761638733706	EB
225	V442_Cyg A	1.56	0.02	0.02	2.072	0.03	0.03	6900	82	82	8.73	0.517	0.517				4.0	0.01	0.01	0.04186650771534131	0.001896084694727457	0.001896084694727457	3.2711662	MS	F		eker14	1.28205128205128	1.44787644787645	1.18840579710145	5.92210767468499	EB
226	V442_Cyg B	1.407	0.02	0.02	1.662	0.03	0.03	6808	79	79	5.333	0.329	0.329				4.15	0.02	0.02	0.07316652513805613	0.004096315625959422	0.004096315625959422	3.3314722	MS	F		eker14	1.42146410803127	1.80505415162455	1.16039952996475	6.16913557097319	EB
227	V451_Oph A	2.78	0.06	0.06	2.6	0.1	0.1	11015	680	680	89.125	23.077	23.077							0.037760361441352044	0.004432529886202768	0.004432529886202768	0.5737837	MS	B		malkov07	2.15827338129496	3.84615384615385	6.17339990921471	25.8928471248247	EB
228	V451_Oph B	2.351	0.052	0.052	2.029	0.028	0.028	9800	500	500	34.119	7.857	7.857				4.195	0.011	0.011	0.06719204803453847	0.0031538435633174646	0.0031538435633174646	1.3702162	MS	A		torres10	2.21182475542322	1.37999014292755	5.10204081632653	23.0282247428119	EB
229	V456_Cyg A	1.863	0.06	0.06	1.681	0.02	0.02	7750	100	100	9.162	0.543	0.543				4.26	0.03	0.03	0.0936313112102715	0.004501346301835536	0.004501346301835536	2.7139912	MS	A		eker14	3.22061191626409	1.18976799524093	1.29032258064516	5.92665356908972	EB
230	V456_Cyg B	1.58	0.05	0.05	1.471	0.02	0.02	6755	400	400	4.046	1.263	1.263				4.3	0.03	0.03	0.11850330409704184	0.006117744143376191	0.006117744143376191	3.3662137	MS	F		eker14	3.16455696202532	1.35961930659415	5.92153960029608	31.2160158180919	EB
231	V459_Cas A	2.015	0.03	0.03	2.01	0.013	0.013	9140	300	300	25.293	3.814	3.814				4.136	0.006	0.006	0.05923771103829062	0.0014487689158503617	0.0014487689158503617	1.8028462	MS	A		eker14	1.48883374689826	0.646766169154229	3.28227571115974	15.0792709445301	EB
232	V459_Cas B	1.962	0.03	0.03	1.966	0.013	0.013	9100	300	300	23.823	3.656	3.656				4.144	0.006	0.006	0.06163960588726077	0.0015438424193816344	0.0015438424193816344	1.8290662	MS	A		eker14	1.52905198776758	0.661241098677518	3.2967032967033	15.3465138731478	EB
233	V477_Cyg A	1.79	0.12	0.12	1.57	0.05	0.05	8690	305	305	12.589	0.9	0.9							0.11042450584595982	0.012888200875990798	0.012888200875990798	2.0978212	MS	A		malkov07	6.70391061452514	3.18471337579618	3.50978135788262	7.1490984192549	EB
234	V477_Cyg B	1.35	0.07	0.07	1.27	0.04	0.04	6699	235	235	2.951	0.211	0.211							0.15733813440215433	0.016957980033170762	0.016957980033170762	3.4029217	MS	F		malkov07	5.18518518518519	3.1496062992126	3.50798626660696	7.1501186038631	EB
235	V505_Per A	1.272	0.001	0.001	1.288	0.014	0.014	6512	21	21	2.679	0.069	0.069	-0.12	0.03	0.03	4.32	0.01	0.01	0.14211859748142797	0.0046356487276393195	0.0046356487276393195	3.5255002	MS	F		eker14	0.0786163522012579	1.08695652173913	0.322481572481572	2.57558790593505	EB
236	V505_Per B	1.254	0.001	0.001	1.267	0.014	0.014	6462	12	12	2.512	0.059	0.059	-0.12	0.03	0.03	4.33	0.01	0.01	0.1471902634217901	0.0048806468738806065	0.0048806468738806065	3.5582752	MS	F		eker14	0.0797448165869219	1.10497237569061	0.185701021355617	2.34872611464968	EB
237	V526_Sgr B	1.683	0.06	0.06	1.569	0.02	0.02	8710	100	100	12.735	0.693	0.693				4.28	0.2	0.2	0.10402235361352176	0.005438424320244174	0.005438424320244174	2.0847112	MS	A		eker14	3.5650623885918	1.27469725940089	1.14810562571757	5.4416961130742	EB
238	V565_Lyr A	0.995	0.003	0.003	1.101	0.007	0.007	5600	95	95	1.072	0.079	0.079	0.28	0.05	0.05	4.352	0.005	0.005	0.17798053771524602	0.003436876224199847	0.003436876224199847	4.1233162	MS	G		eker14	0.301507537688442	0.635785649409628	1.69642857142857	7.36940298507463	EB
239	V565_Lyr B	0.929	0.003	0.003	0.971	0.009	0.009	5430	125	125	0.736	0.077	0.077	0.28	0.05	0.05	4.432	0.008	0.008	0.24225314001984452	0.006781458130065276	0.006781458130065276	4.2347512	MS	G		eker14	0.322927879440258	0.926879505664264	2.30202578268877	10.4619565217391	EB
240	V568_Lyr A	1.075	0.008	0.008	1.4	0.016	0.016	5665	100	100	1.811	0.143	0.143	0.28	0.05	0.05	4.178	0.01	0.01	0.09352672949551066	0.003281297689365918	0.003281297689365918	4.0807087	MS	G		eker14	0.744186046511628	1.14285714285714	1.76522506619594	7.8961899503037	EB
241	V568_Lyr B	0.827	0.004	0.004	0.768	0.006	0.006	4900	100	100	0.305	0.028	0.028	0.28	0.05	0.05	4.586	0.008	0.008	0.43584617620374577	0.010430397721143724	0.010430397721143724	4.5821662	MS	K		eker14	0.483675937122128	0.78125	2.04081632653061	9.18032786885246	EB
242	V570_Per A	1.447	0.009	0.009	1.521	0.034	0.034	6842	50	50	4.55	0.247	0.247	0.02	0.03	0.03	4.234	0.019	0.019	0.09817304908919708	0.006611852826470385	0.006611852826470385	3.3091852	MS	F		torres10	0.621976503109882	2.2353714661407	0.730780473545747	5.42857142857143	EB
243	V570_Per B	1.347	0.008	0.008	1.386	0.019	0.019	6562	50	50	3.199	0.135	0.135	0.02	0.03	0.03	4.284	0.012	0.012	0.12077840655106901	0.005018605600449206	0.005018605600449206	3.4927252	MS	F		torres10	0.593912397921307	1.37085137085137	0.761962816214569	4.22006877149109	EB
244	V624_Her A	2.277	0.014	0.014	3.028	0.03	0.03	8150	150	150	36.308	2.957	2.957				3.83	0.02	0.02	0.019579734965632985	0.000594281447815414	0.000594281447815414	2.4517912	MS	A		eker14	0.614844093104963	0.990752972258917	1.84049079754601	8.14421064228269	EB
245	V624_Her B	1.876	0.013	0.013	2.208	0.03	0.03	7945	150	150	17.458	1.509	1.509				4.02	0.02	0.02	0.041605142858004436	0.0017201944873672886	0.0017201944873672886	2.5861687	MS	A		eker14	0.692963752665245	1.35869565217391	1.88797986154814	8.6436017871463	EB
246	V636_Cen A	1.052	0.005	0.005	1.024	0.004	0.004	5900	85	85	1.14	0.07	0.07	-0.2	0.08	0.08	4.444	0.004	0.004	0.23389840517100957	0.0029578550479146867	0.0029578550479146867	3.9266662	MS	G		eker14	0.475285171102662	0.390625	1.44067796610169	6.14035087719298	EB
247	V636_Cen B	0.854	0.003	0.003	0.835	0.004	0.004	5000	100	100	0.391	0.034	0.034	-0.2	0.08	0.08	4.532	0.005	0.005	0.3501949144428509	0.005180912992555262	0.005180912992555262	4.5166162	MS	K		eker14	0.351288056206089	0.479041916167665	2.0	8.69565217391304	EB
248	V731_Cep A	2.577	0.098	0.098	1.823	0.03	0.03	10700	200	200	39.084	3.476	3.476				4.304	0.011	0.011	0.10154669736694148	0.006328158730881126	0.006328158730881126	0.7802662	MS	B		eker14	3.80287155607295	1.64563905650027	1.86915887850467	8.89366492682428	EB
249	V731_Cep B	2.017	0.084	0.084	1.717	0.025	0.025	9265	220	220	19.498	2.129	2.129				4.273	0.011	0.011	0.09512757009582525	0.005741172070827594	0.005741172070827594	1.7209087	MS	A		eker14	4.16460089241448	1.45602795573675	2.37452779276848	10.9190686224228	EB
250	V805_Aql A	2.11	0.04	0.04	2.11	0.12	0.12	8185	585	585	17.783	1.272	1.272							0.05362242866014758	0.009205151536681219	0.009205151536681219	2.4288487	MS	A		malkov07	1.8957345971564	5.68720379146919	7.14722052535125	7.15289883596693	EB
251	V805_Aql B	1.63	0.02	0.02	1.75	0.12	0.12	7178	513	513	7.244	0.518	0.518							0.07260806266769615	0.014963061158794904	0.014963061158794904	3.0889372	MS	F		malkov07	1.22699386503067	6.85714285714286	7.14683755920869	7.1507454445058	EB
252	V819_Her A	1.53	0.08	0.08	1.866	0.024	0.024	6761	483	483	7.311	0.487	0.487							0.05621703072530885	0.003653159640632329	0.003653159640632329	3.3622807	MS	F		malkov07	5.22875816993464	1.28617363344051	7.14391362224523	6.66119545889755	EB
253	V819_Her B	1.11	0.02	0.02	1.263	0.029	0.029	6166	1078	1078	1.977	0.605	0.605							0.1315298478750482	0.00936507365780156	0.00936507365780156	3.7523032	MS	F		malkov07	1.8018018018018	2.29612034837688	17.4829711320143	30.6019221041983	EB
254	V821_Cas A	1.996	0.166	0.166	2.296	0.109	0.109	9400	400	400	36.983	8.937	8.937				4.02	0.1	0.1	0.03936917159472763	0.006492995978590601	0.006492995978590601	1.6324162	MS	A		eker14	8.31663326653307	4.74738675958188	4.25531914893617	24.1651569640105	EB
255	V821_Cas B	1.597	0.187	0.187	1.382	0.119	0.119	8450	380	380	8.75	2.891	2.891				4.36	0.12	0.12	0.14444156248354922	0.04096669677718356	0.04096669677718356	2.2551412	MS	A		eker14	11.7094552285535	8.61070911722142	4.49704142011834	33.04	EB
256	V885_Cyg A	2.005	0.029	0.029	2.345	0.012	0.012	8375	150	150	27.29	1.95	1.95				4.0	0.007	0.007	0.037119081953082035	0.0007829230310251313	0.0007829230310251313	2.3043037	MS	A		eker14	1.44638403990025	0.511727078891258	1.7910447761194	7.1454745327959	EB
257	V885_Cyg B	2.234	0.026	0.026	3.385	0.026	0.026	8150	150	150	51.05	3.78	3.78				3.728	0.008	0.008	0.013750501583335066	0.00035497145910747045	0.00035497145910747045	2.4517912	MS	A		eker14	1.16383169203223	0.768094534711965	1.84049079754601	7.40450538687561	EB
258	V994_Her-A A	2.828	0.2	0.2	2.123	0.049	0.049	12000	250	250	83.946	8.737	8.737				4.23	0.05	0.05	0.07055711477968551	0.006983342112297591	0.006983342112297591	-0.0718838000000002	MS	B		eker14	7.07213578500707	2.30805463966086	2.08333333333333	10.4078812569985	EB
259	V994_Her-A B	2.299	0.16	0.16	1.688	0.039	0.039	9450	90	90	20.417	1.31	1.31				4.33	0.05	0.05	0.11411245139373452	0.011208488405052794	0.011208488405052794	1.5996412	MS	A		eker14	6.95954762940409	2.31042654028436	0.952380952380952	6.416221775971	EB
260	V994_Her-B A	1.868	0.12	0.12	1.583	0.08	0.08	9000	250	250	14.757	2.621	2.621				4.31	0.06	0.06	0.11242050141871927	0.018511055478276334	0.018511055478276334	1.8946162	MS	A		eker14	6.42398286937901	5.05369551484523	2.77777777777778	17.7610625465881	EB
261	V994_Her-B B	1.859	0.12	0.12	1.493	0.08	0.08	8450	70	70	10.209	1.299	1.299				4.36	0.07	0.07	0.13335563057206526	0.023100731515861138	0.023100731515861138	2.2551412	MS	A		eker14	6.4550833781603	5.35833891493637	0.828402366863905	12.7240669997061	EB
262	VV_Pyx A	2.097	0.022	0.022	2.168	0.02	0.02	9500	200	200	34.356	3.055	3.055				4.087	0.008	0.008	0.04912832841398802	0.001454053914345901	0.001454053914345901	1.5668662	MS	A		torres10	1.04911778731521	0.922509225092251	2.10526315789474	8.89218768191873	EB
263	VV_Pyx B	2.095	0.019	0.019	2.168	0.02	0.02	9500	200	200	34.356	3.055	3.055				4.087	0.008	0.008	0.04908147259289695	0.0014294186254123428	0.0014294186254123428	1.5668662	MS	A		torres10	0.906921241050119	0.922509225092251	2.10526315789474	8.89218768191873	EB
264	VZ_Cep A	1.402	0.015	0.015	1.558	0.012	0.012	6670	160	160	4.315	0.46	0.46	0.06	0.09	0.09	4.213	0.008	0.008	0.08850280681615014	0.0022535761140110217	0.0022535761140110217	3.4219312	MS	F		eker14	1.06990014265335	0.770218228498075	2.39880059970015	10.6604866743917	EB
265	VZ_Cep B	1.108	0.008	0.008	1.058	0.04	0.04	5720	120	120	1.076	0.137	0.137	0.06	0.09	0.09	4.446	0.033	0.033	0.22335421262165187	0.02538445885458902	0.02538445885458902	4.0446562	MS	G		eker14	0.722021660649819	3.78071833648393	2.0979020979021	12.7323420074349	EB
266	VZ_Hya A	1.271	0.009	0.009	1.315	0.005	0.005	6645	150	150	3.027	0.3	0.3	-0.2	0.12	0.12	4.305	0.005	0.005	0.13343804877300788	0.0017915378685343633	0.0017915378685343633	3.4383187	MS	F		eker14	0.708103855232101	0.380228136882129	2.25733634311512	9.91080277502478	EB
267	VZ_Hya B	1.12	0.03	0.03	1.12	0.03	0.03	6281	102	102	1.738	0.168	0.168	-0.2	0.12	0.12				0.19031601932226003	0.016120502578793477	0.016120502578793477	3.6769207	MS	F		malkov07	2.67857142857143	2.67857142857143	1.62394523165101	9.6662830840046	EB
268	WW_Aur A	1.964	0.007	0.007	1.928	0.011	0.011	7960	420	420	13.397	3.586	3.586				4.162	0.007	0.007	0.06542320042062097	0.001143815547257763	0.001143815547257763	2.5763362	MS	A		eker14	0.356415478615071	0.570539419087137	5.27638190954774	26.7671866835859	EB
269	WW_Aur B	1.814	0.007	0.007	1.842	0.011	0.011	7670	410	410	10.544	2.884	2.884				4.167	0.007	0.007	0.06929147334523554	0.001269848690961188	0.001269848690961188	2.7664312	MS	A		eker14	0.385887541345094	0.597176981541802	5.34550195567145	27.3520485584218	EB
270	WW_Cam A	1.92	0.013	0.013	1.913	0.016	0.016	8360	140	140	16.032	1.186	1.186				4.159	0.008	0.008	0.06547382440382042	0.0017015972058512154	0.0017015972058512154	2.3141362	MS	A		eker14	0.677083333333333	0.836382645060115	1.67464114832536	7.39770459081836	EB
271	WW_Cam B	1.873	0.018	0.018	1.81	0.014	0.014	8240	140	140	13.552	1.003	1.003				4.196	0.009	0.009	0.0754073091247459	0.0018939128165469745	0.0018939128165469745	2.3927962	MS	A		eker14	0.961025093432995	0.773480662983425	1.69902912621359	7.40112160566706	EB
272	WX_Cep A	2.533	0.05	0.05	3.996	0.03	0.03	8150	250	250	63.241	8.373	8.373				3.638	0.005	0.005	0.009476983878248475	0.0002838209511204353	0.0002838209511204353	2.4517912	MS	A		torres10	1.9739439399921	0.750750750750751	3.06748466257669	13.2398285922107	EB
273	WX_Cep B	2.324	0.045	0.045	2.712	0.023	0.023	8900	250	250	41.4	5.052	5.052				3.938	0.006	0.006	0.027814961223383543	0.0008893187015399451	0.0008893187015399451	1.9601662	MS	A		torres10	1.93631669535284	0.848082595870207	2.80898876404494	12.2028985507246	EB
274	WZ_Oph A	1.227	0.007	0.007	1.401	0.012	0.012	6165	100	100	2.547	0.182	0.182	-0.27	0.07	0.07	4.234	0.008	0.008	0.1065225483509854	0.0028038458663311593	0.0028038458663311593	3.7529587	MS	F		eker14	0.570497147514262	0.856531049250535	1.6220600162206	7.14566156262269	EB
275	WZ_Oph B	1.22	0.006	0.006	1.419	0.012	0.012	6115	100	100	2.529	0.181	0.181	-0.27	0.07	0.07	4.221	0.008	0.008	0.10193516611782534	0.0026342359965860936	0.0026342359965860936	3.7857337	MS	F		eker14	0.491803278688525	0.845665961945032	1.63532297628782	7.15697904310004	EB
276	XY_Cet A	1.773	0.016	0.016	1.876	0.035	0.035	7870	115	115	12.134	0.898	0.898				4.142	0.016	0.016	0.06410938698450601	0.003634552625316875	0.003634552625316875	2.6353312	MS	A		eker14	0.902425267907502	1.86567164179105	1.46124523506989	7.40069226965551	EB
277	XY_Cet B	1.615	0.014	0.014	1.776	0.029	0.029	7620	125	125	9.55	0.754	0.754				4.179	0.014	0.014	0.06882639665353377	0.0034239473885767117	0.0034239473885767117	2.7992062	MS	A		eker14	0.86687306501548	1.63288288288288	1.64041994750656	7.89528795811518	EB
278	XY_UMa A	1.097	0.073	0.073	1.161	0.02	0.02	5200	7	7	0.885	0.031	0.03				4.34054218809756	0.0325438928297453	0.0325438928297453	0.16734832084688167	0.014100059935465393	0.014100059935465393	4.3855162	MS	G		eker14	6.65451230628988	1.72265288544358	0.134615384615385	3.44632768361582	EB
279	XY_UMa B	0.665	0.031	0.031	0.63	0.01	0.01	4125	7	7	0.103	0.003	0.003				4.65414054639594	0.0244940257411373	0.0244940257411373	0.634908860070969	0.04230930710019339	0.04230930710019339	5.0901787	PMS	K		eker14	4.66165413533835	1.58730158730159	0.16969696969697	2.9126213592233	EB
280	YY_Gem A	0.598	0.005	0.005	0.621	0.006	0.006	3820	100	100	0.074	0.009	0.009				4.63	0.008	0.008	0.5961256021920904	0.017983533211182838	0.017983533211182838	5.2901062	PMS	K		eker14	0.836120401337793	0.966183574879227	2.61780104712042	12.1621621621622	EB
281	YY_Gem B	0.601	0.005	0.005	0.605	0.006	0.006	3820	100	100	0.07	0.008	0.008				4.655	0.008	0.008	0.6479175425394605	0.020016342409413256	0.020016342409413256	5.2901062	PMS	K		eker14	0.831946755407654	0.991735537190083	2.61780104712042	11.4285714285714	EB
282	YZ_Cas A	2.308	0.01	0.01	2.547	0.03	0.03	9200	300	300	41.687	6.397	6.397	0.1	0.06	0.06	3.995	0.01	0.01	0.03334727571553307	0.001187174111690949	0.001187174111690949	1.7635162	MS	A		eker14	0.433275563258232	1.17785630153121	3.26086956521739	15.3453114879939	EB
283	YZ_Cas B	1.347	0.01	0.01	1.359	0.02	0.02	6700	250	250	3.342	0.603	0.603	0.1	0.06	0.06	4.307	0.013	0.013	0.1281210874693928	0.0057359720874905935	0.0057359720874905935	3.4022662	MS	F		eker14	0.742390497401633	1.47167034584253	3.73134328358209	18.0430879712747	EB
284	Z_Her A	1.611	0.07	0.07	1.859	0.06	0.06	6397	75	75	5.2	0.449	0.449				4.11	0.03	0.03	0.059864417605525834	0.006353342670413099	0.006353342670413099	3.6008827	MS	F		eker14	4.34512725015518	3.22754168908015	1.17242457401907	8.63461538461539	EB
285	Z_Her B	1.312	0.03	0.03	2.743	0.08	0.08	4977	175	175	4.15	0.748	0.748				3.68	0.03	0.03	0.015176366394094842	0.001372458800544822	0.001372458800544822	4.5316927	PMS	K		eker14	2.28658536585366	2.916514764856	3.51617440225035	18.0240963855422	EB
286	ZZ_Boo A	1.616	0.01	0.01	2.164	0.07	0.07	6670	30	30	8.318	0.595	0.595				3.975	0.01	0.01	0.038069833536728666	0.003701895875178927	0.003701895875178927	3.4219312	MS	F		eker14	0.618811881188119	3.23475046210721	0.449775112443778	7.15316181774465	EB
287	ZZ_Boo B	1.568	0.01	0.01	2.164	0.07	0.07	6670	30	30	8.318	0.595	0.595				3.99	0.1	0.1	0.036939046401974346	0.003592390661642681	0.003592390661642681	3.4219312	MS	F		eker14	0.637755102040816	3.23475046210721	0.449775112443778	7.15316181774465	EB
288	ZZ_Cep B	1.9	0.19	0.19	2.9	0.29	0.29	6501	338	338	13.49	0.965	0.965							0.01859820360867201	0.005881268379096642	0.005881268379096642	3.5327107	MS	F		malkov07	10.0	10.0	5.19920012305799	7.15344699777613	EB
289	ZZ_UMa A	1.179	0.013	0.013	1.518	0.023	0.023	5903	60	60	2.512	0.137	0.137				4.147	0.017	0.017	0.08046553091347598	0.0037635982103772147	0.0037635982103772147	3.9246997	MS	G		eker14	1.10262934690416	1.51515151515152	1.01643232254786	5.45382165605096	EB
290	ZZ_UMa B	0.96	0.01	0.01	1.158	0.013	0.013	5097	60	60	0.813	0.044	0.044				4.293	0.015	0.015	0.14759000435606076	0.005202972783864491	0.005202972783864491	4.4530327	PMS	K		eker14	1.04166666666667	1.12262521588946	1.17716303708064	5.41205412054121	EB
291	EPIC201367296	1.15	0.04	0.04	1.73	0.04	0.04	5718	71	71	2.7	0.342211612410021	0.342211612410021	0.21	0.08	0.08	4.018	0.013	0.013	0.053023808916848776	0.004114461990166644	0.004114461990166644	4.0459672	MS	G		lund16	3.47826086956522	2.3121387283237	1.24169289961525	12.6745041633341	A
292	EPIC201367904	1.3	0.05	0.05	2.08	0.05	0.05	6251	78	78	6.664	0.597819169052716	0.597819169052716	-0.02	0.08	0.08	3.916	0.013	0.013	0.03448774018783558	0.002818709534582716	0.002818709534582716	3.6965857	MS	F		lund16	3.84615384615385	2.40384615384615	1.24780035194369	8.97087588614519	A
293	EPIC201820830	1.29	0.08	0.08	1.74	0.05	0.05	6420	71	71	4.555	0.353974438320162	0.353974438320162	-0.07	0.11	0.11	4.063	0.016	0.016	0.058459265729012916	0.006208129536445169	0.006208129536445169	3.5858062	MS	F		lund16	6.2015503875969	2.8735632183908	1.10591900311526	7.77111829462485	A
294	EPIC201860743	1.14	0.05	0.05	1.88	0.03	0.03	5926	78	78	4.119	0.374560308738028	0.374560308738028	-0.02	0.11	0.11	3.945	0.014	0.014	0.0409583727665024	0.0026592772907151605	0.0026592772907151605	3.9096232	MS	G		lund16	4.3859649122807	1.59574468085106	1.31623354708066	9.09347678412305	A
295	EPIC204356572	1.18	0.07	0.07	1.5	0.04	0.04	6316	78	78	3.422	0.297267427373032	0.297267427373032	-0.07	0.08	0.08	4.157	0.015	0.015	0.08346792571041622	0.008312962785143582	0.008312962785143582	3.6539782	MS	F		lund16	5.93220338983051	2.66666666666667	1.23495883470551	8.68694995245564	A
296	EPIC204506926	1.08	0.05	0.05	1.41	0.02	0.02	5705	78	78	2.374	0.207373528160854	0.207373528160854	0.38	0.08	0.08	4.172	0.013	0.013	0.09197669673881242	0.005783660530884091	0.005783660530884091	4.0544887	MS	G		lund16	4.62962962962963	1.41843971631206	1.36722173531989	8.73519495201577	A
297	EPIC204550630	1.17	0.04	0.04	1.37	0.03	0.03	6199	65	65	3.635	0.304111216365601	0.304111216365601	-0.13	0.08	0.08	4.228	0.014	0.014	0.10862644107062557	0.008044555140646859	0.008044555140646859	3.7306717	MS	F		lund16	3.41880341880342	2.18978102189781	1.04855621874496	8.36619577346908	A
298	EPIC204624076	1.22	0.05	0.05	1.83	0.04	0.04	6381	71	71	6.112	0.478281180350465	0.478281180350465	-0.13	0.11	0.11	4.0	0.014	0.014	0.047524543310309454	0.0036749643024513636	0.0036749643024513636	3.6113707	MS	F		lund16	4.09836065573771	2.18579234972678	1.11267826359505	7.82528109212148	A
299	EPIC204926239	1.44	0.05	0.05	2.45	0.05	0.05	6225	71	71	6.714	0.596776978402461	0.596776978402461	0.1	0.08	0.08	3.817	0.012	0.012	0.0233762923325141	0.0016453440957245236	0.0016453440957245236	3.7136287	MS	F		lund16	3.47222222222222	2.04081632653061	1.14056224899598	8.88854599944089	A
300	EPIC205917956	1.06	0.11	0.11	2.56	0.12	0.12	5185	71	71	4.579	0.431715442821083	0.431715442821083	-0.35	0.08	0.08	3.664	0.012	0.012	0.01508333441711149	0.0026361054947739663	0.0026361054947739663	4.3953487	PMS	K		lund16	10.377358490566	4.6875	1.36933461909354	9.42815992184065	A
301	EPIC205962429	1.15	0.04	0.04	1.79	0.04	0.04	6082	65	65	4.372	0.372936224763376	0.372936224763376	-0.24	0.08	0.08	3.99	0.012	0.012	0.04786853520489711	0.003615285697512586	0.003615285697512586	3.8073652	MS	F		lund16	3.47826086956522	2.23463687150838	1.06872739230516	8.530105781413	A
302	EPIC205967173	0.95	0.08	0.08	2.65	0.11	0.11	5016	52	52	3.603	0.37869252507843	0.37869252507843	-0.3	0.08	0.08	3.572	0.013	0.013	0.012187015799939594	0.00183205794494577	0.00183205794494577	4.5061282	PMS	K		lund16	8.42105263157895	4.15094339622642	1.03668261562998	10.5104780760042	A
303	EPIC205974115	1.15	0.04	0.04	1.36	0.03	0.03	6121	71	71	3.386	0.460929317911396	0.460929317911396	-0.07	0.08	0.08	4.23	0.012	0.012	0.1091421503033722	0.008159538346359359	0.008159538346359359	3.7818007	MS	F		lund16	3.47826086956522	2.20588235294118	1.15994118608071	13.6127973393797	A
304	EPIC205979004	1.07	0.06	0.06	2.22	0.06	0.06	5588	84	84	8.324	2.74920060577796	2.74920060577796	-0.35	0.08	0.08	3.777	0.014	0.014	0.02334727748772256	0.0023016343831669486	0.0023016343831669486	4.1311822	PMS	G		lund16	5.60747663551402	2.7027027027027	1.50322118826056	33.0273979550452	A
305	EPIC205995584	1.31	0.07	0.07	1.71	0.04	0.04	6433	71	71	4.784	0.38291610691645	0.38291610691645	-0.07	0.08	0.08	4.082	0.013	0.013	0.06254525322542877	0.005516726634438581	0.005516726634438581	3.5772847	MS	F		lund16	5.34351145038168	2.33918128654971	1.10368412871133	8.00409922484219	A
306	EPIC206009487	1.03	0.05	0.05	1.49	0.04	0.04	5926	71	71	1.949	0.164977135740432	0.164977135740432	-0.24	0.08	0.08	4.101	0.012	0.012	0.07433439484011946	0.006990075475284393	0.006990075475284393	3.9096232	MS	G		lund16	4.85436893203883	2.68456375838926	1.1981100236247	8.4647068106943	A
307	EPIC206064678	1.01	0.04	0.04	0.98	0.02	0.02	5562	71	71	0.9558	0.0889516392597488	0.0889516392597488	0.26	0.11	0.11	4.453	0.013	0.013	0.25618549539756125	0.01868031806782994	0.01868031806782994	4.1482252	MS	G		lund16	3.96039603960396	2.04081632653061	1.27651923768429	9.30651174510869	A
308	EPIC206064711	1.27	0.05	0.05	1.57	0.03	0.03	6563	71	71	3.997	0.308407549090577	0.308407549090577	-0.18	0.08	0.08	4.147	0.011	0.011	0.07834587844936815	0.005448357640936688	0.005448357640936688	3.4920697	MS	F		lund16	3.93700787401575	1.91082802547771	1.08182233734573	7.71597570904621	A
309	EPIC206070413	1.23	0.07	0.07	1.52	0.04	0.04	6446	71	71	3.855	0.316837613447796	0.316837613447796	-0.13	0.08	0.08	4.16	0.014	0.014	0.0836152973068422	0.008137577108751888	0.008137577108751888	3.5687632	MS	F		lund16	5.69105691056911	2.63157894736842	1.10145826869376	8.21887453820483	A
310	EPIC206078331	0.94	0.04	0.04	1.13	0.03	0.03	5809	78	78	1.423	0.123992980527382	0.123992980527382	-0.18	0.11	0.11	4.306	0.012	0.012	0.15552632638336103	0.014044175599707933	0.014044175599707933	3.9863167	MS	G		lund16	4.25531914893617	2.65486725663717	1.34274401790325	8.71349125280268	A
311	EPIC206088888	1.08	0.06	0.06	1.3	0.03	0.03	5965	71	71	2.132	0.17966884307268	0.17966884307268	-0.02	0.08	0.08	4.242	0.012	0.012	0.11735594347240348	0.010417162418641322	0.010417162418641322	3.8840587	MS	G		lund16	5.55555555555556	2.30769230769231	1.19027661357921	8.42724404656098	A
312	EPIC206094605	1.4	0.11	0.11	2.01	0.07	0.07	6537	78	78	6.616	0.579248511148907	0.579248511148907	0.04	0.08	0.08	3.979	0.014	0.014	0.041157714865313576	0.00538034466219134	0.00538034466219134	3.5091127	MS	F		lund16	7.85714285714286	3.48258706467662	1.19320789352914	8.75526770176704	A
313	EPIC206107253	1.16	0.03	0.03	1.31	0.02	0.02	6290	65	65	2.481	0.20841508252867	0.20841508252867	-0.18	0.08	0.08	4.267	0.01	0.01	0.12318433772471749	0.006479339794244673	0.006479339794244673	3.6710212	MS	F		lund16	2.58620689655172	1.52671755725191	1.03338632750397	8.40044669603668	A
314	EPIC206108325	1.3	0.05	0.05	2.15	0.05	0.05	6433	71	71	7.835	3.43972966891016	3.43972966891016	-0.18	0.11	0.11	3.887	0.014	0.014	0.031227654322683134	0.00248780471655474	0.00248780471655474	3.5772847	MS	F		lund16	3.84615384615385	2.32558139534884	1.10368412871133	43.9021017091277	A
315	EPIC206184719	1.44	0.06	0.06	2.78	0.08	0.08	5822	84	84	12.87	1.13826427749362	1.13826427749362	-0.02	0.11	0.11	3.706	0.013	0.013	0.016000718878892258	0.0015338290696814804	0.0015338290696814804	3.9777952	PMS	G		lund16	4.16666666666667	2.87769784172662	1.44280316042597	8.84432228044774	A
316	EPIC206189649	1.17	0.06	0.06	2.0	0.05	0.05	6082	78	78	8.906	1.59769482996764	1.59769482996764	-0.18	0.11	0.11	3.907	0.012	0.012	0.03491461564078454	0.0031722092449492905	0.0031722092449492905	3.8073652	MS	F		lund16	5.12820512820513	2.5	1.2824728707662	17.9395332356573	A
317	EPIC206201061	1.41	0.1	0.1	1.97	0.06	0.06	6589	71	71	5.989	0.54400862162162	0.54400862162162	-0.02	0.11	0.11	3.997	0.013	0.013	0.04402829065885453	0.0050925540856490165	0.0050925540856490165	3.4750267	MS	F		lund16	7.09219858156028	3.04568527918782	1.07755349825467	9.08346337655068	A
318	EPIC206245055	0.88	0.04	0.04	0.93	0.02	0.02	5835	71	71	1.027	0.0881553234679514	0.0881553234679514	-0.35	0.08	0.08	4.444	0.012	0.012	0.2611831871685108	0.020612709853448735	0.020612709853448735	3.9692737	MS	G		lund16	4.54545454545455	2.1505376344086	1.21679520137104	8.5837705421569	A
319	EPIC206289767	1.36	0.08	0.08	2.06	0.06	0.06	6368	78	78	6.726	0.567887631238488	0.567887631238488	0.04	0.11	0.11	3.94	0.013	0.013	0.037140576272420574	0.003912162449967166	0.003912162449967166	3.6198922	MS	F		lund16	5.88235294117647	2.9126213592233	1.2248743718593	8.44317025332275	A
320	EPIC206368174	1.32	0.08	0.08	1.78	0.05	0.05	6212	65	65	4.479	0.385317387049338	0.385317387049338	0.1	0.06	0.06	4.05	0.013	0.013	0.05587600081031094	0.005799937139289131	0.005799937139289131	3.7221502	MS	F		lund16	6.06060606060606	2.80898876404494	1.04636188023181	8.60275479011695	A
321	EPIC206371648	0.83	0.03	0.03	0.93	0.02	0.02	5549	65	65	1.218	0.192773285125266	0.192773285125266	-0.24	0.08	0.08	4.421	0.016	0.016	0.24634323335211808	0.018217346847239548	0.018217346847239548	4.1567467	MS	G		lund16	3.6144578313253	2.1505376344086	1.17138223103262	15.8270349035523	A
322	EPIC206445085	1.18	0.04	0.04	1.86	0.04	0.04	5718	71	71	3.478	0.303061164574273	0.303061164574273	0.26	0.11	0.11	3.968	0.011	0.011	0.04377786375835834	0.003190510165118931	0.003190510165118931	4.0459672	PMS	G		lund16	3.38983050847458	2.1505376344086	1.24169289961525	8.71366200616081	A
323	EPIC206453540	1.42	0.08	0.08	1.87	0.05	0.05	6524	78	78	6.053	0.502935081754122	0.502935081754122	-0.02	0.11	0.11	4.044	0.011	0.011	0.05184118443573888	0.0050815584106929015	0.0050815584106929015	3.5176342	MS	F		lund16	5.63380281690141	2.67379679144385	1.19558553034948	8.30885646380508	A
324	KIC10003270	1.416	0.207465659809039	0.103232746742494	2.362	0.114947814246292	0.0984784240328814	6594	69	69	9.847	0.935283684854657	0.935283684854657	-0.181	0.1	0.1	3.848	0.0221359436211787	0.0230867927612304	0.02565281116344777	0.0053059585432337535	0.0037138749904596243	3.4717492	MS	F		serenelli17	10.9709889319044	4.51791359608749	1.04640582347589	9.49815867629386	A
325	KIC10016239	1.264	0.0540370243444252	0.0596405902049938	1.298	0.0246981780704569	0.0255538646783613	6482	51	51	2.567	0.211327209888464	0.211327209888464	-0.005	0.1	0.1	4.312	0.010770329614269	0.010770329614269	0.13798579727448598	0.009840787833454365	0.010431005746094516	3.5451652	MS	F		serenelli17	4.49674108185993	1.93574895026264	0.786794199321197	8.23245850753659	A
326	KIC10018963	1.254	0.0445533388198909	0.046690470119715	1.965	0.0272029410174709	0.0284253408071038	6271	46	46	5.266	0.446821090674345	0.446821090674345	-0.219	0.1	0.1	3.949	0.0058309518948453	0.0058309518948453	0.039456745723319475	0.0021565013935261486	0.0022561716123235902	3.6834757	MS	F		serenelli17	3.63811040429051	1.41547790902226	0.733535321320364	8.48501881265373	A
327	KIC10019747	1.168	0.0509901951359278	0.0556057550978314	1.7	0.0292061637330205	0.0308058436014987	5769	65	65	2.721	0.231861813052369	0.231861813052369	0.204	0.1	0.1	4.044	0.0106301458127346	0.0106301458127346	0.056755436657236036	0.003833512246434378	0.004101283605899287	4.0125367	MS	G		serenelli17	4.56318280110271	1.76505903925056	1.12671173513607	8.52119856862805	A
328	KIC10024648	1.444	0.087692645073575	0.13729530217746	2.0	0.0504479930225178	0.0602079728939615	6409	157	157	5.875	0.502415649551589	0.502415649551589	-0.006	0.1	0.1	3.994	0.0143178210632764	0.0161554944214035	0.04309120084213066	0.004181014409846948	0.005650771110676592	3.5930167	MS	F		serenelli17	7.79044138680869	2.76639914791198	2.44968013730691	8.55175573704832	A
329	KIC10025841	1.121	0.133195345264014	0.0966488489326179	1.521	0.0945568612000208	0.0850940655980192	5738	187	187	3.181	0.271735078378362	0.271735078378362	0.197	0.1	0.1	4.127	0.0362215405525497	0.0392045915678253	0.0760552785272909	0.016818545614481296	0.014350692874115011	4.0328572	MS	G		serenelli17	10.251748180046	5.90568464161867	3.25897525270129	8.5424419483924	A
330	KIC10068307	1.469	0.0095	0.0209	2.0823	0.018	0.018	6132	77	77	6.294	0.2	0.173	-0.23	0.1	0.1	3.9666	0.0044	0.0044	0.03884215250855345	0.0010381361904275095	0.0011489212588943346	3.7745902	MS	F		silva17	1.03471749489449	0.864428756663305	1.25570776255708	2.96313949793454	A
331	KIC10070754	1.201	0.0552177507691141	0.056859475903318	1.284	0.0286356421265527	0.0286356421265527	6550	58	58	2.492	0.206873468067021	0.206873468067021	-0.21	0.099	0.099	4.299	0.0148660687473185	0.0148660687473185	0.1354438614698445	0.010995347410263178	0.011101254484565278	3.5005912	MS	F		serenelli17	4.66599611458918	2.23019019677202	0.885496183206107	8.3015035339896	A
332	KIC10074716	1.217	0.0742495791233863	0.0920869154657707	1.465	0.046518813398452	0.0456179789118282	6064	91	91	2.686	0.2247932580903	0.2247932580903	0.11	0.1	0.1	4.189	0.019313207915828	0.0202484567313166	0.09240364327738554	0.010452971556191421	0.011108440596995992	3.8191642	MS	F		serenelli17	6.83387405871639	3.14460042014608	1.50065963060686	8.36907141065898	A
333	KIC10079226	1.147	0.0470106370941726	0.0460977222864644	1.158	0.0170880074906351	0.0170880074906351	6078	50	50	1.666	0.139281472396433	0.139281472396433	0.106	0.099	0.099	4.37	0.0076157731058639	0.0076157731058639	0.1763393072879184	0.010638412535202216	0.01054356548300702	3.8099872	MS	F		serenelli17	4.05877765390746	1.47564831525346	0.822639025995393	8.36023243676071	A
334	KIC10081026	1.354	0.0781024967590666	0.0744043009509531	2.341	0.0922821759604746	0.0862844134244418	6503	61	61	10.56	0.966112970046765	0.966112970046765	-0.244	0.101	0.101	3.83	0.0223606797749979	0.0223606797749979	0.025195664338227217	0.003315190177389191	0.0031110501748575284	3.5313997	MS	F		serenelli17	5.63171335709083	3.81389554431688	0.938028602183608	9.14879706483679	A
335	KIC10088136	1.329	0.217635015565051	0.220204450454572	3.414	0.281753438310875	0.284429253066558	5301	83	83	8.371	0.782650863700183	0.782650863700183	-0.4	0.102	0.102	3.493	0.0271661554144122	0.0291547594742265	0.007973441666800432	0.002366862327055818	0.002391005095385758	4.3193107	PMS	G		serenelli17	16.4725156516036	8.29207222286808	1.56574231277118	9.34955039660952	A
336	KIC10118942	1.184	0.0617170964968379	0.0609590026165127	2.14	0.0608358446970205	0.0599332962550868	6362	61	61	6.26	0.57991786244829	0.57991786244829	-0.325	0.0721110255092798	0.0721110255092798	3.85	0.0164924225024706	0.0164924225024706	0.02884176095565687	0.002882799268124793	0.002842033721095751	3.6238252	MS	F	p	serenelli17	5.18057850985433	2.82170890075017	0.95881798176674	9.26386361738483	A
337	KIC10129349	1.381	0.0578013840664737	0.0570087712549569	1.534	0.041146081222882	0.0393573373083089	6699	56	56	4.248	0.367732674870185	0.367732674870185	0.045	0.1	0.1	4.206	0.0177200451466694	0.0177200451466694	0.09133326652786118	0.008284160065423596	0.00797715841874902	3.4029217	MS	F		serenelli17	4.15677607970422	2.62397061705316	0.83594566353187	8.65660722387442	A
338	KIC10130724	0.85	0.15	0.09	1.08	0.06	0.04	5648	70	70	4.802	1.39168643856667	1.39168643856667	0.32	0.15	0.15	4.306	0.022	0.016	0.16108646455869796	0.03910111262460189	0.0247238871073593	4.0918522	MS	G		C14sdss	14.1176470588235	4.62962962962963	1.23937677053824	28.9813918901848	A
339	KIC10130853	1.273	0.0778973683766018	0.0761577310586391	3.796	0.0901387818865997	0.0893084542470644	4945	78	78	8.318	0.8628803096092	0.8628803096092	0.316	0.099	0.099	3.383	0.0072801098892805	0.0072801098892805	0.005555986516277104	0.0005217657817266027	0.0005140639268208197	4.5526687	PMS	K		serenelli17	6.05086800609744	2.36363588163414	1.57735085945399	10.3736512335802	A
340	KIC10147635	1.467	0.0554707129934347	0.0468721665810319	2.688	0.0446542271235322	0.0414004830889689	6155	66	66	9.718	0.857439330910491	0.857439330910491	-0.035	0.1	0.1	3.746	0.0067082039324993	0.0067082039324993	0.018032407429738877	0.001128075292089043	0.0010130062448378426	3.7595137	MS	F		serenelli17	3.48816903798454	1.60072005603611	1.07229894394801	8.82320776816722	A
341	KIC10162436	1.413	0.0735527021937332	0.114061386980871	2.011	0.0418688428309166	0.0458039299623951	6346	108	108	5.258	0.435907811991826	0.435907811991826	-0.059	0.1	0.1	3.979	0.0094339811320566	0.0139283882771841	0.04147795544521153	0.003372458003901811	0.004386708699183215	3.6343132	MS	F		serenelli17	6.63885665869088	2.17983025343888	1.7018594390167	8.2903729933782	A
342	KIC10186764	1.305	0.0629682459657247	0.0698140387028282	1.709	0.0651920240520265	0.062393909959226	6488	74	74	3.867	0.346675421583137	0.346675421583137	-0.167	0.102	0.102	4.087	0.0231948270094864	0.0251793566240283	0.06241596856050388	0.007751769519007016	0.007608130493543381	3.5412322	MS	F		serenelli17	5.08744385703268	3.73276576978503	1.14056720098644	8.96497081932083	A
343	KIC10202294	1.18	0.21	0.11	1.88	0.08	0.07	5803	66	66	4.243	0.36646582595668	0.36646582595668	0.36	0.1	0.1	3.961	0.026	0.015	0.04239550865304635	0.009285381060983946	0.006168130833098313	3.9902497	MS	G		C14sdss	13.5593220338983	3.98936170212766	1.13734275374806	8.63695088278766	A
344	KIC10214328	1.23	0.085146931829632	0.0630317380372777	1.765	0.0539073278877742	0.051662365412358	6923	80	80	6.189	0.470228183233684	0.470228183233684	-0.584	0.102	0.102	4.033	0.0234093998214393	0.0206155281280883	0.05340505577449379	0.0061329056360257045	0.005429726942133981	3.2560897	MS	F		serenelli17	6.02352316532153	2.99064286969213	1.15556839520439	7.5978055135512	A
345	KIC10215584	1.068	0.060605280298007	0.0638200595424354	1.139	0.0290688837074973	0.0290688837074973	5995	57	57	1.78	0.157131504009564	0.157131504009564	-0.015	0.1	0.1	4.352	0.0170880074906351	0.0170880074906351	0.1725486124067608	0.016444025437203035	0.01675848837127833	3.8643937	MS	G		serenelli17	5.82515635957127	2.55214079960468	0.950792326939116	8.82761258480697	A
346	KIC10264660	1.39	0.1	0.1	2.08	0.07	0.07	6378	75	75				0.05	0.0721110255092798	0.0721110255092798				0.03687535297007035	0.004571495048473883	0.004571495048473883	3.6133372	MS	F	p	huber13	7.19424460431655	3.36538461538462	1.17591721542803	100.0	A
347	KIC10272858	1.389	0.0762758153020995	0.0730068489937759	3.636	0.0708025423272357	0.0684105255059483	5208	68	68	9.418	0.909557214636216	0.909557214636216	0.11	0.0721110255092798	0.0721110255092798	3.459	0.0072111025509279	0.0080622577482985	0.006898298972647285	0.0005530794525221	0.0005320459095211026	4.3802722	PMS	G	p	serenelli17	5.37374601497032	1.91437111981826	1.30568356374808	9.65764721423037	A
348	KIC10272923	1.205	0.101636607578175	0.0938616002420585	2.841	0.087091905479212	0.083240615086627	5078	74	74	4.783	0.461594140836099	0.461594140836099	0.061	0.102	0.102	3.611	0.0111803398874989	0.0111803398874989	0.012545406454410817	0.0015655123045250745	0.0014734136058704886	4.4654872	PMS	K		serenelli17	8.11195883071509	2.99775643375289	1.45726664040961	9.65072424913442	A
349	KIC10273246	1.287	0.0509901951359278	0.0544518135602479	2.147	0.029	0.0320156211871642	6342	59	59	6.403	0.567072115737085	0.567072115737085	-0.262	0.1	0.1	3.883	0.0078102496759066	0.0078102496759066	0.031045152983560295	0.001759387549871974	0.0019115633908426007	3.6369352	MS	F		serenelli17	4.09642613427256	1.4209506564314	0.930305897193314	8.85635039414471	A
350	KIC10290021	1.37	0.13	0.11	2.05	0.06	0.07	6215	56	56	6.234	0.534000492474451	0.534000492474451	0.06	0.15	0.1	3.955	0.014	0.015	0.03796386100652574	0.004908054178948658	0.0049412199117614885	3.7201837	MS	F		C14sdss	8.75912408759124	3.17073170731707	0.901045856798069	8.56593667748558	A
351	KIC10295224	1.475	0.0640702739185654	0.0640702739185654	2.613	0.0942549733435854	0.0885437744847146	6091	50	50	7.578	1.38268935046898	1.38268935046898	0.12	0.1	0.1	3.772	0.0200997512422418	0.0200997512422418	0.019737183635586686	0.0023014967713439315	0.0021819260486029314	3.8014657	PMS	F		serenelli17	4.34374738430952	3.4978711792633	0.820883270398949	18.2460985810106	A
352	KIC10319352	1.077	0.0622012861603359	0.060605280298007	1.483	0.0288444102037119	0.0366742416417845	5659	63	63	2.162	0.19153491573826	0.19153491573826	0.197	0.099	0.099	4.128	0.017464249196573	0.0165529453572468	0.07883219893959952	0.006472063855839468	0.007340553939652657	4.0846417	MS	G		serenelli17	5.7013262051227	2.20899028474364	1.11327089591801	8.85915428946622	A
353	KIC10322381	1.138	0.0687968022512675	0.0646374504447692	1.401	0.066098411478643	0.059464274989274	6464	63	63	2.627	0.213321387443824	0.213321387443824	-0.361	0.1	0.1	4.199	0.0280713376952364	0.0290688837074973	0.09879597393921873	0.015205534203769041	0.013774762864714808	3.5569642	MS	F		serenelli17	5.86266488119669	4.48118081612837	0.974628712871287	8.12034211815091	A
354	KIC10324098	1.326	0.172754160586656	0.0738173421358423	2.11	0.0813941029804985	0.060802960454241	6370	68	68	6.862	0.611014165471671	0.611014165471671	-0.118	0.101	0.101	3.912	0.0167630546142402	0.0158113883008419	0.03369826559400744	0.005872206888800712	0.0034649634609762656	3.6185812	MS	F		serenelli17	9.29756797596146	3.36959865959099	1.06750392464678	8.90431602261252	A
355	KIC10351059	1.47	0.0729177618965366	0.0722495674727538	1.819	0.0457930125674212	0.0449444101084885	6530	58	58	5.568	0.459300526153019	0.459300526153019	0.16	0.1	0.1	4.085	0.0139283882771841	0.0148660687473185	0.05830833338579886	0.005268601309817139	0.005185890846820112	3.5137012	MS	F		serenelli17	4.93766426426158	2.49415675304865	0.888208269525268	8.24893186338038	A
356	KIC10355856	1.347	0.0558659108938537	0.0530754180388624	1.738	0.0270185121722126	0.0264007575648882	6558	56	56	5.057	0.435711596721004	0.435711596721004	-0.152	0.1	0.1	4.087	0.0072111025509279	0.0072111025509279	0.06125332523973792	0.0038228907458556353	0.0036901156352549353	3.4953472	MS	F		serenelli17	4.0438503686977	1.5368029268441	0.853918877706618	8.61600942695282	A
357	KIC10385708	1.227	0.128160056179763	0.054561891462815	1.766	0.0488466989672793	0.0407062648740952	6036	55	55	3.7	0.318249775162472	0.318249775162472	0.121	0.1	0.1	4.033	0.0178885438199983	0.0152643375224737	0.0531843499854542	0.007094725345258727	0.0043724821397629066	3.8375182	MS	F		serenelli17	7.44588213702436	2.53547462744548	0.911199469847581	8.6013452746614	A
358	KIC10394814	1.128	0.077884529914483	0.0730821455623739	3.146	0.0866833317310774	0.084770277810091	5156	64	64	6.623	0.64517421606136	0.64517421606136	-0.199	0.101	0.101	3.494	0.0080622577482985	0.0080622577482985	0.00864857060964088	0.0009314871992505422	0.0008959573122496005	4.4143582	PMS	K		serenelli17	6.69178526049898	2.72494611476746	1.24127230411171	9.74141953890019	A
359	KIC10398597	1.47	0.0779358710735949	0.112538882169675	2.015	0.0784474346298207	0.0717843994193725	6412	65	65	6.768	0.567435482894059	0.567435482894059	0.112	0.1	0.1	3.991	0.0241867732448957	0.0241867732448957	0.04289469399891667	0.005501899892386699	0.0056391853725827985	3.5910502	MS	F		serenelli17	6.47873310351258	3.72783707318097	1.01372426699938	8.38409401439213	A
360	KIC10417911	1.145	0.0550090901579003	0.0550090901579003	1.901	0.0569209978830308	0.0550272659687904	5545	63	63	3.83	0.347679616677837	0.347679616677837	0.137	0.1	0.1	3.938	0.0152970585407784	0.0152970585407784	0.039789687360432875	0.004053314348915883	0.003948854966482019	4.1593687	PMS	G		serenelli17	4.80428735003496	2.94445722913785	1.13615870153291	9.0777967801002	A
361	KIC10454113	1.203	0.0384837628097877	0.0384837628097877	1.255	0.0134164078649987	0.0143178210632764	6197	45	45	2.627	0.230186565383304	0.230186565383304	-0.055	0.1	0.1	4.32	0.0053851648071345	0.0053851648071345	0.1452933845465807	0.00658149232255385	0.00680674162513211	3.7319827	MS	F		serenelli17	3.19898277720596	1.10494935969223	0.726157818299177	8.762335949117	A
362	KIC10462940	1.239	0.05060632371552	0.0522015325445528	1.271	0.0174928556845359	0.0174928556845359	6265	48	48	2.189	0.183679028296869	0.183679028296869	0.112	0.099	0.099	4.322	0.0072111025509279	0.0072111025509279	0.14406087404993653	0.008366787232982119	0.008498250977012949	3.6874087	MS	F		serenelli17	4.14882390072933	1.37630650547096	0.766161213088587	8.39100174951434	A
363	KIC10491771	1.299	0.0551543289325507	0.0537587202228624	1.511	0.043081318457076	0.0412310562561766	6601	48	48	3.72	0.300924684209658	0.300924684209658	-0.101	0.1	0.1	4.192	0.0189736659610103	0.0189736659610103	0.08989326377748705	0.0085842528314692	0.008245739193109353	3.4671607	MS	F		serenelli17	4.19218818919989	2.78995283630882	0.727162551128617	8.08937323144242	A
364	KIC10514430	1.059	0.04	0.021	1.59	0.015	0.018	5784	98	98	2.634	0.151	0.124	-0.114	0.0721110255092798	0.0721110255092798	4.061	0.004	0.004	0.06289497920144262	0.0029685375398078207	0.002473512812486811	4.0027042	MS	G	p	silva15	2.88007554296506	1.0377358490566	1.69432918395574	5.2201974183751	A
365	KIC10516096	1.0586	0.0494	0.0608	1.3986	0.024	0.021	5964	77	77	2.217	0.189	0.146	-0.11	0.1	0.1	4.169	0.011	0.0099	0.09237675634178195	0.006418593311227263	0.006742718804685785	3.8847142	MS	G		silva17	5.2049877196297	1.60875160875161	1.29107981220657	7.5552548488949	A
366	KIC10518551	1.25	0.0523259018078045	0.0574891294072192	2.08	0.0366196668472011	0.0382753184180093	6242	60	60	7.12	0.615406327362857	0.615406327362857	-0.267	0.101	0.101	3.898	0.0089442719099991	0.0098488578017961	0.0331612886421496	0.0022348684418299894	0.002382718414036765	3.7024852	MS	F		serenelli17	4.39260124860095	1.8003602227214	0.961230374879846	8.64334729442215	A
367	KIC10585852	1.34	0.1	0.1	3.55	0.1	0.1	5048	75	75	7.513	0.830821983668614	0.830821983668614	0.125	0.0721110255092798	0.0721110255092798				0.0071504130493828845	0.0008061471336911042	0.0008061471336911042	4.4851522	PMS	K	p	huber13	7.46268656716418	2.8169014084507	1.48573692551506	11.0584584542608	A
368	KIC10586004	1.178	0.021	0.03	1.653	0.009	0.012	5770	83	83	2.749	0.151	0.155	0.256	0.0721110255092798	0.0721110255092798	4.071	0.005	0.005	0.06226415813436063	0.0015054454133391047	0.0020864248169596895	4.0118812	MS	G	p	silva15	2.16468590831919	0.635208711433757	1.43847487001733	5.5656602400873	A
369	KIC10593351	1.59	0.0604400529450463	0.0586003412959345	3.071	0.0535350352572967	0.0535350352572967	5927	81	81	11.41	0.97035638213164	0.97035638213164	0.151	0.1	0.1	3.665	0.0058309518948453	0.0058309518948453	0.013105966867021928	0.0008473359367269488	0.0008385098099147293	3.9089677	PMS	G		serenelli17	3.74340862393021	1.74324439131542	1.36662729880209	8.50443805549203	A
370	KIC10593626	0.97	0.06	0.06	0.98	0.02	0.02	5642	50	50	0.6381	0.0573022765811835	0.0573022765811835	-0.202	0.0721110255092798	0.0721110255092798				0.24603953518379645	0.02141330300323759	0.02141330300323759	4.0957852	MS	G	p	huber13	6.18556701030928	2.04081632653061	0.886210563629919	8.98014050794288	A
371	KIC10610027	1.329	0.0626258732474047	0.0551543289325507	1.48	0.057567351858497	0.0528109837060436	6704	58	58	5.015	0.1028789500582	0.1028789500582	-0.041	0.1	0.1	4.222	0.0253179778023443	0.0263058928759318	0.09787036893597534	0.012316598463052386	0.011236717174919055	3.3996442	MS	F		serenelli17	4.43115884800434	3.72899782312637	0.865155131264916	2.05142472698305	A
372	KIC10644253	1.159	0.0447772263544762	0.0456946386351835	1.118	0.0136014705087354	0.014560219778561	6069	50	50	1.537	0.130345556857047	0.130345556857047	0.096	0.1	0.1	4.405	0.0067082039324993	0.0067082039324993	0.1980019265781449	0.010523378576999422	0.010990258841118641	3.8158867	MS	F		serenelli17	3.90301402026142	1.25946736526371	0.823858955346845	8.48051768751117	A
373	KIC10655953	1.262	0.0483321838943783	0.0501597448159378	1.267	0.0269258240356725	0.026	6594	61	61	2.301	0.193171468513318	0.193171468513318	-0.073	0.099	0.099	4.333	0.012369316876853	0.0133416640641263	0.1481292762665862	0.011016907181979653	0.010854687302351033	3.4717492	MS	F		serenelli17	3.90221587600301	2.08862762571715	0.925083409159842	8.39510945299078	A
374	KIC10666592	1.497	0.042	0.04	1.986	0.018	0.015	6350	80	80	5.754	0.304	0.322	0.203	0.0721110255092798	0.0721110255092798	4.017	0.007	0.009	0.04562422061060704	0.0017825352077162804	0.0015983960636671087	3.6316912	MS	F	p	silva15	2.73881095524382	0.830815709969789	1.25984251968504	5.43969412582551	A
375	KIC10670371	1.501	0.0690289794216893	0.0873212459828649	3.017	0.0693397432934389	0.0796492310069595	5334	71	71	9.321	0.919298453752055	0.919298453752055	-0.119	0.1	0.1	3.652	0.0076157731058639	0.0076157731058639	0.01304866712844968	0.0010814602690831173	0.0012822984854644866	4.2976792	PMS	G		serenelli17	5.20820204545484	2.46915767816371	1.33108361454818	9.862659089712	A
376	KIC10709834	1.39	0.04	0.03	1.76	0.03	0.02	6508	84	84	5.709	0.462955303593953	0.462955303593953	-0.08	0.09	0.09	4.092	0.01	0.01	0.06086788164931974	0.003571571581196436	0.0024559300076086514	3.5281222	MS	F		C14bruntt	2.51798561151079	1.42045454545455	1.29071911493546	8.10921884032147	A
377	KIC10712891	1.505	0.097948966303887	0.133794618725867	3.059	0.113088460949825	0.13186735759846	5358	109	109				-0.049	0.099	0.099	3.641	0.0130384048104053	0.0130384048104053	0.012551899684123544	0.0016140855045014828	0.0019698053079621977	4.2819472	PMS	G		serenelli17	7.69912242623766	4.0038545038948	2.03434117207913	100.0	A
378	KIC10717090	1.22	0.095	0.120880105890093	1.546	0.0585234995535981	0.0593632883186233	5817	74	74	2.651	0.221827032423064	0.221827032423064	0.238	0.1	0.1	4.141	0.0223606797749979	0.0241660919471891	0.07882114740398427	0.01085342350099215	0.011976380482312416	3.9810727	MS	G		serenelli17	8.84754532336445	3.81263867633316	1.2721334020973	8.36767379943659	A
379	KIC10727922	1.212	0.0658559033041078	0.0700071424927486	1.917	0.0756439025963098	0.0729177618965366	6319	66	66	4.764	0.413800752012321	0.413800752012321	-0.304	0.1	0.1	3.954	0.0233452350598575	0.0243310501211929	0.041072172174545146	0.005349789655687234	0.005253069512684139	3.6520117	MS	F		serenelli17	5.60491113023335	3.87484779584889	1.04446906156037	8.68599395491857	A
380	KIC10730618	1.368	0.0567274184147313	0.0552268050859363	1.777	0.0240831891575846	0.0240831891575846	6422	54	54	4.894	0.397201754280749	0.397201754280749	-0.006	0.1	0.1	4.074	0.0072111025509279	0.0072111025509279	0.058201637632894765	0.003380023685918427	0.0033347363262981595	3.5844952	MS	F		serenelli17	4.09189413379633	1.3552723217549	0.840859545312987	8.11609632776357	A
381	KIC10731424	1.437	0.0823286098510111	0.0763806258157132	2.55	0.0974935895328508	0.0878179936004006	6432	65	65	10.5	0.942460199831208	0.942460199831208	-0.129	0.101	0.101	3.782	0.0182482875908947	0.0192353840616713	0.02068938672664845	0.002652608781224771	0.0024038247305895417	3.5779402	MS	F		serenelli17	5.5222420204149	3.63356045359317	1.01057213930348	8.97581142696389	A
382	KIC10732098	1.121	0.0559464029227975	0.0603738353924943	1.778	0.0518941229813165	0.0509901951359278	5796	67	67	3.341	0.281171050181982	0.281171050181982	-0.01	0.1	0.1	3.987	0.014560219778561	0.01552417469626	0.047612581974088915	0.004798627527469446	0.004832769800784278	3.9948382	MS	G		serenelli17	5.18823542887118	2.8932597895738	1.1559696342305	8.41577522244784	A
383	KIC10794845	1.142	0.054644304369257	0.0554707129934347	1.143	0.0480520551069359	0.0441474801092882	6398	55	55	1.717	0.140750470612926	0.140750470612926	-0.195	0.1	0.1	4.378	0.0294278779391243	0.0323882694814033	0.1825739465399179	0.024627909577924916	0.022938901284270806	3.6002272	MS	F		serenelli17	4.82114787052065	4.03322551252074	0.859643638637074	8.19746479982096	A
384	KIC10858780	0.92	0.14	0.11	1.43	0.1	0.08	5672	60	60	2.386	0.210801878607723	0.210801878607723	-0.16	0.15	0.1	4.086	0.023	0.023	0.07510884881501742	0.01946592311240718	0.015477431325855499	4.0761202	MS	G		C14sdss	13.5869565217391	6.29370629370629	1.05782792665726	8.83494881004706	A
385	KIC10864656	1.35	0.1	0.1	4.16	0.12	0.12	4995	78	78	8.662	0.961667430549011	0.961667430549011	0.075	0.0721110255092798	0.0721110255092798				0.0044767739666901965	0.0005099569011983425	0.0005099569011983425	4.5198937	PMS	K	p	huber13	7.40740740740741	2.88461538461538	1.56156156156156	11.1021407359618	A
386	KIC10873176	1.109	0.0540832691319598	0.0508035431835221	2.021	0.0393573373083089	0.0384707681233427	6517	89	89	6.273	0.535099039682648	0.535099039682648	-0.837	0.104	0.104	3.871	0.0125299640861417	0.0125299640861417	0.03207332583399669	0.002440836032155356	0.0023480945574749753	3.5222227	MS	F		serenelli17	4.72889144794779	1.92548504284145	1.36565904557312	8.53019352275862	A
387	KIC10875245	1.14	0.07	0.07	1.41	0.05	0.05	5851	75	75	2.188	0.197082748492068	0.197082748492068	0.323	0.0721110255092798	0.0721110255092798				0.097086513224302	0.011925341985028976	0.011925341985028976	3.9587857	MS	G	p	huber13	6.14035087719298	3.54609929078014	1.2818321654418	9.00743823089888	A
388	KIC10909629	1.302	0.116284134773408	0.105342299196477	2.112	0.0651920240520265	0.0581893461039046	6501	61	61	7.422	0.607339207044955	0.607339207044955	-0.297	0.101	0.101	3.903	0.0134536240470737	0.0116619037896906	0.03299443025055551	0.004244859867961584	0.0038162472453103563	3.5327107	MS	F		serenelli17	8.51099976842873	2.9209604677067	0.938317181972004	8.1829588661406	A
389	KIC10923629	1.688	0.0787718223732319	0.213459598050779	2.578	0.0431856457633784	0.0992975326984513	6195	87	87	9.692	0.806334524261021	0.806334524261021	0.157	0.1	0.1	3.84	0.0098994949366116	0.0211896201004171	0.02351987958433646	0.0016129976646942431	0.004028950826791267	3.7332937	MS	F		serenelli17	8.65614396990553	2.76344411291369	1.4043583535109	8.3195885705842	A
390	KIC10937782	1.36	0.33	0.15	4.07	0.45	0.21	5199	68	68	9.793	0.933244397420951	0.933244397420951	-0.3	0.15	0.1	3.355	0.009	0.009	0.004815784797315896	0.001979160932486917	0.0009153170753259393	4.3861717	PMS	K		C14sdss	17.6470588235294	8.10810810810811	1.30794383535295	9.52970894946341	A
391	KIC10959362	1.406	0.0908019823572151	0.09037698822156	2.307	0.0782368199762746	0.0734098086089318	5806	94	94	6.758	0.610995345083011	0.610995345083011	0.419	0.102	0.102	3.859	0.0183847763108502	0.0183847763108502	0.027337193561784177	0.003294274265639762	0.0031461216851526113	3.9882832	PMS	G		serenelli17	6.44306438758091	3.28666295156494	1.61901481226318	9.04106755079922	A
392	KIC10963065	1.131	0.044407206622349	0.044407206622349	1.242	0.0170293863659264	0.0178044938147649	6316	45	45	1.87	0.154763396060113	0.154763396060113	-0.146	0.0721110255092798	0.0721110255092798	4.303	0.0064031242374328	0.0072111025509279	0.1409318679095431	0.008014084984935462	0.008206971717213405	3.6539782	MS	F	p	serenelli17	3.92636663327578	1.40233011999562	0.71247625079164	8.27611743636969	A
393	KIC10971974	1.057	0.0595399025864168	0.0586685605754905	1.19	0.0338378486313773	0.0328937684067971	6030	58	58	1.647	0.136094550586722	0.136094550586722	-0.077	0.102	0.102	4.311	0.0186815416922694	0.0186815416922694	0.14974264284390973	0.015307478298557713	0.014942345911053654	3.8414512	MS	F		serenelli17	5.59169645988209	2.80384945538548	0.961857379767828	8.26317854199892	A
394	KIC10972252	1.338	0.0650691939399898	0.0637024332345319	2.285	0.0536003731330296	0.0520096144957834	6237	60	60	8.655	0.740800397459084	0.740800397459084	-0.136	0.101	0.101	3.845	0.0125299640861417	0.0125299640861417	0.02677373070805484	0.002290261739836203	0.002228730805093815	3.7057627	MS	F		serenelli17	4.81209369112562	2.31094064833289	0.962000962000962	8.55921891922686	A
395	KIC10972873	1.177	0.0487647413609464	0.0550363516232681	1.861	0.0340587727318528	0.0374833296279826	5928	64	64	3.488	0.305307643040754	0.305307643040754	-0.057	0.101	0.101	3.968	0.0078102496759066	0.0086023252670426	0.043596209825946794	0.002998648422537064	0.003330934185082933	3.9083122	MS	G		serenelli17	4.40956214886213	1.92214138527231	1.07962213225371	8.75308609635188	A
396	KIC10976896	1.102	0.0596154342431555	0.0577754273026172	2.167	0.0570087712549569	0.0560802995712398	5628	58	58				-0.313	0.102	0.102	3.807	0.0117046999107196	0.0117046999107196	0.02585331580588248	0.0024737436854812946	0.002421986048596148	4.1049622	PMS	G		serenelli17	5.32626413547063	2.60934635039679	1.03056147832267	100.0	A
397	KIC10990438	1.63	0.22	0.28	4.13	0.23	0.31	5226	75	75	11.46	1.11774022590193	1.11774022590193	0.0	0.1	0.2	3.415	0.014	0.015	0.005523938568124066	0.0011864151688399049	0.0015645021397559067	4.3684732	PMS	G		C14sdss	15.3374233128834	6.53753026634383	1.43513203214696	9.7534051125823	A
398	KIC11021413	1.116	0.0657875368135941	0.0610982814815605	2.085	0.0597745765355138	0.0569209978830308	5452	72	72	3.452	0.319786061614578	0.319786061614578	-0.078	0.1	0.1	3.846	0.0101980390271856	0.0101980390271856	0.029393913199742817	0.003064893771650191	0.002895714190356397	4.2203302	PMS	G		serenelli17	5.68484848992628	2.79845502202745	1.32061628760088	9.2637908926587	A
399	KIC11026764	1.196	0.0432666153055679	0.054561891462815	2.058	0.0333016516106934	0.0388329756778952	5722	57	57	3.431	0.329481915294296	0.329481915294296	-0.108	0.101	0.101	3.888	0.0067082039324993	0.0067082039324993	0.03275717637313115	0.0019831748393522876	0.0023815300477214086	4.0433452	PMS	G		serenelli17	4.08982051707286	1.75254196522324	0.996155190492835	9.60308700945193	A
400	KIC11027406	1.066	0.064621977685614	0.0609261848469113	1.357	0.0299666481275434	0.0290688837074973	6250	94	94	2.054	0.177470421702783	0.177470421702783	-0.279	0.099	0.099	4.2	0.0120830459735946	0.0111803398874989	0.10184250016371084	0.009145342941111499	0.008758740304138351	3.6972412	MS	F		serenelli17	5.88875058782952	2.17522224889612	1.504	8.64023474697095	A
401	KIC11074380	1.381	0.136191042289866	0.152052622469986	2.778	0.12747548783982	0.141852035586381	5154	87	87	5.285	0.458168209862901	0.458168209862901	0.082	0.1	0.1	3.689	0.0133416640641263	0.0143178210632764	0.015378300573662037	0.0026041787950840715	0.00290113493291564	4.4156692	PMS	K		serenelli17	10.4360486879019	4.84750762106193	1.68800931315483	8.66921872966699	A
402	KIC11075448	1.326	0.0594138031100518	0.0572800139664787	1.564	0.0474341649025257	0.0455411901469428	6470	68	68	4.039	0.310442640064444	0.310442640064444	0.029	0.1	0.1	4.171	0.0196468827043885	0.0206155281280883	0.08274555411238328	0.008392106989178758	0.008063751697707506	3.5530312	MS	F		serenelli17	4.40021934677717	2.97235789800091	1.05100463678516	7.68612627047399	A
403	KIC11075456	1.29	0.11	0.17	1.48	0.05	0.07	6513	58	58	3.247	0.263707259100837	0.263707259100837	-0.2	0.3	0.2	4.207	0.018	0.02	0.09499832650670292	0.012582632906338043	0.018396360013251647	3.5248447	MS	F		C14sdss	10.8527131782946	4.05405405405405	0.890526639029633	8.12156634126384	A
404	KIC11081729	1.298	0.0587281874401041	0.0536003731330296	1.411	0.0264007575648882	0.0241867732448957	6605	51	51	2.588	0.13797264550973	0.13797264550973	-0.139	0.099	0.099	4.251	0.0072111025509279	0.0064031242374328	0.11030750000325278	0.007952800091403344	0.0072750682205932225	3.4645387	MS	F		serenelli17	4.32698615458912	1.79261271473366	0.772142316426949	5.3312459625089	A
405	KIC11082784	1.151	0.0577754273026172	0.0577754273026172	2.042	0.0569209978830308	0.0559732078766261	5923	62	62	4.841	0.419267125038331	0.419267125038331	-0.259	0.101	0.101	3.877	0.0133416640641263	0.0143178210632764	0.03227152592720261	0.0031475617584631136	0.003109119420850312	3.9115897	PMS	G		serenelli17	5.01958534340722	2.76430474435987	1.04676684112781	8.66075449366517	A
406	KIC11083308	1.305	0.0824621125123532	0.0765506368360186	2.084	0.0827345151674922	0.0765375724726098	6234	65	65	6.828	0.577672495564469	0.577672495564469	-0.042	0.1	0.1	3.915	0.022561028345357	0.022561028345357	0.03442141809875261	0.004640845573272653	0.004296520281484755	3.7077292	MS	F		serenelli17	6.09244250376903	3.82130728503124	1.04266923323709	8.46034703521484	A
407	KIC11098033	1.38	0.21	0.14	2.26	0.12	0.09	6358	66	66	6.502	0.578005386824734	0.578005386824734	-0.14	0.2	0.15	3.877	0.024	0.027	0.028540735426733802	0.006287443842921911	0.004473235978782315	3.6264472	MS	F		C14sdss	12.6811594202899	4.64601769911504	1.03806228373702	8.88965528798423	A
408	KIC11127479	1.162	0.0572450871254468	0.0608358446970205	1.372	0.0237065391822594	0.0245967477524977	5998	57	57	2.257	0.193984783998536	0.193984783998536	0.2	0.0721110255092798	0.0721110255092798	4.228	0.01	0.010816653826392	0.10741258899776508	0.00768130466700297	0.008062096277493037	3.8624272	MS	G	p	serenelli17	5.08093510423698	1.76032386788473	0.950316772257419	8.59480655731216	A
409	KIC11133100	1.4	0.25	0.17	2.37	0.14	0.13	6222	51	51	15.06	1.3237011601931	1.3237011601931	0.0	0.15	0.15	3.849	0.025	0.027	0.025106974896582826	0.006316436806730101	0.005134599912404492	3.7155952	MS	F		C14sdss	15.0	5.69620253164557	0.819672131147541	8.78951633594357	A
410	KIC11133306	1.059	0.04	0.03	1.189	0.012	0.012	5982	82	82	1.628	0.092	0.079	-0.025	0.0721110255092798	0.0721110255092798	4.314	0.004	0.007	0.15040483132544322	0.007280921523435241	0.0062363435513234575	3.8729152	MS	G	p	silva15	3.30500472143532	1.00925147182506	1.3707790036777	5.25184275184275	A
411	KIC11137075	0.989	0.0520096144957834	0.0512249938994628	1.633	0.0367695526217005	0.0367695526217005	5604	73	73	2.577	0.227394417033251	0.227394417033251	-0.18	0.1	0.1	4.007	0.0067082039324993	0.0067082039324993	0.05421870346815026	0.004641472000756343	0.004615173131430426	4.1206942	PMS	G		serenelli17	5.21914097043712	2.25165662104718	1.30264097073519	8.82399755658716	A
412	KIC11138101	1.305	0.0629364759102383	0.0622253967444162	2.332	0.081344944526381	0.076694197955256	6218	58	58	8.626	0.715976270095397	0.715976270095397	-0.219	0.101	0.101	3.817	0.0203960780543711	0.021377558326432	0.02456610275669692	0.0028306162356840853	0.002691981898130801	3.7182172	MS	F		serenelli17	4.79547404807105	3.38848933279668	0.93277581215825	8.30021180263618	A
413	KIC11188219	1.153	0.0621288982680363	0.0629682459657247	1.344	0.0354682957019364	0.0345398320783411	6024	62	62	2.057	0.173338140097381	0.173338140097381	0.089	0.1	0.1	4.242	0.017464249196573	0.017464249196573	0.11338168107151425	0.010858320790488617	0.010712382096975509	3.8453842	MS	F		serenelli17	5.42485447674592	2.60446903944485	1.02921646746348	8.42674477867675	A
414	KIC11189107	1.52	0.18	0.15	2.26	0.13	0.1	6795	94	94	10.05	0.864098657474267	0.864098657474267	-0.1	0.15	0.1	3.909	0.027	0.026	0.031436172354083615	0.006579306120235192	0.005199753280580816	3.3399937	MS	F		C14sdss	10.8552631578947	5.08849557522124	1.38337012509198	8.59799659178375	A
415	KIC11193681	1.364	0.0480208288141719	0.05060632371552	2.4	0.0403608721412211	0.0418688428309166	5697	77	77	5.823	0.507869161998842	0.507869161998842	0.137	0.102	0.102	3.812	0.0067082039324993	0.0067082039324993	0.0235554841989307	0.0014491442093592505	0.0015111494225782409	4.0597327	PMS	G		serenelli17	3.61536482880102	1.71311906191954	1.35158855538002	8.72177849903558	A
416	KIC11229052	1.27	0.12	0.15	1.48	0.05	0.07	6495	51	51	3.473	0.296828763696417	0.296828763696417	-0.02	0.15	0.15	4.198	0.015	0.017	0.09352548423528118	0.012959309806026496	0.01726636904302349	3.5366437	MS	F		C14sdss	10.6299212598425	4.05405405405405	0.785219399538106	8.54675392157839	A
417	KIC11244118	1.127	0.043139309220246	0.0445982062419555	1.605	0.0226715680975093	0.0233452350598575	5618	64	64	2.497	0.216228303190798	0.216228303190798	0.224	0.1	0.1	4.079	0.0078102496759066	0.0078102496759066	0.06507440359764825	0.003716082080976614	0.003833362442633128	4.1115172	PMS	G		serenelli17	3.89252508705419	1.4335452696999	1.13919544321823	8.659523555899	A
418	KIC11250587	1.2	0.09	0.09	1.59	0.06	0.06	5862	97	97	2.921	0.270923700814924	0.270923700814924	0.262	0.0721110255092798	0.0721110255092798				0.07126909824526076	0.009678162149184351	0.009678162149184351	3.9515752	MS	G	p	huber13	7.5	3.77358490566038	1.65472534971	9.27503255100732	A
419	KIC11253226	1.4082	0.0209	0.0095	1.6145	0.012	0.015	6642	77	77	4.834	0.124	0.184	-0.08	0.1	0.1	4.1734	0.0044	0.0055	0.07988432734363066	0.0021397547473415495	0.0022908594723162635	3.4402852	MS	F		silva17	1.07939213179946	0.836172189532363	1.15928937067148	3.18576748034754	A
420	KIC11294717	1.139	0.058309518948453	0.0564623768539724	1.897	0.085146931829632	0.0793095202355934	5640	56	56	4.259	0.376155693776775	0.376155693776775	0.061	0.1	0.1	3.938	0.0241867732448957	0.0251793566240283	0.03983209252775181	0.005738143210955382	0.0053719377121297105	4.0970962	PMS	G		serenelli17	5.03827461819251	4.33464554731749	0.99290780141844	8.83201910722645	A
421	KIC11295426	1.068	0.011	0.019	1.237	0.006	0.006	5793	74	74	1.581	0.043	0.04	0.136	0.0721110255092798	0.0721110255092798	4.28	0.003	0.003	0.1347018450755294	0.0024014116729198227	0.003095900730579507	3.9968047	MS	G	p	silva15	1.40449438202247	0.485044462409054	1.27740376316244	2.62492093611638	A
422	KIC11307875	1.583	0.188806779539295	0.19366982212002	4.144	0.186102122502673	0.191971352029411	5136	87	87	10.77	1.06910966994933	1.06910966994933	0.038	0.102	0.102	3.401	0.0161245154965971	0.017	0.0053104712911366415	0.000955544069667905	0.0009832564284042238	4.4274682	PMS	K		serenelli17	12.0807517896183	4.56169732784851	1.69392523364486	9.92673788253785	A
423	KIC11389393	1.403	0.0827586853448023	0.142270868416553	1.905	0.0721110255092798	0.0754718490564528	6174	66	66	4.74	0.376421965088296	0.376421965088296	0.14	0.1	0.1	4.019	0.0152970585407784	0.0162788205960997	0.048448922373930864	0.006199850473475298	0.007569364196830107	3.7470592	MS	F		serenelli17	8.01958495229347	3.87356626156778	1.0689990281827	7.94139166852946	A
424	KIC11389437	1.192	0.101921538449927	0.0488262224629348	1.69	0.0470106370941726	0.0355105618091294	6158	53	53	3.883	0.31150081620951	0.31150081620951	-0.023	0.099	0.099	4.059	0.0117046999107196	0.010770329614269	0.05895593512159045	0.007043960393286166	0.004432079902241238	3.7575472	MS	F		serenelli17	6.32331211882811	2.44145558885509	0.860669048392335	8.02216884392247	A
425	KIC11395018	1.276	0.0425440947723653	0.0469574275274956	2.18	0.0353411940941446	0.0371618083521241	5650	59	59	5.253	0.468868246552419	0.468868246552419	0.151	0.099	0.099	3.866	0.0080622577482985	0.0080622577482985	0.029403063664779676	0.001733784910553113	0.0018525298363129465	4.0905412	PMS	G		serenelli17	3.50711294278452	1.66291290014378	1.04424778761062	8.92572333052387	A
426	KIC11401156	1.176	0.12149485585818	0.112614386292338	2.564	0.106920531236989	0.103947101931704	5115	86	86	4.412	0.432405384972522	0.432405384972522	0.016	0.1	0.1	3.69	0.0121655250605964	0.0121655250605964	0.01665576750234266	0.002702337391713979	0.002578269095382862	4.4412337	PMS	K		serenelli17	9.95362424109348	4.11208333012272	1.68132942326491	9.80066602385589	A
427	KIC11401708	1.447	0.0427200187265877	0.0496487663492256	2.563	0.0353836120259083	0.0384187454245971	5859	63	63	8.962	0.793015564335124	0.793015564335124	0.206	0.1	0.1	3.78	0.0072111025509279	0.0072111025509279	0.020517956430462683	0.001043586691926829	0.0011605830035387376	3.9535417	PMS	G		serenelli17	3.19173410766459	1.43976506926464	1.0752688172043	8.84864499369699	A
428	KIC11401755	1.059	0.03	0.021	1.632	0.015	0.021	5911	66	66	2.982	0.144	0.148	-0.179	0.0721110255092798	0.0721110255092798	4.039	0.004	0.004	0.058163011861549506	0.002299322807558307	0.0025241789523920404	3.9194557	MS	G	p	silva15	2.40793201133144	1.10294117647059	1.11656234139739	4.89604292421194	A
429	KIC11414712	1.228	0.046690470119715	0.0585234995535981	2.288	0.0376430604494374	0.0431856457633784	5673	61	61	5.326	0.450866118759589	0.450866118759589	-0.174	0.1	0.1	3.807	0.0078102496759066	0.0078102496759066	0.02447607059507722	0.001524953070974868	0.001811490880972568	4.0754647	PMS	G		serenelli17	4.28395641992317	1.76636158681853	1.0752688172043	8.46537962372492	A
430	KIC11446443	0.94	0.05	0.05	0.95	0.02	0.02	5850	50	50	1.141	0.103045827486591	0.103045827486591	0.012	0.0721110255092798	0.0721110255092798				0.2617389937420294	0.02161250083338405	0.02161250083338405	3.9594412	MS	G	p	huber13	5.31914893617021	2.10526315789474	0.854700854700855	9.0311855816469	A
431	KIC11453915	1.25	0.06	0.09	1.22	0.03	0.03	6608	58	58	2.146	0.178748413158158	0.178748413158158	-0.12	0.15	0.15	4.359	0.011	0.013	0.16433948122161315	0.01446382150938403	0.01694059125619009	3.4625722	MS	F		C14sdss	6.0	2.45901639344262	0.87772397094431	8.32937619562713	A
432	KIC11454149	1.141	0.0558032257132148	0.0566127194188726	1.153	0.0300832179129827	0.0291547594742265	6435	52	52	1.866	0.155988512475549	0.155988512475549	-0.233	0.1	0.1	4.37	0.0167630546142402	0.0177200451466694	0.1777088732338029	0.01640196711680358	0.016108169152160963	3.5759737	MS	F		serenelli17	4.92620267888201	2.56886285287117	0.808080808080808	8.35951299440241	A
433	KIC11456910	1.3	0.11	0.17	1.71	0.07	0.08	6386	61	61	3.678	0.320896124935965	0.320896124935965	-0.26	0.15	0.15	4.082	0.019	0.02	0.06206780854431863	0.00925649899303123	0.011906501936338368	3.6080932	MS	F		C14sdss	10.7692307692308	4.3859649122807	0.955214531788287	8.72474510429487	A
434	KIC11460626	1.286	0.0558659108938537	0.0587962583843564	2.172	0.0696419413859206	0.0668505796534331	6176	62	62	6.979	0.623290104534071	0.623290104534071	-0.144	0.099	0.099	3.872	0.0194164878389476	0.0194164878389476	0.02996214466246194	0.0031623607931388032	0.0030871341012845745	3.7457482	MS	F		serenelli17	4.45809367333632	3.14209302576781	1.00388601036269	8.93093716197264	A
435	KIC11467550	1.247	0.0702922470831599	0.0715891053163818	1.968	0.0696419413859206	0.067955868032128	6146	58	58	5.592	0.484249154875977	0.484249154875977	-0.08	0.1	0.1	3.945	0.0182482875908947	0.0182482875908947	0.03905733096672162	0.004694641922761197	0.004625771687832305	3.7654132	MS	F		serenelli17	5.68890747391907	3.49587930432034	0.94370322160755	8.65967730464909	A
436	KIC11496573	1.47	0.16502424064361	0.159665274872152	3.682	0.177792013318934	0.177792013318934	5218	90	90	8.595	0.858727808715999	0.858727808715999	-0.046	0.1	0.1	3.472	0.0104403065089106	0.0104403065089106	0.007030356902590474	0.0012884394230017896	0.0012729011770663972	4.3737172	PMS	G		serenelli17	11.0438610719647	4.82868042691293	1.72479877347643	9.99101580821407	A
437	KIC11502597	1.08	0.19	0.11	1.61	0.11	0.07	5798	59	59	2.332	0.208250395098622	0.208250395098622	-0.1	0.15	0.1	4.061	0.012	0.012	0.06178136765985094	0.016688083987162157	0.010224215733013202	3.9935272	MS	G		C14sdss	13.8888888888889	5.59006211180124	1.01759227319765	8.9301198584315	A
438	KIC11506988	1.251	0.168077363139716	0.114284732138637	1.872	0.0677421582177598	0.0643506021727847	6438	289	289	6.784	0.616199472594074	0.616199472594074	-0.23	0.1	0.1	3.994	0.0278926513619627	0.0230867927612304	0.04552512712354364	0.00786368399422492	0.006272008879434258	3.5740072	MS	F		serenelli17	11.2854554467767	3.5281186001748	4.48897173035104	9.08312901819094	A
439	KIC11507653	1.17	0.108503456166152	0.0630079360080935	1.641	0.0493963561409139	0.0493963561409139	5916	74	74	3.45	0.320121101695063	0.320121101695063	0.112	0.1	0.1	4.078	0.0240416305603426	0.0221359436211787	0.0632079214796786	0.008181745021990185	0.006645847422523713	3.9161782	MS	G		serenelli17	7.32954667411304	3.01013748573515	1.25084516565247	9.27887251290036	A
440	KIC11512246	1.08	0.08	0.08	1.55	0.05	0.05	5828	100	100	2.361	0.219502803634368	0.219502803634368	-0.09	0.0721110255092798	0.0721110255092798				0.06923728852576158	0.008437924516064227	0.008437924516064227	3.9738622	MS	G	p	huber13	7.40740740740741	3.2258064516129	1.71585449553878	9.29702683754207	A
441	KIC11554100	1.21	0.14	0.16	3.65	0.18	0.21	4913	78	78	7.554	0.784743118434125	0.784743118434125	0.1	0.15	0.1	3.395	0.01	0.011	0.005940433897989857	0.0011157084965089086	0.0012916428220007112	4.5736447	PMS	K		C14sdss	12.396694214876	5.34246575342466	1.58762466924486	10.3884447767292	A
442	KIC11558593	1.399	0.124326183887386	0.134238593556399	3.155	0.109772492000501	0.121840059093879	5309	60	60				-0.263	0.101	0.101	3.584	0.0139283882771841	0.0148660687473185	0.01063484132413963	0.0014578886873836123	0.0015998009284093305	4.3140667	PMS	G		serenelli17	9.24105709234397	3.67056340878574	1.13015633829346	100.0	A
443	KIC11611414	1.272	0.0785175139698144	0.107377837564369	1.706	0.0594810894318522	0.058591808301161	6279	55	55	4.404	0.399251916089505	0.399251916089505	-0.074	0.1	0.1	4.074	0.0218403296678416	0.0218403296678416	0.061159147272220715	0.007427985801741434	0.008146363350607531	3.6782317	MS	F		serenelli17	7.307207214394	3.4605186908855	0.875935658544354	9.06566566960729	A
444	KIC11620833	1.609	0.188042548376691	0.18883061192508	3.865	0.158644256120416	0.161987653850533	5026	75	75	5.256	0.544857762247526	0.544857762247526	0.269	0.099	0.099	3.469	0.0158113883008419	0.0166433169770932	0.006653021700879248	0.0011294796757395698	0.0011442856792381198	4.4995732	PMS	K		serenelli17	11.7114095805398	4.14789016780011	1.49224035017907	10.3663957809651	A
445	KIC11673802	1.41	0.21	0.21	3.79	0.19	0.19	4992	75	75	5.899	0.72557936054804	0.72557936054804	0.186	0.0721110255092798	0.0721110255092798				0.006183194008343003	0.001308748242907921	0.001308748242907921	4.5218602	PMS	K	p	huber13	14.8936170212766	5.0131926121372	1.50240384615385	12.3000400160712	A
446	KIC11674236	1.159	0.0550726792520575	0.0550726792520575	2.028	0.0466154480832267	0.0466154480832267	5413	65	65	3.955	0.368525104892824	0.368525104892824	0.121	0.1	0.1	3.887	0.0125299640861417	0.0125299640861417	0.03317347556526697	0.0027780834876200704	0.0027780834876200704	4.2458947	PMS	G		serenelli17	4.75174109163567	2.29859211455753	1.2008128579346	9.31795461170226	A
447	KIC11708273	1.07	0.18	0.12	1.56	0.09	0.07	5959	96	96	3.277	0.28619581981843	0.28619581981843	0.24	0.15	0.1	4.081	0.023	0.022	0.06728548285079718	0.016240078014024252	0.011789142323533328	3.8879917	MS	G		C14sdss	14.018691588785	5.12820512820513	1.61100855848297	8.73347024163655	A
448	KIC11709205	1.33	0.07	0.14	4.07	0.11	0.18	4882	71	71	8.298	0.848401657466643	0.848401657466643	0.26	0.15	0.1	3.34	0.011	0.011	0.00470955425031628	0.00045525156063249046	0.0007976241465660024	4.5939652	PMS	K		C14sdss	7.89473684210526	3.56265356265356	1.45432199918066	10.2241703719769	A
449	KIC11713510	1.08	0.0447213595499958	0.0420594816896262	1.62	0.0282842712474619	0.0275862284482674	5941	58	58	2.86	0.258193921285705	0.258193921285705	-0.143	0.1	0.1	4.052	0.0067082039324993	0.0067082039324993	0.06064431606915689	0.004049188725051666	0.003895599289102101	3.8997907	MS	G		serenelli17	4.01763153887139	1.72439813875708	0.976266621780845	9.02775948551415	A
450	KIC11717120	0.999	0.0939201788754685	0.089196412483911	2.344	0.104995237987254	0.102142057938931	5209	59	59	3.506	0.342056545041439	0.342056545041439	-0.365	0.101	0.101	3.697	0.0092195444572928	0.0092195444572928	0.018518425422182367	0.0030370521182715897	0.002931632100283014	4.3796167	PMS	G		serenelli17	9.16499456253151	4.41845767760633	1.13265502015742	9.75631902571132	A
451	KIC11722551	1.09	0.07	0.07	2.2	0.06	0.06	4997	78	78	3.083	0.298607124602014	0.298607124602014	0.41	0.1	0.1	3.791	0.008	0.008	0.02443823553298731	0.002541863962474086	0.002541863962474086	4.5185827	PMS	K		C14sdss	6.42201834862385	2.72727272727273	1.56093656193716	9.68560248465825	A
452	KIC11723674	1.4	0.061400325732035	0.061400325732035	2.466	0.0653069674690228	0.0626099033699941	6246	63	63	10.05	0.93095053632956	0.93095053632956	-0.062	0.1	0.1	3.799	0.014560219778561	0.01552417469626	0.022287441158546976	0.0020225888612450636	0.0019588870491348497	3.6998632	MS	F		serenelli17	4.38573755228821	2.5936105198503	1.00864553314121	9.26318941621453	A
453	KIC11757831	1.42	0.14	0.1	1.82	0.07	0.06	6754	70	70	7.031	0.617434133830106	0.617434133830106	-0.02	0.15	0.2	4.07	0.014	0.014	0.05623226424347159	0.00853432816514479	0.006827245517948248	3.3668692	MS	F		C14sdss	8.45070422535211	3.57142857142857	1.0364228605271	8.78159769350173	A
454	KIC11771760	1.529	0.0580086200490927	0.0572013985843004	2.983	0.0496789693934969	0.0484148737476408	6075	70	70	12.46	1.13342387439043	1.13342387439043	-0.101	0.1	0.1	3.671	0.0063245553203367	0.0063245553203367	0.013751786336141361	0.0008627065024041555	0.0008444061288691977	3.8119537	PMS	F		serenelli17	3.7674957041659	1.64421460176228	1.1522633744856	9.09649979446573	A
455	KIC11772920	0.835	0.0498196748283246	0.0498196748283246	0.849	0.0184390889145858	0.0184390889145858	5412	57	57	0.553	0.050619341144658	0.050619341144658	-0.092	0.1	0.1	4.501	0.01	0.01	0.3257427777325362	0.028778233431394847	0.028778233431394847	4.2465502	MS	G		serenelli17	5.96642812315265	2.17185970725392	1.05321507760532	9.1535879104264	A
456	KIC11802939	1.37	0.16	0.19	2.68	0.15	0.15	6045	82	82	10.02	0.888111407570189	0.888111407570189	0.06	0.15	0.15	3.718	0.03	0.03	0.016991337866829784	0.003475276113258673	0.003700359247972054	3.8316187	PMS	F		C14sdss	12.7737226277372	5.59701492537313	1.3564929693962	8.86338730109969	A
457	KIC11802968	0.966	0.0930483745156249	0.0810246875958186	2.467	0.0822800097228969	0.0739256383131049	5083	74	74	3.9	0.372827117031946	0.372827117031946	-0.133	0.101	0.101	3.638	0.013	0.013	0.015359641126242787	0.002133251605212851	0.0018884745863717452	4.4622097	PMS	K		serenelli17	9.00999286291115	3.16590287871913	1.45583316938816	9.55966966748579	A
458	KIC11807274	1.239	0.04	0.04	1.582	0.015	0.021	6225	75	75	3.466	0.167	0.157	-0.089	0.0721110255092798	0.0721110255092798	4.135	0.007	0.009	0.07470733762987108	0.00321448363981971	0.0038298971125717294	3.7136287	MS	F	p	silva15	3.22841000807102	1.1378002528445	1.20481927710843	4.67397576457011	A
459	KIC11809558	1.37	0.17	0.14	3.0	0.14	0.12	5089	105	105	5.24	0.506955178211003	0.506955178211003	0.24	0.15	0.2	3.618	0.014	0.014	0.012113459557549814	0.0022661472898623677	0.0019092730391574554	4.4582767	PMS	K		C14sdss	11.3138686131387	4.33333333333333	2.06327372764787	9.67471714143136	A
460	KIC11817562	1.448	0.0815414005275848	0.0734098086089318	2.477	0.103740059764779	0.0933005894943864	6247	58	58	9.93	0.875129543737153	0.875129543737153	0.059	0.1	0.1	3.809	0.0243310501211929	0.0243310501211929	0.022745837534103523	0.0031317955253398724	0.0028171153322526818	3.6992077	MS	F		serenelli17	5.3505251773659	3.9774051122157	0.928445653913879	8.81298634176388	A
461	KIC11853905	1.117	0.021	0.029	1.555	0.012	0.012	5781	76	76	2.505	0.142	0.124	0.177	0.0721110255092798	0.0721110255092798	4.102	0.005	0.004	0.0709207604557214	0.0021150897470403355	0.0024670036881050857	4.0046707	MS	G	p	silva15	2.23813786929275	0.771704180064309	1.31465144438678	5.30938123752495	A
462	KIC11862119	1.17	0.15	0.13	1.52	0.09	0.08	6271	56	56	2.733	0.242536025024653	0.242536025024653	-0.38	0.15	0.15	4.141	0.018	0.018	0.07953650231626452	0.01742367450203946	0.015356195312462387	3.6834757	MS	F		C14sdss	11.965811965812	5.59210526315789	0.892999521607399	8.87435144620026	A
463	KIC11873252	1.284	0.234610315203744	0.221056553849914	3.938	0.330727984906025	0.326352570083338	5199	68	68	7.978	0.784680701770234	0.784680701770234	-0.355	0.102	0.102	3.355	0.0152970585407784	0.0152970585407784	0.005019370790439348	0.001562189198183491	0.001517899669571264	4.3861717	PMS	K		serenelli17	17.7440369569181	8.3428206575592	1.30794383535295	9.8355565526477	A
464	KIC11904151	0.918	0.011	0.019	1.066	0.006	0.009	5647	74	74	1.063	0.032	0.034	-0.114	0.0721110255092798	0.0721110255092798	4.344	0.003	0.003	0.18091828316395392	0.0037459431729629624	0.005917706963778722	4.0925077	MS	G	p	silva15	1.63398692810457	0.703564727954972	1.31043031698247	3.10442144873001	A
465	KIC11911418	1.32	0.11	0.12	2.66	0.09	0.1	5629	72	72	6.034	0.556599212760809	0.556599212760809	-0.46	0.15	0.15	3.706	0.01	0.011	0.016743275063362553	0.0021988872202858235	0.002425419993156605	4.1043067	PMS	G		C14sdss	8.71212121212121	3.57142857142857	1.27909042458696	9.22438204774295	A
466	KIC11919192	1.6	0.15	0.19	2.29	0.1	0.11	6788	81	81	9.2	0.763354240531006	0.763354240531006	-0.28	0.2	0.15	3.919	0.019	0.02	0.031807162403142256	0.005123936088659603	0.005939322817871479	3.3445822	MS	F		C14sdss	10.625	4.58515283842795	1.19328226281674	8.29732870142398	A
467	KIC11962180	1.35	0.14	0.15	1.97	0.1	0.1	6329	80	80	6.241	0.54760477266195	0.54760477266195	0.06	0.15	0.1	3.979	0.016	0.018	0.04215474637549903	0.007766656551693024	0.007946608677395297	3.6454567	MS	F		C14sdss	10.7407407407407	5.0761421319797	1.26402275240954	8.77431137096539	A
468	KIC11968749	1.43	0.48	0.43	4.25	0.45	0.48	5136	70	70	10.26	1.00343540915718	1.00343540915718	-0.12	0.1	0.15	3.342	0.033	0.051	0.004447138324375207	0.002055185207684797	0.002014614788650627	4.4274682	PMS	K		C14sdss	31.8181818181818	10.9411764705882	1.36292834890966	9.78007221400761	A
469	KIC11971746	1.11	0.1	0.17	1.35	0.05	0.08	5952	75	75	2.284	0.187851531564525	0.187851531564525	0.18	0.15	0.15	4.215	0.018	0.021	0.10770430533882262	0.015406574148147622	0.025272862086888087	3.8925802	MS	G		C14sdss	12.1621621621622	4.81481481481481	1.26008064516129	8.22467301070598	A
470	KIC12009504	1.1688	0.019	0.0399	1.4016	0.012	0.015	6179	77	77	2.544	0.106	0.113	-0.08	0.1	0.1	4.2108	0.0055	0.0066	0.10133963299659542	0.00308041295202068	0.0047491215901171585	3.7437817	MS	F		silva17	2.51967830253251	0.963184931506849	1.2461563359767	4.30424528301887	A
471	KIC12011630	0.85	0.12	0.08	0.99	0.05	0.03	5817	85	85	1.085	0.0967060568359897	0.0967060568359897	-0.08	0.15	0.15	4.383	0.018	0.015	0.2091340426426973	0.04331026008423287	0.02736588615644527	3.9810727	MS	G		C14sdss	11.7647058823529	4.04040404040404	1.46123431321987	8.91300063004514	A
472	KIC12020532	1.855	0.0918313671900838	0.11216059914248	3.983	0.104995237987254	0.113600176056202	5392	81	81	14.32	1.30003420769516	1.30003420769516	0.021	0.1	0.1	3.5	0.0098488578017961	0.0098488578017961	0.007008488828606082	0.0006538874889562997	0.0007342892293323813	4.2596602	PMS	G		serenelli17	5.49843575020387	2.74410512231302	1.50222551928783	9.07845117105556	A
473	KIC12055375	1.04	0.16	0.12	1.54	0.1	0.08	5991	75	75	2.481	0.210149961264132	0.210149961264132	-0.34	0.2	0.1	4.081	0.025	0.026	0.06798022027524755	0.016874671209417002	0.013182030889867512	3.8670157	MS	G		C14sdss	13.4615384615385	5.84415584415584	1.25187781672509	8.47037328755068	A
474	KIC12058443	1.12	0.12	0.11	3.24	0.14	0.13	4986	81	81	6.645	0.643725343742905	0.643725343742905	0.16	0.1	0.15	3.464	0.01	0.011	0.007861300231187005	0.0013220882385734582	0.001221289664998923	4.5257932	PMS	K		C14sdss	10.2678571428571	4.16666666666667	1.62454873646209	9.68736408943424	A
475	KIC12068975	0.92	0.06	0.06	1.12	0.03	0.03	6004	102	102	1.667	0.14812128720472	0.14812128720472	-0.401	0.0721110255092798	0.0721110255092798				0.15633101587185647	0.016178997767142052	0.016178997767142052	3.8584942	MS	F	p	huber13	6.52173913043478	2.67857142857143	1.69886742171885	8.88550013225674	A
476	KIC12069127	1.59	0.0629682459657247	0.0629682459657247	2.295	0.031890437438204	0.0312409987036266	6476	66	66	9.191	0.784090215884662	0.784090215884662	0.076	0.1	0.1	3.916	0.0067082039324993	0.0067082039324993	0.03140222676163956	0.001805604735671287	0.001786371675012723	3.5490982	MS	F		serenelli17	3.96026704186947	1.3754125521096	1.01914762198888	8.53106534527975	A
477	KIC12069424	1.0491	0.019	0.0209	1.2156	0.012	0.012	5825	50	50	1.531	0.072	0.07	0.1	0.03	0.03	4.2867	0.0066	0.0066	0.13942999233801862	0.0048401454561064925	0.004976553399488594	3.9758287	MS	G		silva17	1.90162996854447	0.987166831194472	0.858369098712446	4.6374918354017	A
478	KIC12069449	0.9883	0.0209	0.019	1.0957	0.009	0.009	5750	50	50	1.173	0.058	0.049	0.05	0.02	0.02	4.3527	0.0055	0.0066	0.17935983722539908	0.005824173160879721	0.005605720613232097	4.0249912	MS	G		silva17	2.01861782859456	0.821392716984576	0.869565217391304	4.56095481670929	A
479	KIC12069569	1.363	0.0763806258157132	0.0704343666117613	2.314	0.094847245611035	0.0885494212290515	6357	59	59	9.057	0.82883283083401	0.82883283083401	-0.109	0.1	0.1	3.843	0.0245153013442625	0.0254950975679639	0.026261358155216418	0.0035487631517829407	0.003306173880063479	3.6271027	MS	F		serenelli17	5.38572972954786	3.96276289628536	0.928110744061664	9.15129547128199	A
480	KIC12117868	1.11	0.068264192663504	0.0632455532033676	1.326	0.0474341649025257	0.0445982062419555	6160	51	51	2.205	0.193501337269489	0.193501337269489	-0.108	0.099	0.099	4.239	0.021377558326432	0.0223606797749979	0.11365899125438306	0.01405843819607891	0.013170465910948365	3.7562362	MS	F		serenelli17	5.92386242643566	3.47030057105887	0.827922077922078	8.77557085122398	A
481	KIC12156916	1.28	0.14	0.16	1.58	0.06	0.07	6546	56	56	3.54	0.309113868215457	0.309113868215457	-0.42	0.2	0.15	4.146	0.015	0.018	0.0774729511094556	0.01223522836846134	0.014135457057409805	3.5032132	MS	F		C14sdss	11.71875	4.11392405063291	0.855484265200122	8.73203017557787	A
482	KIC12253255	1.48	0.16	0.14	2.27	0.11	0.09	6457	64	64	9.183	0.787558936040192	0.787558936040192	0.1	0.2	0.1	3.89	0.018	0.018	0.03020616111418612	0.0054723272171796	0.00459049288992985	3.5615527	MS	F		C14sdss	10.1351351351351	4.40528634361234	0.991172371070156	8.57627067450933	A
483	KIC12258514	1.2581	0.0095	0.0095	1.6055	0.012	0.009	5964	77	77	3.162	0.104	0.09	0.0	0.1	0.1	4.1261	0.0033	0.0044	0.07257643362463365	0.0017171744311644923	0.0013379216117411403	3.8847142	MS	G		silva17	0.755106907241078	0.654001868576767	1.29107981220657	3.06767868437698	A
484	KIC12265063	1.12	0.0754320886625844	0.0708378429936993	1.641	0.0572712842531054	0.0554616984954482	6189	60	60	3.367	0.302359729694871	0.302359729694871	-0.268	0.101	0.101	4.056	0.0240416305603426	0.0230867927612304	0.06050672825405132	0.007532606578032771	0.007230682710325108	3.7372267	MS	F		serenelli17	6.52990766322695	3.43488673822528	0.969461948618517	8.98009295203062	A
485	KIC12304142	1.36	0.09	0.11	1.83	0.04	0.05	6186	56	56	4.448	0.382339102492622	0.382339102492622	0.06	0.15	0.1	4.045	0.012	0.013	0.05297817942788595	0.004935577715958368	0.006100680403305072	3.7391932	MS	F		C14sdss	7.35294117647059	2.45901639344262	0.905269964435823	8.59575320352117	A
486	KIC12307366	1.39	0.29	0.08	3.81	0.3	0.12	5064	79	79	10.13	1.08257177893044	1.08257177893044	0.02	0.1	0.15	3.429	0.011	0.012	0.006000000187078038	0.0018909796081112902	0.0006638201235271346	4.4746642	PMS	K		C14sdss	13.3093525179856	5.51181102362205	1.56003159557662	10.6867895254732	A
487	KIC12314973	1.35	0.08	0.08	1.57	0.08	0.08	6215	89	89	3.494	0.304589392801797	0.304589392801797	0.17	0.0721110255092798	0.0721110255092798				0.08328105189499764	0.0136539653524392	0.0136539653524392	3.7201837	MS	F	p	huber13	5.92592592592593	5.09554140127389	1.4320193081255	8.71749836295926	A
488	KIC12317678	1.452	0.0742024258363566	0.0730068489937759	1.851	0.0346698716467194	0.034132096331752	6549	48	48	5.484	0.499756557166578	0.499756557166578	-0.3	0.204	0.204	4.066	0.0084852813742385	0.0084852813742385	0.05465863110169193	0.004151541915398508	0.004086016629776713	3.5012467	MS	F		serenelli17	5.06918990461889	1.85850804912133	0.732936326156665	9.1129933837815	A
489	KIC12366681	1.516	0.0965401470891774	0.0802807573457052	2.62	0.0560357029044876	0.0459673797382448	6188	66	66	14.21	1.14715463299792	1.14715463299792	0.15	0.1	0.1	3.781	0.0134164078649987	0.01	0.020123648274856867	0.001819175778827622	0.001502507751937115	3.7378822	MS	F		serenelli17	5.83182402489718	1.94662371455596	1.06658047834518	8.07286863474963	A
490	KIC12507240	1.37	0.11	0.1	1.94	0.06	0.06	6157	97	97	4.666	0.394698516195017	0.394698516195017	0.02	0.2	0.15	4.001	0.015	0.015	0.04479471399584585	0.005496364234168743	0.00528818876726155	3.7582027	MS	F		C14sdss	7.66423357664234	3.09278350515464	1.57544258567484	8.45903378043327	A
491	KIC12508433	1.17	0.09	0.12	2.2	0.07	0.09	5257	74	74	3.943	0.377045108976199	0.377045108976199	0.2	0.15	0.15	3.819	0.011	0.013	0.02623186749871114	0.0032158097767365926	0.004195572041028266	4.3481527	PMS	G		C14sdss	8.97435897435897	3.63636363636364	1.40764694692791	9.5623918076642	A
492	KIC12735580	1.17	0.2	0.12	1.81	0.1	0.08	6170	64	64	4.369	0.387567902099446	0.387567902099446	0.06	0.15	0.15	3.994	0.03	0.029	0.04710440559314079	0.011215620393195002	0.007896316516280925	3.7496812	MS	F		C14sdss	13.6752136752137	4.97237569060773	1.03727714748784	8.87086065688822	A
493	KIC1430163	1.34	0.06	0.06	1.48	0.03	0.03	6520	84	84	3.592	0.288982235214758	0.288982235214758	-0.11	0.09	0.09	4.221	0.013	0.014	0.09868043218525732	0.007452075215486314	0.007452075215486314	3.5202562	MS	F		C14bruntt	4.47761194029851	2.02702702702703	1.28834355828221	8.04516245029951	A
494	KIC1435467	1.344	0.0447772263544762	0.042190046219458	1.693	0.0180277563773199	0.0188679622641132	6433	86	86	4.083	0.335815055345119	0.335815055345119	-0.028	0.099	0.099	4.109	0.0063245553203367	0.0063245553203367	0.0661210566309101	0.003051957221509688	0.0030323966462938836	3.5772847	MS	F		serenelli17	3.23538960468505	1.08965501008367	1.33685683196021	8.22471357690714	A
495	KIC1725815	1.43	0.15	0.11	2.02	0.08	0.08	6550	82	82	6.845	0.587496080720966	0.587496080720966	-0.08	0.15	0.1	3.982	0.014	0.014	0.04141840017287611	0.006564423939404604	0.005862338599933385	3.5005912	MS	F		C14sdss	9.09090909090909	3.96039603960396	1.25190839694656	8.58284997400973	A
496	KIC2010607	1.402	0.0818413098624405	0.0693541635375988	2.41	0.105948100502085	0.0965660395791398	6361	71	71	10.71	0.986519042556871	0.986519042556871	-0.07	0.1	0.1	3.819	0.0271661554144122	0.0271661554144122	0.023911580152103776	0.003448694520127652	0.003108204935348644	3.6244807	MS	F		serenelli17	5.39213528530811	4.20153817595903	1.11617670177645	9.21119554208096	A
497	KIC2306756	1.1	0.1	0.1	1.58	0.06	0.06	5543	79	79				0.401	0.0721110255092798	0.0721110255092798				0.0665783173596884	0.009703810224851379	0.009703810224851379	4.1606797	PMS	G	p	huber13	9.09090909090909	3.79746835443038	1.42522099945878	100.0	A
498	KIC2309595	1.167	0.087091905479212	0.0803616824114578	2.423	0.0791201617794099	0.0762430324685476	5238	65	65	2.475	0.0457604590457449	0.0457604590457449	-0.095	0.101	0.101	3.736	0.0082462112512353	0.0082462112512353	0.01958492912915028	0.0024118827901112487	0.0022884333209237154	4.3606072	PMS	G		serenelli17	7.17453247175106	3.20600896095661	1.24093165330279	1.84890743619171	A
499	KIC2450729	1.112	0.0591692487699481	0.0591692487699481	1.758	0.0633245607959503	0.0605392434706612	6029	59	59	3.406	0.295644468294535	0.295644468294535	-0.212	0.1	0.1	3.994	0.0208806130178211	0.0218403296678416	0.048860686629068874	0.005885382448029039	0.005677958126892153	3.8421067	MS	F		serenelli17	5.32097560880828	3.52286132726426	0.97860341681871	8.68010770095524	A
500	KIC2837475	1.4291	0.019	0.0209	1.6385	0.015	0.018	6614	77	77	4.767	0.218	0.171	0.01	0.1	0.1	4.1635	0.0066	0.0066	0.0775594414414106	0.002366565152197258	0.00279648916124936	3.4586392	MS	F		silva17	1.39598348611014	1.00701861458651	1.1641971575446	4.08013425634571	A
501	KIC2849125	1.534	0.19670536342459	0.080529497701153	2.534	0.118359621493143	0.0933005894943864	6158	56	56	7.412	0.33738489056096	0.33738489056096	0.293	0.101	0.101	3.82	0.0151327459504216	0.0151327459504216	0.02250696412370674	0.0042750361381798255	0.002752570193498648	3.7575472	MS	F		serenelli17	9.03633836785342	4.17640511025117	0.909386164339071	4.55187386077928	A
502	KIC2852862	1.458	0.061057350089895	0.0595399025864168	2.087	0.0322024843762092	0.0334215499341368	6417	58	58	6.696	0.554198346414326	0.554198346414326	-0.155	0.1	0.1	3.962	0.0064031242374328	0.0080622577482985	0.038291428415681034	0.0023902245818418683	0.0024143999211167807	3.5877727	MS	F		serenelli17	4.13570825364581	1.57220973431591	0.90384915069347	8.276558339521	A
503	KIC2865774	1.28	0.11	0.21	1.79	0.08	0.11	6074	63	63	3.998	0.356470016644336	0.356470016644336	-0.06	0.15	0.15	4.03	0.022	0.025	0.05327976092371157	0.008485079348234528	0.013148793788203083	3.8126092	MS	F		C14sdss	12.5	5.3072625698324	1.03720777082647	8.91620852036858	A
504	KIC2991448	1.113	0.052773099207835	0.0554616984954482	1.757	0.0408044115262063	0.0416173040933696	5836	70	70	2.843	0.1697884633087	0.1697884633087	-0.085	0.1	0.1	3.994	0.0076157731058639	0.0076157731058639	0.04898817612199588	0.004128500153290953	0.004251708833230357	3.9686182	MS	G		serenelli17	4.86229998667041	2.3455240643021	1.19945167923235	5.97215839988392	A
505	KIC2998253	1.262	0.0594138031100518	0.0622414652783817	1.425	0.0642884126417817	0.0585234995535981	6333	54	54	3.188	0.263328546014609	0.263328546014609	0.057	0.1	0.1	4.23	0.0294278779391243	0.0304138126514911	0.10411808041054091	0.014919959485692438	0.013817724010122146	3.6428347	MS	F		serenelli17	4.81993931808374	4.30918990159228	0.852676456655613	8.25999203308058	A
506	KIC3102384	1.07	0.05	0.05	1.08	0.02	0.02	5739	75	75	1.149	0.116122383209942	0.116122383209942	0.28	0.0721110255092798	0.0721110255092798				0.20277943185624334	0.014720748482344491	0.014720748482344491	4.0322017	MS	G	p	huber13	4.67289719626168	1.85185185185185	1.30684788290643	10.1063867023448	A
507	KIC3112152	1.251	0.0982700361249552	0.0834086326467471	1.741	0.056302753041037	0.0554707129934347	6282	59	59	4.304	0.355182210531848	0.355182210531848	-0.136	0.1	0.1	4.052	0.014560219778561	0.0164924225024706	0.05659426017932954	0.007064787923766867	0.006595528442872437	3.6762652	MS	F		serenelli17	7.26133768072351	3.2100363594047	0.939191340337472	8.25237478001505	A
508	KIC3112889	1.235	0.058	0.0630317380372777	1.986	0.0605392434706612	0.0588302643203309	6433	65	65	5.684	0.492828563865588	0.492828563865588	-0.358	0.102	0.102	3.932	0.017464249196573	0.017464249196573	0.03763922007621889	0.003869432161085858	0.003857292649304461	3.5772847	MS	F		serenelli17	4.90007036588169	3.00527461709447	1.01041504741178	8.67045326997868	A
509	KIC3115178	1.165	0.14101418368377	0.123454445039456	3.0	0.160639347608237	0.147871565894191	5046	85	85	4.902	0.453773781532749	0.453773781532749	0.08	0.1	0.1	3.549	0.0092195444572928	0.0092195444572928	0.010300861594558782	0.0020718876175424804	0.001873950986384508	4.4864632	PMS	K		serenelli17	11.3505849237436	5.1418485583738	1.68450257629806	9.25691108797938	A
510	KIC3123191	1.3	0.11	0.17	1.42	0.05	0.06	6568	93	93	3.494	0.323861480811423	0.323861480811423	-0.1	0.15	0.1	4.243	0.02	0.022	0.10839012318327601	0.014670059054425645	0.019740347799932563	3.4887922	MS	F		C14sdss	10.7692307692308	3.87323943661972	1.41595615103532	9.26907500891309	A
511	KIC3223000	1.069	0.0624819974072532	0.0609590026165127	1.164	0.0241867732448957	0.0241867732448957	6198	47	47	2.195	0.187430825510991	0.187430825510991	-0.185	0.1	0.1	4.335	0.0125299640861417	0.0125299640861417	0.16181923919153562	0.01382791984378436	0.013671265326261778	3.7313272	MS	F		serenelli17	5.77366697959616	2.07790148152024	0.758309131978057	8.53898977271031	A
512	KIC3236382	1.44	0.16	0.11	1.64	0.06	0.05	6831	58	58	4.73	0.385700199815086	0.385700199815086	-0.06	0.15	0.15	4.165	0.014	0.013	0.07793675845317784	0.01217213488138521	0.009287504303008986	3.3163957	MS	F		C14sdss	9.375	3.35365853658537	0.849070414287806	8.1543382624754	A
513	KIC3241581	1.062	0.0721387551874857	0.0721387551874857	1.084	0.0294108823397055	0.0294108823397055	5770	81	81	1.13	0.0996572855368258	0.0996572855368258	0.185	0.1	0.1	4.393	0.0165529453572468	0.0165529453572468	0.1990435279948699	0.02110173971383713	0.02110173971383713	4.0118812	MS	G		serenelli17	6.79272647716438	2.71318102764811	1.40381282495667	8.81922880856866	A
514	KIC3329196	1.098	0.152108513897152	0.136124942607885	2.845	0.168133875230425	0.156604597633658	5161	65	65	4.964	0.484211510460639	0.484211510460639	-0.313	0.101	0.101	3.57	0.0203960780543711	0.0223606797749979	0.011383266896804965	0.00256121980339286	0.002350582741394165	4.4110807	PMS	K		serenelli17	13.1253850867503	5.70717878495752	1.25944584382872	9.75446233804671	A
515	KIC3344897	1.55	0.16	0.18	2.34	0.08	0.1	6630	83	83	8.694	0.765139525104026	0.765139525104026	-0.04	0.15	0.1	3.89	0.017	0.016	0.028879888797157676	0.00420249145487362	0.004995678778134633	3.4481512	MS	F		C14sdss	10.9677419354839	3.84615384615385	1.25188536953243	8.80077668626669	A
516	KIC3424541	1.824	0.0765571681816928	0.0778203058333749	2.658	0.0427200187265877	0.0436577599058861	6475	66	66	10.67	0.892296144690191	0.892296144690191	0.27	0.1	0.1	3.849	0.0092195444572928	0.0092195444572928	0.023188427311994254	0.0014823395905726902	0.0015113998255982502	3.5497537	MS	F		serenelli17	4.23183865172883	1.62486415787197	1.01930501930502	8.36266302427546	A
517	KIC3425851	1.178	0.049	0.049	1.36	0.015	0.018	6343	85	85	2.728	0.162	0.157	-0.016	0.0721110255092798	0.0721110255092798	4.243	0.008	0.008	0.11179952439771518	0.005942281252527888	0.0064289860301237406	3.6362797	MS	F	p	silva15	4.15959252971138	1.21323529411765	1.34005990856062	5.84677419354839	A
518	KIC3427720	1.1	0.0457930125674212	0.0483735464897913	1.117	0.0152643375224737	0.017	6023	51	51	1.54	0.129570502985013	0.129570502985013	-0.037	0.1	0.1	4.384	0.0072111025509279	0.0080622577482985	0.18842761733461477	0.01100934233532267	0.011944792731214866	3.8460397	MS	F		serenelli17	4.28029813896421	1.44424071273383	0.846754109247883	8.41366902500082	A
519	KIC3429205	1.325	0.0680294054067798	0.0662117814289874	3.427	0.0639765582068933	0.0630713881248859	5116	62	62	6.026	0.38765396931441	0.38765396931441	-0.046	0.1	0.1	3.49	0.0072801098892805	0.0072801098892805	0.0078593197071466	0.0005971363978498307	0.0005852722214449575	4.4405782	PMS	K		serenelli17	5.06570516361386	1.85363213206564	1.21188428459734	6.43302305533371	A
520	KIC3430893	1.2	0.0619112267686564	0.0715541752799933	1.466	0.0484664832642105	0.0475394572960188	6270	60	60	3.507	0.286407736195391	0.286407736195391	-0.11	0.1	0.1	4.184	0.0181107702762748	0.0181107702762748	0.0909265526675127	0.010165365075847555	0.010375088583851711	3.6841312	MS	F		serenelli17	5.56105841869374	3.2744181637186	0.956937799043062	8.1667446876359	A
521	KIC3437637	1.039	0.0613269924258479	0.0604152298679729	2.01	0.0718401002226472	0.0689637585982667	5483	58	58	3.825	0.351216261260029	0.351216261260029	-0.255	0.102	0.102	3.847	0.0162788205960997	0.0172626765016321	0.030544904103614864	0.0037385946009714033	0.0036110118558521573	4.2000097	PMS	G		serenelli17	5.85862474946202	3.50258355275905	1.05781506474558	9.18212447738639	A
522	KIC3438633	1.28	0.0802620707432845	0.0586941223633168	1.965	0.0679779375974294	0.0566038867923396	6432	73	73	5.59	0.448421680043221	0.448421680043221	-0.184	0.1	0.1	3.959	0.014142135623731	0.014142135623731	0.04027482817053343	0.004883531569768835	0.003940096422699476	3.5779402	MS	F		serenelli17	5.42797629322661	3.17002097683891	1.13495024875622	8.02185474138141	A
523	KIC3456181	1.4975	0.0304	0.019	2.1483	0.027	0.027	6384	77	77	7.215	0.243	0.295	-0.15	0.1	0.1	3.949	0.0088	0.0077	0.03605731935657081	0.0015440447210170152	0.001434424180009908	3.6094042	MS	F		silva17	1.64941569282137	1.25680770842061	1.20614035087719	3.72834372834373	A
524	KIC3531558	1.02	0.07	0.07	1.36	0.04	0.04	5747	85	85	1.741	0.1445606051298	0.1445606051298	0.069	0.0721110255092798	0.0721110255092798				0.0968043420082084	0.010820973705946212	0.010820973705946212	4.0269577	MS	G	p	huber13	6.86274509803922	2.94117647058824	1.47903253871585	8.30330873807009	A
525	KIC3534307	0.96	0.13	0.11	1.44	0.07	0.06	5781	59	59	2.003	0.175425643030756	0.175425643030756	-0.24	0.15	0.1	4.104	0.019	0.017	0.0767529625250267	0.015274617605284625	0.013015080282959099	4.0046707	MS	G		C14sdss	12.5	4.51388888888889	1.02058467393185	8.75814493413659	A
526	KIC3544595	0.899	0.009	0.009	0.916	0.006	0.006	5669	75	75	0.78	0.029	0.025	-0.092	0.0721110255092798	0.0721110255092798	4.468	0.003	0.003	0.27924452148852424	0.006158407522358186	0.006158407522358186	4.0780867	MS	G	p	silva15	1.00111234705228	0.655021834061135	1.32298465337802	3.46153846153846	A
527	KIC3545753	1.258	0.0573149195236284	0.0618465843842649	2.296	0.0577754273026172	0.056859475903318	6206	58	58	8.035	0.720810235740592	0.720810235740592	-0.338	0.105	0.105	3.814	0.0148660687473185	0.0158113883008419	0.024812834602288256	0.0021878346264543585	0.0022105051937350976	3.7260832	MS	F		serenelli17	4.73614880397032	2.4964046865404	0.934579439252336	8.97088034524695	A
528	KIC3547794	1.4	0.11	0.13	1.75	0.06	0.06	6825	81	81	5.785	0.491271159812543	0.491271159812543	-0.14	0.15	0.15	4.093	0.019	0.019	0.06236275321151816	0.008071836717807469	0.008641695802167516	3.3203287	MS	F		C14sdss	8.57142857142857	3.42857142857143	1.18681318681319	8.49215488007853	A
529	KIC3630240	1.309	0.142337626789265	0.13186735759846	4.101	0.182485615871498	0.176773866846884	5256	71	71	7.836	0.717243122228563	0.717243122228563	-0.613	0.103	0.103	3.328	0.0114017542509914	0.0114017542509914	0.00453087133363319	0.000780104980347569	0.0007427142423699715	4.3488082	PMS	G		serenelli17	10.4738343921973	4.38014487586421	1.35083713850837	9.15317920148753	A
530	KIC3632418	1.4082	0.0209	0.0209	1.9114	0.021	0.024	6193	77	77	5.14	0.209	0.2	-0.041	0.0721110255092798	0.0721110255092798	4.0238	0.0077	0.0077	0.048141651609631284	0.001740202352158562	0.0019491169748724459	3.7346047	MS	F	p	silva17	1.48416418122426	1.17714764047295	1.24333925399645	3.97859922178988	A
531	KIC3633847	1.285	0.142337626789265	0.071505244562899	1.858	0.0581377674149945	0.0485489443757534	6122	51	51	5.266	0.47585644152796	0.47585644152796	0.12	0.1	0.1	4.013	0.0183575597506858	0.0158113883008419	0.047827467954523924	0.006944301739069938	0.004597742405277383	3.7811452	MS	F		serenelli17	8.32073429385851	2.87100946692002	0.833061091146684	9.03639273695329	A
532	KIC3633889	1.208	0.0576281181368956	0.06	1.322	0.0355105618091294	0.0355105618091294	6452	49	49	2.788	0.231897345463035	0.231897345463035	-0.12	0.1	0.1	4.276	0.0120415945787923	0.0120415945787923	0.12481993714056376	0.011688866725309591	0.011815599185754163	3.5648302	MS	F		serenelli17	4.86871349904369	2.68612419131085	0.759454432734036	8.31769531789937	A
533	KIC3640905	1.3	0.08	0.08	2.94	0.07	0.07	4991	75	75	2.75	0.112529637707296	0.112529637707296	0.333	0.0721110255092798	0.0721110255092798				0.012212729886939113	0.001151435906226847	0.001151435906226847	4.5225157	PMS	K	p	huber13	6.15384615384615	2.38095238095238	1.50270486876377	4.09198682571984	A
534	KIC3642422	1.566	0.106018866245589	0.144027775099111	3.21	0.09037698822156	0.110724884285331	5325	98	98	9.807	1.03755686431547	1.03755686431547	-0.019	0.1	0.1	3.617	0.0122065556157337	0.0138924439894498	0.011302852266406075	0.0012235093579404921	0.0015648293131213062	4.3035787	PMS	G		serenelli17	7.9836092383365	3.13242792066809	1.84037558685446	10.5797579720146	A
535	KIC3643774	1.275	0.0565862174031804	0.0618465843842649	1.588	0.0233452350598575	0.0256124969497314	6029	104	104	2.911	0.199115374876444	0.199115374876444	0.158	0.1	0.1	4.141	0.0086023252670426	0.0086023252670426	0.07600988600321876	0.0047558058553466365	0.00520774678722103	3.8421067	MS	F		serenelli17	4.64442359950766	1.54149030256892	1.72499585337535	6.84010219431274	A
536	KIC3656476	1.075	0.0402243707222375	0.0410487515035476	1.316	0.0184390889145858	0.0184390889145858	5684	56	56	1.626	0.13908986340791	0.13908986340791	0.233	0.1	0.1	4.23	0.0072111025509279	0.0072111025509279	0.11260357711623464	0.006336889450982785	0.006394630145793295	4.0682542	MS	G		serenelli17	3.78014521980396	1.40114657405667	0.985221674876847	8.55411214070789	A
537	KIC3657002	1.219	0.0646606526413089	0.0898943824718764	1.516	0.0324499614791759	0.037589892258425	6006	64	64	2.732	0.226473371932982	0.226473371932982	0.112	0.1	0.1	4.161	0.0128062484748657	0.0136014705087354	0.08352519388486394	0.006956815806561582	0.008748863446164785	3.8571832	MS	F		serenelli17	6.33941899561875	2.31002156126652	1.06560106560107	8.28965490237855	A
538	KIC3661135	1.11	0.0537121960079831	0.0555427763079953	1.879	0.0477598157450382	0.0477598157450382	5603	71	71	3.542	0.319592291678029	0.319592291678029	-0.02	0.1	0.1	3.935	0.0114017542509914	0.0114017542509914	0.03994422774188074	0.003607398484658658	0.0036431194400430795	4.1213497	PMS	G		serenelli17	4.9213951493684	2.54176773523354	1.26717829734071	9.02293313602567	A
539	KIC3730801	1.24	0.0678969807870718	0.113159179919262	1.595	0.0449444101084885	0.052773099207835	5894	58	58	2.844	0.246867410490714	0.246867410490714	0.164	0.1	0.1	4.123	0.0126491106406735	0.0136014705087354	0.07295431998023898	0.007347892748699692	0.00983677785921739	3.9305992	MS	G		serenelli17	7.30065164138445	3.06324480615434	0.984051577875806	8.68028869517279	A
540	KIC3733735	1.441	0.0660378679243962	0.0718401002226472	1.425	0.0277848879788996	0.0277848879788996	6711	66	66	3.631	0.279777268342257	0.279777268342257	-0.077	0.1	0.1	4.287	0.01	0.0106301458127346	0.11888601733089497	0.008834274613103725	0.009137271482381668	3.3950557	MS	F		serenelli17	4.78410715291615	1.94981670027366	0.983459991059455	7.70524010857221	A
541	KIC3735871	1.15	0.0427200187265877	0.0475394572960188	1.113	0.0148660687473185	0.0167630546142402	6176	50	50	1.542	0.12896442448014	0.12896442448014	-0.032	0.099	0.099	4.405	0.0067082039324993	0.0076157731058639	0.19912405972315328	0.010880245807489159	0.012194503641923454	3.7457482	MS	F		serenelli17	3.92432504446115	1.42089502971962	0.809585492227979	8.36345165240859	A
542	KIC3761840	1.538	0.0658027355054484	0.0698927750200262	2.814	0.0746726188103779	0.0737360156233031	6236	61	61	12.97	1.13237954655977	1.13237954655977	0.011	0.1	0.1	3.725	0.0158113883008419	0.0158113883008419	0.016477656565715395	0.0014892019076758504	0.001496172663724119	3.7064182	MS	F		serenelli17	4.41142752033403	2.63696933961764	0.978191148171905	8.73075980385329	A
543	KIC3854781	1.197	0.0567274184147313	0.0598163857149527	1.792	0.0358050275799363	0.0374432904536981	5705	102	102	3.408	0.294317890671679	0.294317890671679	0.256	0.1	0.1	4.009	0.010295630140987	0.010295630140987	0.04965826309830699	0.003794526792954413	0.003980873008798649	4.0544887	MS	G		serenelli17	4.8681622443477	2.04375887370632	1.78790534618755	8.63608834130513	A
544	KIC3942719	1.099	0.0595063021872474	0.0567978872846517	2.107	0.0563648826841678	0.0554616984954482	5736	65	65	4.016	0.104548159379123	0.104548159379123	-0.364	0.101	0.101	3.83	0.0104403065089106	0.0104403065089106	0.028048876891160555	0.0027154497846404615	0.0026471481513930385	4.0341682	PMS	G		serenelli17	5.29136439817557	2.65369200711001	1.13319386331939	2.60329082119329	A
545	KIC3952307	1.275	0.0622896460095897	0.0684105255059483	2.076	0.0483735464897913	0.0475078940808788	6210	118	118	6.262	0.48695300120495	0.48695300120495	-0.118	0.1	0.1	3.908	0.0139283882771841	0.0139283882771841	0.03402040880081631	0.002901392262247593	0.0029642946266573186	3.7234612	MS	F		serenelli17	5.12549692217796	2.30928325073868	1.90016103059581	7.77631748969898	A
546	KIC3952580	1.458	0.0642028036770981	0.0618465843842649	2.709	0.0466154480832267	0.0474341649025257	6115	101	101	11.88	1.0567874435588	1.0567874435588	-0.074	0.1	0.1	3.736	0.010295630140987	0.0094339811320566	0.017508216148622517	0.001187979603764643	0.0011821228752912358	3.7857337	MS	F		serenelli17	4.32268134641163	1.73587325555098	1.6516762060507	8.8955172016734	A
547	KIC3967430	1.36	0.09	0.12	1.47	0.04	0.05	6622	53	53	3.565	0.281704945624284	0.281704945624284	0.0	0.15	0.15	4.236	0.014	0.014	0.10221115474607503	0.010741033338887008	0.01378820344728418	3.4533952	MS	F		C14sdss	7.72058823529412	3.06122448979592	0.800362428269405	7.90196200909632	A
548	KIC3967859	1.008	0.0605392434706612	0.0596824932455071	1.284	0.0344383507154451	0.0335410196624968	6211	78	78	1.933	0.172593806759579	0.172593806759579	-0.375	0.1	0.1	4.224	0.0158113883008419	0.0158113883008419	0.11367811187477372	0.011413996193952572	0.011165396059000809	3.7228057	MS	F		serenelli17	5.96337979742898	2.64717174368933	1.25583641925616	8.92880531606718	A
549	KIC4038445	1.067	0.0796052762070455	0.0769415362466854	2.667	0.0836719785830358	0.0827647267862342	5327	69	69	4.939	0.47477908781434	0.47477908781434	-0.766	0.105	0.105	3.613	0.0085440037453175	0.0085440037453175	0.01342785871512945	0.0016127174387984868	0.0015812544507313867	4.3022677	PMS	G		serenelli17	7.33583938396115	3.12029818840026	1.29528815468369	9.61285863159223	A
550	KIC4049576	1.159	0.0674166151627327	0.0691158447825099	1.944	0.0919238815542512	0.0861278120005379	6066	84	84	4.633	0.331409816577219	0.331409816577219	-0.264	0.101	0.101	3.923	0.0284429253066558	0.0304138126514911	0.037662231183638144	0.005774389425587765	0.0054865689789855695	3.8178532	MS	F		serenelli17	5.8900974954807	4.57951886714992	1.38476755687438	7.15324447608935	A
551	KIC4060815	1.43	0.16	0.16	3.73	0.18	0.18	5055	75	75	7.068	0.736696435134712	0.736696435134712	0.091	0.0721110255092798	0.0721110255092798				0.006578409928859309	0.0012036497739099236	0.0012036497739099236	4.4805637	PMS	K	p	huber13	11.1888111888112	4.82573726541555	1.48367952522255	10.4229829532359	A
552	KIC4064447	1.91	0.09	0.14	4.61	0.11	0.15	5755	118	118	21.47	2.13004764292093	2.13004764292093	-0.25	0.1	0.1	3.39	0.011	0.011	0.004654167206487727	0.00039886330707414086	0.0005681350481501483	4.0217137	PMS	G		C14sdss	6.02094240837696	2.81995661605206	2.0503909643788	9.92104165310168	A
553	KIC4072740	1.326	0.0740607858451421	0.0732393336944022	4.113	0.0864522989862039	0.0857029754442633	5015	71	71	9.018	0.92191077984941	0.92191077984941	0.148	0.1	0.1	3.331	0.0072801098892805	0.0072801098892805	0.0045496583612296155	0.00038324827635380934	0.0003795183276211031	4.5067837	PMS	K		serenelli17	5.55430315005823	2.0928187993006	1.41575274177468	10.2230070952474	A
554	KIC4141376	1.019	0.021	0.03	1.039	0.009	0.009	6134	91	91	1.363	0.052	0.056	-0.269	0.0721110255092798	0.0721110255092798	4.412	0.003	0.004	0.2168897019924245	0.007193441468544676	0.008517029909473011	3.7732792	MS	F	p	silva15	2.50245338567223	0.866217516843118	1.48353439843495	3.96184886280264	A
555	KIC4143755	0.918	0.021	0.03	1.414	0.012	0.013	5622	106	106	1.997	0.029	0.038	-0.357	0.0721110255092798	0.0721110255092798	4.102	0.001	0.002	0.07751858622744659	0.002653241366973178	0.0033149462313960764	4.1088952	MS	G	p	silva15	2.77777777777778	0.884016973125884	1.88545001778726	1.67751627441162	A
556	KIC4165030	0.923	0.0509901951359278	0.0491934955049954	1.634	0.042154477816716	0.0412310562561766	5758	63	63	2.843	0.253964897885598	0.253964897885598	-0.482	0.102	0.102	3.975	0.0117046999107196	0.0117046999107196	0.05050762358102726	0.004802710375161616	0.0046759923588365	4.0197472	PMS	G		serenelli17	5.42706883211935	2.55157693001507	1.09412990621744	8.93298972513535	A
557	KIC4243623	0.98	0.110113577727726	0.0936803074290429	2.563	0.132672529183701	0.118139747756629	5094	63	63	3.63	0.320797984575958	0.320797984575958	-0.369	0.101	0.101	3.611	0.0101980390271856	0.0101980390271856	0.01389605895083167	0.0026635907342039337	0.0023360278659341187	4.4549992	PMS	K		serenelli17	10.397647201876	4.89294336598381	1.23674911660777	8.83741004341481	A
558	KIC4247542	1.129	0.0917877987534291	0.0710633520177595	1.581	0.052773099207835	0.0501198563445667	6440	66	66	3.696	0.272247043342329	0.272247043342329	-0.44	0.1	0.1	4.095	0.0202484567313166	0.0202484567313166	0.06820398069899171	0.00879737898601196	0.007778450391220596	3.5726962	MS	F		serenelli17	7.21218559659825	3.25404666516134	1.02484472049689	7.36599143242233	A
559	KIC4252818	0.94	0.15	0.13	1.5	0.11	0.1	5630	58	58	2.055	0.175391596385497	0.175391596385497	0.02	0.15	0.15	4.058	0.02	0.021	0.06649139844728072	0.01807098853415947	0.016167982257597573	4.1036512	PMS	G		C14sdss	14.8936170212766	7.0	1.03019538188277	8.53487087034049	A
560	KIC4346201	1.142	0.0574543296888929	0.0549181208709839	1.902	0.0331209903233584	0.0322490309931942	6147	51	51	5.527	0.551784265879922	0.551784265879922	-0.337	0.099	0.099	3.937	0.0106301458127346	0.0106301458127346	0.03962287248577042	0.0028737586916399217	0.0027735842220534754	3.7647577	MS	F		serenelli17	4.91998470052	1.71845481904712	0.829673011224988	9.98343162438796	A
561	KIC4347652	1.546	0.270186972298814	0.28570264261991	4.469	0.33577373333839	0.342052627529741	5043	75	75	11.41	1.11407977100886	1.11407977100886	0.025	0.102	0.102	3.324	0.0310161248385416	0.0328937684067971	0.004135136178198424	0.0011794122913536757	0.0012188161968604736	4.4884297	PMS	K		serenelli17	17.9783187231153	7.58364691058549	1.48720999405116	9.76406460130461	A
562	KIC4349452	1.159	0.04	0.051	1.297	0.015	0.015	6270	79	79	2.406	0.126	0.128	-0.045	0.0721110255092798	0.0721110255092798	4.275	0.007	0.008	0.126816247548577	0.006206081539035263	0.007106325883578599	3.6841312	MS	F	p	silva15	3.92579810181191	1.15651503469545	1.25996810207337	5.27847049044057	A
563	KIC4351319	1.383	0.0782943165242535	0.0746860093993514	3.455	0.0729451848993475	0.072069410986909	5001	61	61	7.018	0.680309699698846	0.680309699698846	0.229	0.1	0.1	3.501	0.0072801098892805	0.0072801098892805	0.008005517582056296	0.000680078761864322	0.0006617210046205563	4.5159607	PMS	K		serenelli17	5.53074207966757	2.09861933265205	1.21975604879024	9.69378312480544	A
564	KIC4378838	1.627	0.173441632833642	0.16860011862392	3.691	0.177867928531256	0.174484956371602	5053	71	71	8.294	0.813824542073771	0.813824542073771	0.238	0.099	0.099	3.514	0.0114017542509914	0.012369316876853	0.007724436512628655	0.0013874811412858566	0.001356757802570075	4.4818747	PMS	K		serenelli17	10.5114244455305	4.77313580198941	1.40510587769642	9.81220812724585	A
565	KIC4446300	1.07	0.054230987451825	0.0560802995712398	1.999	0.0460434577328854	0.0452216762183801	5410	60	60	3.139	0.294077840422066	0.294077840422066	-0.101	0.101	0.101	3.864	0.0089442719099991	0.0089442719099991	0.03197840408413193	0.002740375130566447	0.002742102840013793	4.2478612	PMS	G		serenelli17	5.15473303846097	2.28276973364846	1.1090573012939	9.36851992424549	A
566	KIC4450844	1.056	0.0464004310324807	0.0472016948848238	1.548	0.0254950975679639	0.0254950975679639	5968	59	59	2.81	0.241286059060407	0.241286059060407	-0.136	0.0721110255092798	0.0721110255092798	4.082	0.0072111025509279	0.0072111025509279	0.06796141926826417	0.004493666266934456	0.004528098627812314	3.8820922	MS	G	p	serenelli17	4.43191884078146	1.64697012712945	0.988605898123324	8.58669249325293	A
567	KIC4457351	0.884	0.056302753041037	0.056302753041037	1.616	0.054561891462815	0.052773099207835	5483	58	58	3.054	0.281947583943057	0.281947583943057	-0.367	0.102	0.102	3.966	0.014142135623731	0.014142135623731	0.050008011572364626	0.005983500723348261	0.005843586326465421	4.2000097	PMS	G		serenelli17	6.36908971052455	3.32100837471071	1.05781506474558	9.23207544017868	A
568	KIC4465324	1.079	0.0793788384898645	0.0590338885725818	1.388	0.0373363094051889	0.0326955654485436	5850	59	59	2.207	0.192897800358889	0.192897800358889	0.037	0.1	0.1	4.187	0.0120830459735946	0.0120830459735946	0.0963306380856354	0.010519150866982574	0.008609223348964202	3.9594412	MS	G		serenelli17	6.41393545238398	2.52276206245434	1.00854700854701	8.74027187851785	A
569	KIC4465529	1.322	0.054561891462815	0.0579827560572969	1.657	0.0306104557300279	0.0306104557300279	6345	49	49	4.239	0.367701157208098	0.367701157208098	0.025	0.1	0.1	4.12	0.010295630140987	0.010295630140987	0.06937057919890602	0.004793503085935574	0.004902833446447158	3.6349687	MS	F		serenelli17	4.25660542814341	1.84734192697815	0.772261623325453	8.67424291597307	A
570	KIC4476423	1.62	0.26	0.26	10.47	0.7	0.7	4553	97	97	60.76	10.7927669704515	10.7927669704515	0.159	0.0721110255092798	0.0721110255092798				0.0003369662153904755	8.656020208443593e-05	8.656020208443593e-05	4.8096247	PMS	K	p	huber13	16.0493827160494	6.68576886341929	2.13046343070503	17.7629476143047	A
571	KIC4543171	1.315	0.0684105255059483	0.069656299069072	1.663	0.0438292140016222	0.0438292140016222	6129	59	59	3.486	0.296648102055351	0.296648102055351	0.137	0.1	0.1	4.114	0.0139283882771841	0.0148660687473185	0.06825907455082854	0.00646047210552749	0.006496240784242178	3.7765567	MS	F		serenelli17	5.24968914733917	2.63555105241264	0.962636645456029	8.50969885414088	A
572	KIC4554830	0.98	0.05	0.06	1.35	0.03	0.04	5466	60	60	1.919	0.17412292709152	0.17412292709152	0.36	0.1	0.15	4.167	0.01	0.01	0.09509028759643799	0.007982786597319465	0.010263441782984833	4.2111532	PMS	G		C14sdss	5.61224489795918	2.59259259259259	1.09769484083425	9.07362830075666	A
573	KIC4571351	1.235	0.0743303437365925	0.0998098191562333	1.585	0.0689492567037528	0.0698927750200262	6000	59	59	2.923	0.255209864123749	0.255209864123749	0.143	0.101	0.101	4.125	0.0263058928759318	0.0282842712474619	0.07404411533663129	0.010641129725431924	0.011478490204341198	3.8611162	MS	F		serenelli17	7.05020902400105	4.37987481778483	0.983333333333333	8.73109353827401	A
574	KIC4571904	1.293	0.068622153857191	0.068622153857191	2.252	0.0836301381082203	0.0800624756049924	6069	78	78				-0.097	0.1	0.1	3.843	0.0191049731745428	0.0191049731745428	0.027027430362480682	0.0033352708343759624	0.003219778777711365	3.8158867	MS	F		serenelli17	5.30720447464741	3.63438307533776	1.28521997034108	100.0	A
575	KIC4577484	1.193	0.0509607692249636	0.0625859409132754	2.175	0.0468187996428785	0.0496487663492256	5424	74	74	5.273	0.497045576575478	0.497045576575478	0.022	0.1	0.1	3.838	0.0116619037896906	0.0116619037896906	0.02768050763994788	0.00214322428380953	0.002387884444471914	4.2386842	PMS	G		serenelli17	4.75887301501421	2.21764519522078	1.36430678466077	9.42623888821312	A
576	KIC4586099	1.253	0.118595952713404	0.0778331548891602	1.813	0.0516236379965612	0.0403608721412211	6383	58	58	5.663	0.482656291450163	0.482656291450163	-0.151	0.1	0.1	4.021	0.0138924439894498	0.0122065556157337	0.050195992923804306	0.006399850019781351	0.004578280952698521	3.6100597	MS	F		serenelli17	7.83835225868174	2.5368039199609	0.908663637787874	8.5229788354258	A
577	KIC4638884	1.522	0.0508035431835221	0.0468614980554399	1.928	0.0269072480941474	0.0256124969497314	6662	57	57	6.055	0.488982163912133	0.488982163912133	0.008	0.099	0.099	4.05	0.0067082039324993	0.0067082039324993	0.05069964920579691	0.0027147417884273817	0.0025533138235252838	3.4271752	MS	F		serenelli17	3.20844419313279	1.36202658308814	0.85559891924347	8.07567570457692	A
578	KIC4641621	1.447	0.0725603197346869	0.0804984471899924	3.062	0.106569226327303	0.0999599919967984	5684	61	61	11.8	1.10037374171454	1.10037374171454	-0.264	0.101	0.101	3.622	0.0164924225024706	0.0164924225024706	0.012032735290963811	0.0013937364402774846	0.0013552885217476911	4.0682542	PMS	G		serenelli17	5.28883092345126	3.37245621038703	1.07318789584799	9.32520120097066	A
579	KIC4646780	1.43	0.15	0.1	1.92	0.08	0.07	6856	138	138	6.537	0.540582863111397	0.540582863111397	-0.12	0.15	0.15	4.029	0.019	0.019	0.04823294080552215	0.007870691277255195	0.006261576765156065	3.3000082	MS	F		C14sdss	8.74125874125874	3.90625	2.01283547257876	8.26958640219362	A
580	KIC4672403	1.177	0.0501597448159378	0.053851648071345	1.818	0.0317647603485372	0.0335410196624968	5779	88	88	4.263	0.388355108144367	0.388355108144367	0.113	0.1	0.1	3.989	0.0094339811320566	0.010295630140987	0.046763414777859495	0.0031591194561172297	0.0033581181298311235	4.0059817	PMS	G		serenelli17	4.41849587456597	1.79608855915935	1.52275480186884	9.1099016688803	A
581	KIC4739932	1.166	0.058591808301161	0.0630713881248859	1.805	0.0470106370941726	0.047927027865287	5876	111	111	4.034	0.323248423765954	0.323248423765954	0.008	0.1	0.1	3.991	0.0161554944214035	0.0161554944214035	0.04733455759372005	0.004397279667704575	0.00455770845774109	3.9423982	MS	G		serenelli17	5.21711820008778	2.62985221494348	1.88904016337645	8.01309925051942	A
582	KIC4755204	1.19	0.102459748194108	0.0658634952003005	1.645	0.0438634243989226	0.0393573373083089	6073	70	70	2.924	0.263173003459093	0.263173003459093	-0.072	0.1	0.1	4.084	0.0120830459735946	0.0120830459735946	0.06382056508407391	0.007500578869555345	0.005784544805488001	3.8132647	MS	F		serenelli17	7.07240518463901	2.52950643487026	1.1526428453812	9.00044471474326	A
583	KIC4756112	1.378	0.073	0.071505244562899	2.619	0.0904765162901402	0.0857962703152066	6182	60	60	11.38	1.04068423933855	1.04068423933855	-0.209	0.1	0.1	3.739	0.0194164878389476	0.0203960780543711	0.018312773039916415	0.0021314800537097643	0.002035199577978908	3.7418152	MS	F		serenelli17	5.24329624683959	3.36526893099173	0.970559689420899	9.14485271826496	A
584	KIC4841753	1.314	0.0560357029044876	0.0536003731330296	2.149	0.0794040301244213	0.0746324326281812	5966	67	67	6.304	0.560000152692	0.560000152692	0.127	0.1	0.1	3.891	0.0223606797749979	0.0233452350598575	0.03160803586413759	0.0037540260694915234	0.003536548524226721	3.8834032	MS	G		serenelli17	4.17184459807904	3.58391025483021	1.12303050620181	8.88325115310913	A
585	KIC4842436	1.089	0.0604400529450463	0.06200806399171	1.57	0.0569209978830308	0.0540832691319598	5688	63	63	2.791	0.254711365146508	0.254711365146508	0.139	0.1	0.1	4.082	0.0237697286480094	0.0237697286480094	0.06718004852863142	0.008203231605532523	0.007926719738934397	4.0656322	MS	G		serenelli17	5.62204393649019	3.53516773933091	1.10759493670886	9.12616858282007	A
586	KIC4846457	1.429	0.0602079728939615	0.0619112267686564	2.474	0.10770329614269	0.0980815986819138	5885	81	81	8.969	0.820218327402594	0.820218327402594	0.229	0.1	0.1	3.805	0.0241867732448957	0.0251793566240283	0.0225291358395285	0.003091677521545954	0.002851741890334336	3.9364987	PMS	G		serenelli17	4.27289012115528	4.15895098675432	1.37638062871708	9.14503654144937	A
587	KIC4914423	1.099	0.019	0.03	1.45	0.009	0.009	5845	88	88	2.256	0.115	0.119	0.131	0.0721110255092798	0.0721110255092798	4.155	0.004	0.004	0.08606074006707595	0.002186722593490288	0.002843765067485433	3.9627187	MS	G	p	silva15	2.22929936305733	0.620689655172414	1.50556030795552	5.18617021276596	A
588	KIC4914923	1.0586	0.0589	0.0494	1.3566	0.024	0.024	5805	77	77	1.885	0.153	0.142	0.08	0.1	0.1	4.1965	0.0099	0.0077	0.10122501322149967	0.007783533055976065	0.007153747904404655	3.9889387	MS	G		silva17	5.11524655204988	1.76912870411322	1.32644272179156	7.82493368700265	A
589	KIC4915148	1.074	0.071386273190299	0.067468511173732	2.503	0.0631506136153878	0.0611882341631134	5026	75	75	3.742	0.372300324244281	0.372300324244281	0.095	0.102	0.102	3.671	0.0082462112512353	0.0082462112512353	0.01635057850716802	0.0016470246098682078	0.0015788917014449822	4.4995732	PMS	K		serenelli17	6.46437543594185	2.48379639989016	1.49224035017907	9.94923367836134	A
590	KIC4918355	1.09	0.09	0.08	3.01	0.09	0.09	5003	70	70	5.212	0.516652167465903	0.516652167465903	-0.06	0.15	0.1	3.519	0.008	0.008	0.009541977800999276	0.0011633340763692896	0.001105923903051906	4.5146497	PMS	K		C14sdss	7.79816513761468	2.99003322259136	1.39916050369778	9.91274304424218	A
591	KIC4931390	1.37	0.1	0.1	1.41	0.04	0.04	6557	51	51	3.532	0.310919874595679	0.310919874595679	-0.06	0.15	0.15	4.274	0.012	0.012	0.11667414308534539	0.01308157588416748	0.01308157588416748	3.4960027	MS	F		C14sdss	7.2992700729927	2.83687943262411	0.777794723196584	8.80294095684256	A
592	KIC4947253	1.173	0.0550726792520575	0.0568242905807015	2.006	0.0483321838943783	0.0483321838943783	5953	59	59	5.318	0.47408994136162	0.47408994136162	-0.196	0.1	0.1	3.901	0.013	0.013	0.03469098384841751	0.0029900597902925556	0.003018590746977675	3.8919247	MS	G		serenelli17	4.769691808728	2.40938105156422	0.991096925919704	8.91481649796201	A
593	KIC5021689	1.22	0.08	0.07	1.79	0.04	0.04	6168	84	84	4.306	0.358627328127141	0.358627328127141	-0.08	0.09	0.09	4.016	0.011	0.01	0.050782272130412594	0.004762218718568589	0.004481047813835423	3.7509922	MS	F		C14bruntt	6.14754098360656	2.23463687150838	1.36186770428016	8.32854919013332	A
594	KIC5033245	1.418	0.104355162785557	0.0967987603226405	3.315	0.0964624279188535	0.0917605579756357	5086	63	63	7.723	0.767709114328581	0.767709114328581	0.119	0.1	0.1	3.548	0.0085440037453175	0.0094868329805051	0.009292595292178175	0.0010610095598381426	0.0009989370818322765	4.4602432	PMS	K		serenelli17	7.09287458068396	2.8389590632653	1.23869445536768	9.94055566915163	A
595	KIC5084157	1.102	0.0822982381342395	0.0735730929076656	1.378	0.0483011387029333	0.0456508488420533	5803	83	83	2.351	0.197037740566424	0.197037740566424	0.125	0.1	0.1	4.201	0.0111803398874989	0.0111803398874989	0.10054149357028001	0.012967424212094361	0.012037597148917462	3.9902497	MS	G		serenelli17	7.07220195289951	3.40899809669763	1.43029467516802	8.38101831418223	A
596	KIC5088536	0.93	0.06	0.06	1.13	0.03	0.03	5884	75	75	1.414	0.120968147785274	0.120968147785274	-0.163	0.0721110255092798	0.0721110255092798				0.153871790996304	0.015771535098245942	0.015771535098245942	3.9371542	MS	G	p	huber13	6.45161290322581	2.65486725663717	1.27464309993202	8.55503166798263	A
597	KIC5094751	1.068	0.04	0.04	1.339	0.015	0.018	5952	75	75	2.04	0.124	0.112	-0.017	0.0721110255092798	0.0721110255092798	4.213	0.008	0.007	0.10620400936824326	0.005344270595342722	0.005845213590258126	3.8925802	MS	G	p	silva15	3.74531835205993	1.23226288274832	1.26008064516129	5.7843137254902	A
598	KIC5095159	1.426	0.101414989030222	0.123174672721303	2.776	0.0694046107978425	0.0837257427557379	5192	67	67	5.227	0.53300753063853	0.53300753063853	0.097	0.099	0.099	3.704	0.0113137084989848	0.0136014705087354	0.015913749989587125	0.0016448682699781716	0.001990685822919425	4.3907602	PMS	K		serenelli17	7.87481282438725	2.75811155535988	1.2904468412943	10.1971978312326	A
599	KIC5095850	1.43	0.25	0.11	2.27	0.17	0.09	6836	85	85	11.33	1.01207189132385	1.01207189132385	0.1	0.15	0.15	3.885	0.018	0.021	0.029185682698166324	0.008308455591692366	0.004134132440751449	3.3131182	MS	F		C14sdss	12.5874125874126	5.72687224669604	1.24341720304272	8.93267335678601	A
600	KIC5108214	1.44	0.08	0.08	2.49	0.06	0.06	5844	75	75	6.673	0.719809498805177	0.719809498805177	0.343	0.0721110255092798	0.0721110255092798				0.022267724602608358	0.0020301695813179864	0.0020301695813179864	3.9633742	PMS	G	p	huber13	5.55555555555556	2.40963855421687	1.28336755646817	10.7868949318924	A
601	KIC5110725	1.31	0.07	0.11	3.73	0.09	0.13	4869	79	79	6.665	0.662623356758107	0.662623356758107	0.35	0.1	0.1	3.411	0.008	0.009	0.006026375529234752	0.0005422081473426697	0.0008081450789975803	4.6024867	PMS	K		C14sdss	6.87022900763359	2.94906166219839	1.62250975559663	9.94183581032418	A
602	KIC5184732	1.1479	0.0399	0.0589	1.3206	0.015	0.021	5846	77	77	1.806	0.128	0.128	0.36	0.1	0.1	4.2548	0.0077	0.0099	0.11898756245153916	0.0057918118055059606	0.008336478795357087	3.9620632	MS	G		silva17	4.3035107587769	1.36301681054066	1.31713992473486	7.0874861572536	A
603	KIC5214711	1.255	0.0764852927038918	0.0707248188403477	1.868	0.0734098086089318	0.069778220097678	6194	54	54	5.291	0.438711511084827	0.438711511084827	-0.025	0.1	0.1	3.993	0.0237697286480094	0.0237697286480094	0.04596470750398762	0.006100272689422679	0.005765604428733986	3.7339492	MS	F		serenelli17	5.86494468303743	3.83265601463088	0.871811430416532	8.29165585115909	A
604	KIC5253542	1.077	0.061400325732035	0.061400325732035	1.191	0.0264007575648882	0.0264007575648882	5770	96	96	1.463	0.123674067491704	0.123674067491704	0.203	0.1	0.1	4.318	0.013	0.013	0.15219199484182608	0.013330954771143879	0.013330954771143879	4.0118812	MS	G		serenelli17	5.70105160000325	2.21668829260186	1.66377816291161	8.45345642458675	A
605	KIC5265656	1.491	0.146030818665102	0.172817823154905	2.834	0.109018347079746	0.119540788018149	5099	90	90	5.508	0.529093171781204	0.529093171781204	0.309	0.099	0.099	3.703	0.0184390889145858	0.02	0.015638298422109696	0.0023670534090435816	0.0026835791522322916	4.4517217	PMS	K		serenelli17	10.6924427169687	4.03244769050626	1.7650519709747	9.60590362710973	A
606	KIC5309966	1.34	0.08	0.13	1.64	0.05	0.06	6356	61	61	4.22	0.352765649687295	0.352765649687295	0.1	0.15	0.15	4.131	0.014	0.015	0.07252448356059604	0.007921395020037336	0.010623858259836225	3.6277582	MS	F		C14sdss	7.83582089552239	3.35365853658537	0.959723096286973	8.35937558500699	A
607	KIC5344612	1.298	0.0756637297521078	0.108784190027779	1.746	0.0608276253029822	0.0608276253029822	6359	84	84	4.715	0.390669340921946	0.390669340921946	-0.123	0.1	0.1	4.063	0.0203960780543711	0.0203960780543711	0.058217474959806864	0.006966997141715186	0.007799253704436971	3.6257917	MS	F		serenelli17	7.10508165561969	3.48382733694056	1.32096241547413	8.28567000894902	A
608	KIC5353186	1.362	0.210582525390879	0.0877097486029917	2.187	0.104709120901667	0.0672681202353686	6166	55	55	7.67	0.655138125827586	0.655138125827586	0.073	0.1	0.1	3.893	0.0126491106406735	0.0126491106406735	0.031084375682791397	0.006559892874482601	0.0034977392123975797	3.7523032	MS	F		serenelli17	10.9505240085855	3.93180706760485	0.891988323061953	8.54156617767388	A
609	KIC5371516	1.454	0.0700927956355002	0.127945300812496	2.049	0.0353553390593274	0.0586003412959344	6350	81	81	5.834	0.497365294201537	0.497365294201537	0.075	0.1	0.1	3.976	0.01	0.0143178210632764	0.04035059304065667	0.002854214634676899	0.004959113021553633	3.6316912	MS	F		serenelli17	6.81011335790907	2.29272036006007	1.2755905511811	8.52528786769861	A
610	KIC5390438	1.09	0.100687635785135	0.0872811548961172	3.511	0.139014387744578	0.125574678976297	4814	64	64	7.315	0.770550623443635	0.770550623443635	0.186	0.1	0.1	3.384	0.0082462112512353	0.0082462112512353	0.0060123658622079175	0.000904697966786101	0.0008049573440062344	4.6385392	PMS	K		serenelli17	8.62242159088313	3.76800151980739	1.32945575405069	10.5338431092773	A
611	KIC5429911	1.614	0.100647901120689	0.130740200397582	3.365	0.114162165361384	0.124619420637395	5303	74	74	8.383	0.78142971641742	0.78142971641742	-0.005	0.102	0.102	3.59	0.0143178210632764	0.0152970585407784	0.01011252749444875	0.001207067143582405	0.001390436818861148	4.3179997	PMS	G		serenelli17	7.16815680044211	3.5480176225673	1.39543654535169	9.32159986183252	A
612	KIC5431016	1.336	0.175559106855782	0.0843148859929254	2.142	0.0813941029804985	0.0462276973253049	6601	62	62	8.646	0.79107460085969	0.79107460085969	-0.264	0.101	0.101	3.903	0.0192353840616713	0.0127279220613579	0.03245334370891156	0.0056456755847903795	0.002934244970596822	3.4671607	MS	F		serenelli17	9.72582308565523	2.97903362058365	0.93925162854113	9.14960213809496	A
613	KIC5431807	1.567	0.192333044482741	0.137884009225145	3.307	0.161554944214035	0.114947814246292	5285	74	74				0.117	0.102	0.102	3.592	0.0117046999107196	0.0126491106406735	0.010343744926169853	0.001977361853300005	0.0014113170399423897	4.3297987	PMS	G		serenelli17	10.5366003097603	4.18056786302278	1.40018921475875	100.0	A
614	KIC5450445	1.39	0.07	0.06	1.99	0.04	0.04	6112	84	84	5.484	0.465478938984048	0.465478938984048	0.05	0.09	0.09	3.985	0.009	0.009	0.042108227603840996	0.0033082096412541846	0.003122696137203434	3.7877002	MS	F		C14bruntt	4.67625899280576	2.01005025125628	1.37434554973822	8.48794564157637	A
615	KIC5468089	1.56	0.15	0.17	2.0	0.07	0.07	6728	429	429	5.431	0.462468950326639	0.462468950326639	0.0	0.15	0.15	4.03	0.018	0.025	0.04655282085437938	0.0066279450362750235	0.0070447833170200645	3.3839122	MS	F		C14sdss	10.2564102564103	3.5	6.37633769322235	8.51535537335001	A
616	KIC5511081	1.14	0.08	0.08	1.74	0.08	0.08	5923	77	77	3.319	0.298201124862171	0.298201124862171	-0.012	0.0721110255092798	0.0721110255092798				0.0516616766907556	0.00799497829312013	0.00799497829312013	3.9115897	MS	G	p	huber13	7.01754385964912	4.59770114942529	1.30001688333615	8.98466781748029	A
617	KIC5512589	1.132	0.041146081222882	0.0447772263544762	1.658	0.0248394846967484	0.0256124969497314	5789	56	56	2.979	0.248201743034408	0.248201743034408	0.032	0.1	0.1	4.052	0.0078102496759066	0.0078102496759066	0.059293111182278486	0.003427336810579146	0.003612689781356536	3.9994267	MS	G		serenelli17	3.79519909793985	1.52147109910977	0.967351874244256	8.33171342847963	A
618	KIC5513648	1.08	0.07	0.07	1.47	0.06	0.06	5904	85	85				-0.052	0.0721110255092798	0.0721110255092798				0.08116768171011841	0.011245375231512197	0.011245375231512197	3.9240442	MS	G	p	huber13	6.48148148148148	4.08163265306122	1.43970189701897	100.0	A
619	KIC5514383	1.18	0.05	0.05	1.19	0.02	0.02	6184	81	81	1.789	0.15956963222112	0.15956963222112	0.097	0.0721110255092798	0.0721110255092798				0.1671677564388018	0.011009814160775915	0.011009814160775915	3.7405042	MS	F	p	huber13	4.23728813559322	1.68067226890756	1.3098318240621	8.91948754729572	A
620	KIC5516982	1.263	0.0452769256906871	0.0444184646290256	1.472	0.0194164878389476	0.0194164878389476	6444	50	50	3.568	0.306744935856814	0.306744935856814	-0.065	0.1	0.1	4.203	0.0072111025509279	0.0072111025509279	0.09453471325964882	0.005047698245600377	0.005004784808830503	3.5700742	MS	F		serenelli17	3.55088639428791	1.31905488036329	0.775915580384854	8.59711143096453	A
621	KIC5523099	1.202	0.0657647321898295	0.0702139587261678	2.294	0.0700927956355002	0.068154236845555	5488	62	62	4.673	0.439094816717763	0.439094816717763	-0.112	0.1	0.1	3.795	0.0133416640641263	0.0133416640641263	0.023770352257378998	0.002537519126844374	0.002533106316368406	4.1967322	PMS	G		serenelli17	5.65635153560721	3.01323087360626	1.12973760932945	9.39642235646829	A
622	KIC5530375	1.404	0.0643506021727847	0.0618546683767685	2.753	0.0657419196555744	0.0648459713474939	6210	55	55	8.503	1.20824327316213	1.20824327316213	-0.226	0.1	0.1	3.706	0.012369316876853	0.012369316876853	0.016064228179396896	0.0013662214797662824	0.0013377105205298998	3.7234612	MS	F		serenelli17	4.49448969193565	2.37173794048435	0.885668276972625	14.2096115860535	A
623	KIC5543462	1.033	0.0612943716828878	0.058821764679411	1.298	0.057974132162543	0.053160135440008	6246	54	54	2.252	0.188741772329695	0.188741772329695	-0.372	0.102	0.102	4.224	0.0292745623366089	0.0302654919008431	0.11276845615865824	0.016525412418801955	0.015271107577101935	3.6998632	MS	F		serenelli17	5.81394658094379	4.28098103245574	0.864553314121038	8.38107337165607	A
624	KIC5561278	1.29	0.09	0.09	1.95	0.06	0.06	6081	75	75	4.338	0.391463030997071	0.391463030997071	0.013	0.0721110255092798	0.0721110255092798				0.0415333791713033	0.00480571996111475	0.00480571996111475	3.8080207	MS	F	p	huber13	6.97674418604651	3.07692307692308	1.23334977799704	9.02404405249127	A
625	KIC5596656	1.14	0.13	0.12	3.67	0.17	0.17	5094	84	84	9.826	0.958140948811992	0.958140948811992	-0.46	0.09	0.09	3.362	0.01	0.01	0.005505769799874646	0.0009897401116188398	0.000959829334643029	4.4549992	PMS	K		C14bruntt	10.9649122807018	4.63215258855586	1.6489988221437	9.75107824966407	A
626	KIC5603483	1.24	0.11	0.11	3.59	0.12	0.13	4876	79	79	6.645	0.68354427576958	0.68354427576958	0.28	0.1	0.15	3.42	0.01	0.012	0.006398080943337559	0.0008566071039004056	0.0008973520370038233	4.5978982	PMS	K		C14sdss	8.87096774193548	3.48189415041783	1.62018047579984	10.2865955721532	A
627	KIC5607242	1.291	0.0334215499341368	0.0581377674149945	2.449	0.0360555127546399	0.0495176736125598	5689	67	67	5.901	0.527470378917436	0.527470378917436	-0.185	0.102	0.102	3.77	0.0058309518948453	0.0058309518948453	0.02098317861986573	0.0010742432969769054	0.0015852307111173106	4.0649767	PMS	G		serenelli17	3.54606186479982	1.74710466245814	1.17771137282475	8.93866088658593	A
628	KIC5629080	1.242	0.099040395798886	0.0931718841711382	3.075	0.0926498785752038	0.0907083237635885	5203	94	94	6.849	0.650111776016596	0.650111776016596	-0.301	0.102	0.102	3.555	0.0092195444572928	0.0101980390271856	0.010197591861606908	0.0012291913510965185	0.0011830600812572465	4.3835497	PMS	G		serenelli17	7.73801449154687	2.98143418437061	1.80665000960984	9.4920685649963	A
629	KIC5636956	1.464	0.0724223722339996	0.127137720602503	2.055	0.0554616984954482	0.064621977685614	6369	60	60	7.338	0.637729562098162	0.637729562098162	0.094	0.1	0.1	3.975	0.0121655250605964	0.0131529464379659	0.04027327881668777	0.003821222398713724	0.0051640076318961725	3.6192367	MS	F		serenelli17	6.81557694113737	2.92174394601125	0.942063118228921	8.69078171297577	A
630	KIC5652983	1.55	0.15	0.15	3.21	0.11	0.11	5198	95	95	6.224	0.693240381006964	0.693240381006964	0.138	0.0721110255092798	0.0721110255092798				0.011187369740057098	0.0015795145066134658	0.0015795145066134658	4.3868272	PMS	K	p	huber13	9.67741935483871	3.42679127725857	1.82762601000385	11.1381809287751	A
631	KIC5683538	1.22	0.0586003412959345	0.0610327780786685	2.302	0.101651364968701	0.093962758580195	6366	73	73	6.302	0.483941955862439	0.483941955862439	-0.557	0.102	0.102	3.798	0.027459060435492	0.0294278779391243	0.023875653280513616	0.0033643849655898804	0.0031582337487836994	3.6212032	MS	F		serenelli17	4.90299669568045	4.24878634988913	1.14671693371034	7.67918051193968	A
632	KIC5686856	1.14	0.14	0.11	1.78	0.09	0.08	6125	55	55	2.777	0.0705307105203809	0.0705307105203809	0.0	0.2	0.15	3.996	0.012	0.012	0.048256546154359446	0.00941806855412099	0.00800099936657241	3.7791787	MS	F		C14sdss	10.9649122807018	4.7752808988764	0.897959183673469	2.53981672741739	A
633	KIC5689219	1.283	0.0623698645180507	0.0834865258589672	1.719	0.0472016948848238	0.0488262224629348	6574	54	54				-0.307	0.1	0.1	4.074	0.0161245154965971	0.017	0.060299042647364264	0.005767644741791377	0.006465027169952605	3.4848592	MS	F		serenelli17	5.68419292194146	2.79313313984173	0.821417706114998	100.0	A
634	KIC5689820	1.15	0.11	0.11	2.34	0.09	0.1	5114	80	80	3.406	0.331252082841002	0.331252082841002	0.21	0.15	0.15	3.762	0.011	0.012	0.021427014268858915	0.0032114046595247137	0.0034273775745620482	4.4418892	PMS	K		C14sdss	9.56521739130435	4.05982905982906	1.56433320297223	9.72554559133888	A
635	KIC5723165	1.316	0.093637599285757	0.0889550448260244	2.727	0.0797119815335185	0.0768960337078578	5290	91	91	5.587	0.537641971757728	0.537641971757728	-0.12	0.1	0.1	3.685	0.0072801098892805	0.0072801098892805	0.015492156165433302	0.0017494928129317673	0.001677539982226859	4.3265212	PMS	G		serenelli17	6.9374104905692	2.87143408950085	1.72022684310019	9.62308880898028	A
636	KIC5773155	1.429	0.0778331548891602	0.0792085853932514	1.896	0.0521536192416212	0.0521536192416212	6317	55	55	5.469	0.458863499927987	0.458863499927987	0.138	0.1	0.1	4.036	0.0131529464379659	0.0131529464379659	0.050052828023461046	0.004949018992709711	0.004975719987427764	3.6533227	MS	F		serenelli17	5.49481246614456	2.7507183144315	0.870666455596011	8.39026330093228	A
637	KIC5773345	1.508	0.0448218696620299	0.0472016948848238	2.024	0.0183847763108502	0.0198494332412792	6214	61	61	5.275	0.432457782163645	0.432457782163645	0.255	0.1	0.1	4.003	0.0063245553203367	0.0063245553203367	0.04341913905684224	0.0017508262442555173	0.0018651765940276334	3.7208392	MS	F		serenelli17	3.05117919585059	0.944520986959719	0.981654328934664	8.19825179457146	A
638	KIC5774694	1.06	0.05	0.06	1.0	0.03	0.03	5875	84	84	0.953	0.0616863833418763	0.0616863833418763	0.07	0.09	0.09	4.463	0.017	0.019	0.2530563595161136	0.02571355353385799	0.02690500543982991	3.9430537	MS	G		C14bruntt	5.18867924528302	3.0	1.42978723404255	6.4728628900185	A
639	KIC5780885	1.32	0.09	0.09	1.96	0.07	0.07	6027	75	75	4.679	0.449296838198533	0.449296838198533	0.193	0.0721110255092798	0.0721110255092798				0.041852085881779806	0.005315108161232079	0.005315108161232079	3.8434177	MS	F	p	huber13	6.81818181818182	3.57142857142857	1.24440019910403	9.60241158791479	A
640	KIC5822889	1.671	0.148499158246773	0.128996123972777	4.26	0.143265487818944	0.124354332453679	5220	68	68	15.12	1.55894911264093	1.55894911264093	-0.11	0.101	0.101	3.401	0.010295630140987	0.010295630140987	0.005160110992571344	0.0006937736325817274	0.00060239702958237	4.3724062	PMS	G		serenelli17	8.30326996467832	3.14107770273031	1.30268199233716	10.310510004239	A
641	KIC5866724	1.199	0.029	0.03	1.399	0.012	0.012	6169	50	50	2.577	0.103	0.095	0.131	0.0721110255092798	0.0721110255092798	4.224	0.005	0.007	0.10453878069348081	0.0036918214665436163	0.003752073026709213	3.7503367	MS	F	p	silva15	2.4603836530442	0.857755539671194	0.810504133571081	3.84167636786962	A
642	KIC5892169	1.557	0.0888875694346516	0.104292856898256	3.188	0.0813203541556479	0.0948314293892062	5295	79	79	7.103	0.671893670373448	0.671893670373448	-0.003	0.1	0.1	3.622	0.0082462112512353	0.0082462112512353	0.011472156558209235	0.0010952875084540748	0.0012800772625193332	4.3232437	PMS	G		serenelli17	6.20361035108886	2.76273186237224	1.49197355996223	9.45929424712725	A
643	KIC5939450	1.53	0.1	0.09	2.88	0.07	0.06	6282	84	84	11.37	0.90844011539364	0.90844011539364	-0.18	0.09	0.09	3.701	0.017	0.013	0.01529062925303266	0.0014972877050744768	0.0013123651989896353	3.6762652	MS	F		C14bruntt	6.20915032679739	2.25694444444444	1.33715377268386	7.98979872817625	A
644	KIC5950854	0.956	0.0492036584005702	0.0476340214552582	1.233	0.0214009345590327	0.0206155281280883	5913	61	61	1.875	0.157345852339323	0.157345852339323	-0.238	0.1	0.1	4.236	0.0086023252670426	0.0086023252670426	0.12175310712897663	0.00891404760571324	0.00860807157005571	3.9181447	MS	G		serenelli17	5.06473221003287	1.70383060369509	1.03162523253847	8.39177879143054	A
645	KIC5955122	1.211	0.0434165866921848	0.0505667875190821	2.085	0.0370135110466435	0.0410487515035476	5930	55	55	4.782	0.394463274426921	0.394463274426921	-0.246	0.101	0.101	3.882	0.0063245553203367	0.0063245553203367	0.03189608323018687	0.0020477302944889413	0.00230712872737384	3.9070012	PMS	G		serenelli17	3.88040355950731	1.87199670384151	0.927487352445194	8.24891832762278	A
646	KIC5961597	1.465	0.0685930025585701	0.0776208734813001	1.923	0.0449444101084885	0.0449444101084885	6492	53	53	6.678	0.526709025362363	0.526709025362363	0.051	0.1	0.1	4.035	0.0126491106406735	0.0136014705087354	0.04918256365015269	0.004146672482415657	0.004322338720060222	3.5386102	MS	F		serenelli17	4.99023467712867	2.33720281375395	0.816389402341343	7.88722709437501	A
647	KIC6034893	1.811	0.165517370689605	0.20137527157027	4.169	0.202871880752361	0.225488358901297	5381	79	79	12.9	1.2298643645133	1.2298643645133	-0.144	0.101	0.101	3.454	0.0131529464379659	0.014142135623731	0.005966699356378548	0.0010276773580585514	0.0011736820403590907	4.2668707	PMS	G		serenelli17	10.1295594218629	5.13744590613645	1.46812860063185	9.53383228304883	A
648	KIC6035199	1.156	0.176663521984591	0.158028478446133	3.367	0.225204351645345	0.210667985227941	5271	69	69	6.838	0.705242879803216	0.705242879803216	-0.46	0.1	0.1	3.446	0.014560219778561	0.014560219778561	0.00723002627548478	0.001823604805070266	0.0016788763747017305	4.3389757	PMS	G		serenelli17	14.4762975964846	6.47271067527897	1.30904951622083	10.3135840860371	A
649	KIC6047087	1.096	0.0615873363606513	0.0607453701939498	1.315	0.0277308492477241	0.0268328157299975	6189	61	61	2.129	0.176385379791107	0.176385379791107	-0.188	0.1	0.1	4.239	0.0116619037896906	0.0116619037896906	0.11506538273423814	0.009736465674451068	0.00950194200437	3.7372267	MS	F		serenelli17	5.58087164938873	2.07466406759398	0.985619647762159	8.2848933673606	A
650	KIC6049366	1.212	0.0672681202353686	0.0657951365983839	1.822	0.0866487160897379	0.0800562302385017	6220	62	62	4.637	0.392941597752257	0.392941597752257	-0.143	0.099	0.099	3.998	0.0294278779391243	0.0304138126514911	0.04783754597487135	0.007323269536748199	0.006819571292932484	3.7169062	MS	F		serenelli17	5.48940828522081	4.57477898815147	0.996784565916399	8.47404782730767	A
651	KIC6064910	1.4	0.15	0.13	2.37	0.1	0.09	6508	75	75	8.907	0.76773077848419	0.76773077848419	-0.26	0.2	0.15	3.836	0.015	0.015	0.025106974896582826	0.004163722508967513	0.0036900538755920615	3.5281222	MS	F		C14sdss	10.0	4.0084388185654	1.15242778119238	8.61940921167835	A
652	KIC6106120	1.36	0.14	0.16	2.74	0.11	0.13	5329	58	58	6.953	0.631647514765045	0.631647514765045	-0.04	0.15	0.2	3.692	0.015	0.017	0.01578332904444987	0.0025006585290162932	0.00291459164700813	4.3009567	PMS	G		C14sdss	11.0294117647059	4.37956204379562	1.08838431225371	9.08453206910751	A
653	KIC6106415	1.0681	0.0513	0.0399	1.2186	0.018	0.018	6037	77	77	1.765	0.121	0.112	-0.04	0.1	0.1	4.2955	0.0088	0.0088	0.14090934118961349	0.009208250267037426	0.00816682340970553	3.8368627	MS	F		silva17	4.26926317760509	1.47710487444609	1.27546794765612	6.60056657223796	A
654	KIC6116048	1.059	0.0382753184180093	0.0399624824053762	1.239	0.0164012194668567	0.0164012194668567	6072	49	49	1.657	0.121907720037962	0.121907720037962	-0.253	0.099	0.099	4.276	0.0064031242374328	0.0064031242374328	0.1329209485035988	0.007137474645862177	0.007281695679030439	3.8139202	MS	F		serenelli17	3.69394715880007	1.32374652678424	0.806982872200264	7.3571345828583	A
655	KIC6119013	1.57	0.19	0.23	3.51	0.21	0.26	5447	73	73	8.699	0.822037204862387	0.822037204862387	-0.32	0.1	0.15	3.543	0.011	0.011	0.008667417044021516	0.0018762760325029065	0.002306966732594838	4.2236077	PMS	G		C14sdss	13.3757961783439	6.6951566951567	1.34018725904167	9.449789686888	A
656	KIC6129877	1.115	0.0676756972627545	0.070178344238091	1.328	0.0384837628097877	0.0384837628097877	6064	72	72	2.353	0.200690221794277	0.200690221794277	-0.048	0.1	0.1	4.238	0.0158113883008419	0.0167630546142402	0.11365591246906273	0.012050674318611496	0.01219850222657535	3.8191642	MS	F		serenelli17	6.18179558299756	2.8978737055563	1.18733509234828	8.52912119822683	A
657	KIC6145937	1.065	0.0711688133946324	0.0702281994643178	2.278	0.0760591874792257	0.0760591874792257	5391	58	58	6.04	0.555170770025493	0.555170770025493	-0.313	0.101	0.101	3.751	0.0092195444572928	0.0101980390271856	0.02150799066165733	0.0025897961098746937	0.0025793022004381434	4.2603157	PMS	G		serenelli17	6.63835741121832	3.33885809829788	1.07586718605083	9.19156904015717	A
658	KIC6196457	1.209	0.019	0.03	1.716	0.012	0.012	5871	94	94	3.316	0.185	0.164	0.19	0.0721110255092798	0.0721110255092798	4.049	0.004	0.005	0.057119689901215305	0.0014972499568880388	0.0018560372797499767	3.9456757	MS	G	p	silva15	2.02646815550041	0.699300699300699	1.60109010390053	5.26236429433052	A
659	KIC6225718	1.1593	0.0304	0.0304	1.2336	0.012	0.015	6313	76	76	2.137	0.094	0.09	-0.07	0.1	0.1	4.3186	0.0066	0.0055	0.1474294157408831	0.005784179502750574	0.006623370944420395	3.6559447	MS	F		silva17	2.6222720607263	1.0943579766537	1.20386504039284	4.30510060832943	A
660	KIC6232600	1.132	0.0590762219509677	0.0590762219509677	1.312	0.0246981780704569	0.0246981780704569	6435	70	70	2.61	0.199951274588325	0.199951274588325	-0.294	0.1	0.1	4.255	0.010295630140987	0.010295630140987	0.11966201520317554	0.009201457229443665	0.009201457229443665	3.5759737	MS	F		serenelli17	5.21874752217029	1.88248308463849	1.08780108780109	7.6609683750316	A
661	KIC6268648	1.01	0.08	0.08	1.33	0.04	0.04	6044	117	117				-0.24	0.11	0.11				0.10248913826664352	0.012304907189070747	0.012304907189070747	3.8322742	MS	F	p	huber13	7.92079207920792	3.00751879699248	1.93580410324289	100.0	A
662	KIC6278762	0.739	0.009	0.011	0.748	0.006	0.003	5046	74	74	0.341	0.02	0.016	-0.482	0.0721110255092798	0.0721110255092798	4.56	0.003	0.002	0.4215518848812835	0.011369427917394826	0.008068438144349599	4.4864632	MS	K	p	silva15	1.3531799729364	0.601604278074866	1.46650812524772	5.27859237536657	A
663	KIC6287060	1.157	0.0798811617341661	0.0782368199762746	1.488	0.0470106370941726	0.0452769256906871	6020	53	53	3.112	0.271405410100712	0.271405410100712	-0.016	0.1	0.1	4.155	0.017464249196573	0.0183847763108502	0.08383704377717924	0.009830729659103655	0.009524018011519494	3.8480062	MS	F		serenelli17	6.8331020618168	3.10106057744824	0.880398671096345	8.72125353794062	A
664	KIC6290627	1.257	0.103580886267689	0.0987623410010111	3.564	0.109110036201992	0.109110036201992	5247	69	69	8.033	0.772120955635893	0.772120955635893	-0.309	0.105	0.105	3.433	0.0101980390271856	0.0101980390271856	0.006628779643797671	0.0008179365542219707	0.0008011901960026651	4.3547077	PMS	G		serenelli17	8.04865661371124	3.06144882721639	1.31503716409377	9.61186301053022	A
665	KIC6308642	1.189	0.0528393792544916	0.0644748012792595	2.303	0.0441021541423999	0.0492442890089805	5610	56	56	5.766	0.515821436010661	0.515821436010661	-0.259	0.101	0.101	3.787	0.0086023252670426	0.0094339811320566	0.02323867870157162	0.0016878686372937095	0.001951970748102366	4.1167612	PMS	G		serenelli17	4.93331289040164	2.02662707666914	0.998217468805704	8.94591460302915	A
666	KIC6313425	1.426	0.0474341649025257	0.0621691241694782	2.671	0.0482597140480546	0.0499299509312797	5763	85	85	7.254	0.667054601208631	0.667054601208631	-0.078	0.103	0.103	3.737	0.0072111025509279	0.0072111025509279	0.01786525634340507	0.0011361746607085118	0.0012690193433368083	4.0164697	PMS	G		serenelli17	3.84303257615722	1.83806935565957	1.47492625368732	9.19567964169604	A
667	KIC6363365	1.12	0.13	0.11	1.41	0.06	0.05	6282	76	76	4.057	0.854109437523083	0.854109437523083	-0.58	0.15	0.1	4.188	0.016	0.016	0.09538324106247215	0.016457283964445634	0.01381028913229734	3.6762652	MS	F		C14sdss	10.7142857142857	3.90070921985816	1.20980579433301	21.0527344718532	A
668	KIC6370489	1.211	0.0581377674149945	0.0615223536610881	2.002	0.034828149534536	0.0374833296279826	6302	80	80	5.209	0.448219506848109	0.448219506848109	-0.452	0.1	0.1	3.918	0.0086023252670426	0.0086023252670426	0.036029921375881804	0.0025549696099889173	0.002728746289968325	3.6631552	MS	F		serenelli17	4.94055000314131	1.8059809980649	1.26943827356395	8.60471312820329	A
669	KIC6421967	1.24	0.1	0.11	1.27	0.04	0.05	6464	73	73	2.237	0.18956809924424	0.18956809924424	-0.12	0.15	0.15	4.321	0.015	0.017	0.1445179901175343	0.017952636378829212	0.021347334781111758	3.5569642	MS	F		C14sdss	8.46774193548387	3.54330708661417	1.12933168316832	8.47421096308626	A
670	KIC6430804	1.12	0.11	0.11	3.18	0.13	0.13	5076	67	67	6.632	0.643277737965113	0.643277737965113	0.06	0.1	0.1	3.481	0.009	0.009	0.008314728128613757	0.0013064177927302391	0.0013064177927302391	4.4667982	PMS	K		C14sdss	9.82142857142857	4.08805031446541	1.31993695823483	9.69960401033041	A
671	KIC6442183	1.08	0.05	0.05	1.71	0.03	0.03	5760	84	84	2.577	0.220611380297771	0.220611380297771	-0.11	0.09	0.09	4.006	0.009	0.008	0.05156402555989548	0.0036144249241678267	0.0036144249241678267	4.0184362	MS	G		C14bruntt	4.62962962962963	1.75438596491228	1.45833333333333	8.560783092657	A
672	KIC6448798	1.4	0.22	0.12	2.4	0.14	0.1	6349	67	67	9.553	0.859532225356941	0.859532225356941	-0.16	0.15	0.15	3.829	0.017	0.017	0.02417718319538341	0.005686465138145967	0.003664413937572936	3.6323467	MS	F		C14sdss	12.1428571428571	5.0	1.05528429673964	8.99751099504806	A
673	KIC6448890	1.32	0.13	0.13	4.23	0.15	0.15	4840	97	97	8.419	0.995923499642868	0.995923499642868	0.401	0.0721110255092798	0.0721110255092798				0.004163554173361877	0.0006035947944686929	0.0006035947944686929	4.6214962	PMS	K	p	huber13	9.84848484848485	3.54609929078014	2.00413223140496	11.8294749927885	A
674	KIC6450651	1.1	0.18	0.12	1.72	0.11	0.09	5995	69	69	3.177	0.273070117588635	0.273070117588635	-0.12	0.15	0.15	4.01	0.02	0.021	0.05160820275683811	0.01301379374069909	0.00986547520721671	3.8643937	MS	G		C14sdss	13.6363636363636	5.81395348837209	1.15095913261051	8.59521931346033	A
675	KIC6470149	1.78	0.19	0.19	7.06	0.26	0.26	5015	97	97	22.41	2.87327538347869	2.87327538347869	0.013	0.0721110255092798	0.0721110255092798				0.0012075838322992752	0.0001855123296399187	0.0001855123296399187	4.5067837	PMS	K	p	huber13	10.6741573033708	3.68271954674221	1.93419740777667	12.8213984090972	A
676	KIC6505044	1.33	0.06	0.11	3.83	0.09	0.14	4996	81	81	8.369	0.841100227148035	0.841100227148035	0.14	0.1	0.15	3.395	0.009	0.009	0.005651538750706811	0.0004730058013422817	0.000776255889778052	4.5192382	PMS	K		C14sdss	6.39097744360902	3.00261096605744	1.6212970376301	10.0501879214725	A
677	KIC6508366	1.544	0.0532634959423431	0.0623698645180507	2.173	0.0280178514522438	0.0325269119345812	6499	46	46	6.936	0.569259634721573	0.569259634721573	-0.03	0.099	0.099	3.952	0.0064031242374328	0.0064031242374328	0.03592357152450428	0.0018618876535522013	0.002169826530602218	3.5340217	MS	F		serenelli17	3.74460364185213	1.39311466605672	0.707801200184644	8.20731883969973	A
678	KIC6520835	1.328	0.0587962583843564	0.0574891294072192	2.144	0.034828149534536	0.0340587727318528	6146	50	50	7.205	0.572534041791144	0.572534041791144	0.032	0.1	0.1	3.898	0.0106301458127346	0.0106301458127346	0.03216881941028449	0.002118056946160743	0.0020711327920892365	3.7654132	MS	F		serenelli17	4.37821490179125	1.60650471703332	0.813537260006508	7.94634339751761	A
679	KIC6521045	1.108	0.021	0.019	1.513	0.009	0.012	5825	75	75	2.478	0.112	0.112	0.102	0.0721110255092798	0.0721110255092798	4.125	0.004	0.004	0.07637203572195542	0.001988131441790955	0.002239926458961743	3.9758287	MS	G	p	silva15	1.80505415162455	0.69398545935228	1.28755364806867	4.51977401129944	A
680	KIC6528464	0.97	0.05	0.05	1.47	0.03	0.03	5588	99	99				-0.132	0.0721110255092798	0.0721110255092798				0.07290060301742117	0.005834539385203705	0.005834539385203705	4.1311822	PMS	G	p	huber13	5.15463917525773	2.04081632653061	1.77165354330709	100.0	A
681	KIC6529109	1.19	0.0524309069156733	0.0566038867923396	1.828	0.0310644491340181	0.0327566787083184	5806	90	90	3.483	0.301768721633351	0.301768721633351	0.072	0.099	0.099	3.989	0.01	0.01	0.04650822639694457	0.0031338103926609037	0.003338402762364278	3.9882832	MS	G		serenelli17	4.58129385327786	1.74565448146435	1.55012056493283	8.66404598430524	A
682	KIC6530901	1.3	0.0502493781056045	0.0530377224247045	1.559	0.02343074902772	0.0242074368738204	6374	53	53	3.626	0.303046763941749	0.303046763941749	0.018	0.1	0.1	4.165	0.01	0.01	0.08190612831998921	0.004864295781663593	0.005071859930076638	3.6159592	MS	F		serenelli17	3.97258078962727	1.52784432012637	0.831502980859743	8.35760518317012	A
683	KIC6531928	0.957	0.0756108457828637	0.0728010988928052	2.602	0.0828733974204026	0.0819328993750374	5333	64	64	4.773	0.454074366658957	0.454074366658957	-0.719	0.103	0.103	3.588	0.0094868329805051	0.0094868329805051	0.012968849541372398	0.0016079297880250824	0.0015729601145099356	4.2983347	PMS	G		serenelli17	7.75402009799733	3.16691577239508	1.20007500468779	9.51339548835024	A
684	KIC6587236	1.45	0.16	0.16	3.0	0.17	0.16	6067	60	60	12.52	1.13685734603614	1.13685734603614	-0.3	0.15	0.15	3.643	0.02	0.021	0.012820814860180458	0.002598421498518392	0.0024918592285323397	3.8171977	PMS	F		C14sdss	11.0344827586207	5.5	0.988956650733476	9.08033023990524	A
685	KIC6592305	1.362	0.0565862174031804	0.0537587202228624	2.248	0.0410487515035476	0.0394081209904761	6132	55	55	6.92	0.596243013590098	0.596243013590098	0.06	0.1	0.1	3.868	0.010295630140987	0.010295630140987	0.028621973651321873	0.0019678502382085264	0.001882037483979749	3.7745902	MS	F		serenelli17	4.05084205675635	1.78952118536529	0.896934116112198	8.61622852008812	A
686	KIC6593461	0.94	0.2	0.11	1.29	0.08	0.06	5817	101	101	2.059	0.178590730236283	0.178590730236283	0.24	0.15	0.15	4.193	0.026	0.023	0.1045370194562754	0.029545841560124658	0.019037211025994965	3.9810727	MS	G		C14sdss	16.4893617021277	5.42635658914729	1.73629018394361	8.67366344032456	A
687	KIC6593620	0.985	0.0560802995712398	0.0543783044972901	1.581	0.0434626276242015	0.0416293165929973	5791	60	60	2.585	0.222583044657376	0.222583044657376	-0.26	0.1	0.1	4.033	0.0152315462117278	0.0152315462117278	0.05950480158415132	0.0059632927739837254	0.00573462143568118	3.9981157	MS	G		serenelli17	5.60703573951928	2.69107982976593	1.03609048523571	8.61056265599132	A
688	KIC6603624	1.007	0.0393954312071844	0.0393954312071844	1.15	0.0156524758424985	0.0156524758424985	5612	66	66	1.237	0.107553688677933	0.107553688677933	0.2	0.1	0.1	4.319	0.0063245553203367	0.0063245553203367	0.15806923089689023	0.008938664511077346	0.008938664511077346	4.1154502	MS	G		serenelli17	3.91215801461613	1.36108485586944	1.17605131860299	8.69472018414976	A
689	KIC6605673	1.135	0.0895377015563835	0.0605392434706612	1.65	0.039	0.032649655434629	6222	60	60	3.612	0.307113151273186	0.307113151273186	-0.258	0.1	0.1	4.058	0.0143178210632764	0.0116619037896906	0.060319178699157275	0.006398210534016514	0.004813820739027832	3.7155952	MS	F		serenelli17	6.61131916418699	2.17120167983724	0.964320154291225	8.50257893890327	A
690	KIC6612225	1.186	0.065	0.0681175454637056	1.783	0.0490407993409569	0.0498196748283246	6374	54	54	5.549	0.478999685729615	0.478999685729615	-0.337	0.1	0.1	4.009	0.0111803398874989	0.0111803398874989	0.04995075422666413	0.004947964404621853	0.0050756664880662284	3.6159592	MS	F		serenelli17	5.61203817300614	2.77230718365904	0.847191716347662	8.63218031590583	A
691	KIC6671492	1.413	0.0651152823843988	0.0666033032213869	2.445	0.0496487663492256	0.0470106370941726	6103	103	103	8.403	0.739168990260694	0.739168990260694	0.067	0.1	0.1	3.81	0.0125299640861417	0.0125299640861417	0.023078998671986678	0.0017628993987893937	0.0017191913616755679	3.7935997	MS	F		serenelli17	4.66095490466333	1.97667491704291	1.68769457643782	8.79648923313928	A
692	KIC6679371	1.5279	0.0399	0.019	2.2143	0.024	0.024	6479	77	77	7.741	0.257	0.266	0.01	0.1	0.1	3.9336	0.0077	0.0066	0.0335967247611615	0.001401124544711209	0.001169592372395235	3.5471317	MS	F		silva17	1.92748216506316	1.08386397507113	1.18845500848896	3.37811652241313	A
693	KIC6688822	1.263	0.0442831796509691	0.0488466989672793	2.204	0.0402492235949962	0.0420475920832573	5563	61	61	6.434	0.623788808095426	0.623788808095426	0.147	0.1	0.1	3.852	0.010295630140987	0.010295630140987	0.028163068449435363	0.0018318575066099986	0.0019453826192579887	4.1475697	PMS	G		serenelli17	3.68685188512464	1.86698765150303	1.09653064893043	9.69519440620805	A
694	KIC6689943	1.178	0.0640312423743285	0.0746257328272225	1.479	0.0382753184180093	0.0391152144312159	6011	54	54	3.222	0.274607079184668	0.274607079184668	-0.002	0.1	0.1	4.168	0.0120830459735946	0.013	0.08692649310880918	0.00823839127428869	0.008825581573851491	3.8539057	MS	F		serenelli17	5.88527059429334	2.6163128076141	0.898353019464315	8.52287644893444	A
695	KIC6693861	1.149	0.053	0.0504777178564959	2.121	0.0403112887414927	0.0388973006775534	5937	80	80	4.675	0.414114387013456	0.414114387013456	-0.402	0.102	0.102	3.844	0.0072111025509279	0.0072111025509279	0.02874811767137453	0.0021083737220583703	0.0020240233203479667	3.9024127	PMS	G		serenelli17	4.50294681707989	1.8672463323679	1.34748189321206	8.85806175429853	A
696	KIC6766513	1.271	0.0523450093132096	0.0537401153701776	2.054	0.0339705755029261	0.0339705755029261	6594	77	77	6.876	0.643260766853105	0.643260766853105	-0.397	0.102	0.102	3.916	0.0080622577482985	0.0080622577482985	0.035015120355925015	0.002257837592031921	0.0022825768327547017	3.4717492	MS	F		serenelli17	4.17329365394914	1.6538741724891	1.16772823779193	9.35515949466411	A
697	KIC6802438	1.231	0.0756439025963098	0.0830060238777885	2.665	0.0595063021872474	0.065	5313	59	59	6.116	0.584509277680401	0.584509277680401	-0.298	0.1	0.1	3.676	0.0089442719099991	0.0098488578017961	0.015526651438767919	0.0014114044958252062	0.001544939061539998	4.3114447	PMS	G		serenelli17	6.44394502331837	2.33595313672134	1.11048371917937	9.55705162982997	A
698	KIC6806100	1.257	0.0841486779456457	0.0884590300647707	2.222	0.10252804494381	0.0950789145920377	5286	83	83	6.069	0.692748476209255	0.692748476209255	0.237	0.1	0.1	3.842	0.0224722050542442	0.0234093998214393	0.027353600803489295	0.004206007176006628	0.004004390927945426	4.3291432	PMS	G		serenelli17	6.86585950717647	4.44660124968155	1.57018539538403	11.4145407185575	A
699	KIC6837853	1.146	0.0757429864739964	0.0779871784333809	1.376	0.051	0.0492442890089805	5886	57	57	2.122	0.177657336346075	0.177657336346075	0.154	0.1	0.1	4.218	0.0206155281280883	0.0215870331449229	0.10501242961529914	0.013583576601759536	0.01334858531962039	3.9358432	MS	G		serenelli17	6.70724977780879	3.64259771108214	0.968399592252803	8.37216476654454	A
700	KIC6848299	0.897	0.0596824932455071	0.0588302643203309	1.737	0.0595063021872474	0.0586003412959344	5437	60	60	2.884	0.261056342355572	0.261056342355572	-0.368	0.101	0.101	3.911	0.012369316876853	0.012369316876853	0.04086056602079828	0.005002632621466345	0.004927866477062451	4.2301627	PMS	G		serenelli17	6.6060622946398	3.39973067021249	1.10354975170131	9.05188427030415	A
701	KIC6853020	1.515	0.0980815986819138	0.134525090596513	2.092	0.0708307842678591	0.0708307842678591	6437	56	56	7.406	0.598470001515005	0.598470001515005	0.125	0.1	0.1	3.973	0.0186815416922694	0.0196468827043885	0.039503809924252696	0.004758289822598023	0.005329628127722533	3.5746627	MS	F		serenelli17	7.67678842503059	3.38579274702959	0.869970483144322	8.08088038772624	A
702	KIC6863041	1.333	0.0601414998150196	0.0608769250208977	2.379	0.0449444101084885	0.0449444101084885	5570	68	68				0.14	0.1	0.1	3.809	0.0106301458127346	0.0106301458127346	0.023635141897163234	0.0017121695555728604	0.0017203210414343715	4.1429812	PMS	G		serenelli17	4.5393257627876	1.8892143803484	1.22082585278276	100.0	A
703	KIC6933899	1.126	0.0360555127546399	0.0377359245282264	1.591	0.0220227155455452	0.0226715680975093	5841	56	56	3.008	0.275374420546736	0.275374420546736	-0.045	0.1	0.1	4.085	0.0070710678118654	0.0070710678118654	0.06674815138776273	0.0035001499646792416	0.0036257651122127556	3.9653407	MS	G		serenelli17	3.27670680652159	1.4045972232261	0.958739941790789	9.15473472562286	A
704	KIC6947945	1.176	0.0657951365983839	0.0630713881248859	2.258	0.0626258732474047	0.0626258732474047	5572	74	74	4.524	0.418723434260531	0.418723434260531	-0.144	0.103	0.103	3.802	0.0092195444572928	0.0092195444572928	0.024386355448949296	0.0024451297595290632	0.0024140683134966988	4.1416702	PMS	G		serenelli17	5.47901890830229	2.77351077269286	1.32806891600861	9.25560199514879	A
705	KIC7019341	0.98	0.2	0.12	1.39	0.1	0.08	5723	77	77	2.351	0.220003794667945	0.220003794667945	0.38	0.1	0.1	4.145	0.02	0.02	0.0871150250073023	0.025876352439985227	0.01843998412691127	4.0426897	MS	G		C14sdss	16.3265306122449	6.47482014388489	1.34544819150795	9.35788152564631	A
706	KIC7038145	1.471	0.0771038261048049	0.0667083203206317	2.459	0.0758946638440411	0.0627694193059009	6074	58	58	8.695	0.807294838872495	0.807294838872495	0.257	0.1	0.1	3.823	0.0167630546142402	0.0158113883008419	0.023618291434196	0.002512960407535791	0.0021020149839500383	3.8126092	MS	F		serenelli17	4.88824427006922	2.81952182086096	0.954889693776753	9.28458699105802	A
707	KIC7051180	1.26	0.09	0.09	2.44	0.07	0.07	5302	75	75	4.151	0.420782317497353	0.420782317497353	0.094	0.0721110255092798	0.0721110255092798				0.02070677463392326	0.002315951039925327	0.002315951039925327	4.3186552	PMS	G	p	huber13	7.14285714285714	2.86885245901639	1.41456054319125	10.1368903275681	A
708	KIC7103006	1.512	0.0424381903478459	0.0441021541423999	1.967	0.0178044938147649	0.0194164878389476	6421	51	51	5.368	0.425013971914842	0.425013971914842	0.071	0.099	0.099	4.03	0.0053851648071345	0.0063245553203367	0.04742966990390765	0.0018522924372323354	0.0019714592735321284	3.5851507	MS	F		serenelli17	2.86178387864569	0.946135781741547	0.794268805482012	7.91754791197545	A
709	KIC7106245	1.056	0.0458802789878178	0.0449221548904324	1.158	0.0183575597506858	0.0183575597506858	6074	54	54	1.575	0.133722995601902	0.133722995601902	-0.188	0.1	0.1	4.333	0.0080622577482985	0.0072111025509279	0.16234900479166683	0.010457932421066057	0.010359152022590296	3.8126092	MS	F		serenelli17	4.29935766468988	1.58528149833211	0.889035232136977	8.4903489271049	A
710	KIC7107778	1.408	0.100284595028349	0.104235310715707	2.929	0.0870976463516667	0.0929623579735368	5129	82	82	11.05	1.08309976097905	1.08309976097905	0.034	0.1	0.1	3.652	0.0092195444572928	0.0092195444572928	0.013376913859976332	0.0015270326972341198	0.0016133801357331456	4.4320567	PMS	K		serenelli17	7.262780743752	3.07374537939917	1.59875219341002	9.80180779166564	A
711	KIC7133688	1.418	0.0813203541556479	0.0966074531286277	1.932	0.0639531078212779	0.0621771662268393	6400	63	63	6.589	0.59660481336717	0.59660481336717	0.028	0.1	0.1	4.015	0.0196468827043885	0.0215870331449229	0.04694250436260538	0.005383173570721156	0.005547008100283015	3.5989162	MS	F		serenelli17	6.27390011580661	3.26424104679392	0.984375	9.05455779886432	A
712	KIC7174470	1.412	0.22155134844997	0.122674365700418	2.266	0.0962548700066651	0.080156097709407	6119	84	84	6.988	0.592399743671777	0.592399743671777	0.192	0.1	0.1	3.882	0.0228254244210267	0.021095023109729	0.02897119243418142	0.005856112202795054	0.003973343839104064	3.7831117	MS	F		serenelli17	12.1892958268551	3.89256327705366	1.37277332897532	8.47738614298479	A
713	KIC7174707	1.161	0.0530377224247045	0.0644049687524185	2.133	0.0408044115262063	0.0473814309619285	5381	69	69	3.695	0.342340919330916	0.342340919330916	-0.006	0.1	0.1	3.844	0.0072111025509279	0.0072111025509279	0.02856084445907571	0.0020950015595935997	0.00247645655177119	4.2668707	PMS	G		serenelli17	5.05782477076326	2.06717867998441	1.28228953726073	9.26497751910464	A
714	KIC7199397	1.33	0.07	0.07	2.53	0.06	0.06	5896	75	75	6.782	0.613938986147099	0.613938986147099	-0.043	0.0721110255092798	0.0721110255092798				0.019606562952352323	0.0017351388703224534	0.0017351388703224534	3.9292882	PMS	G	p	huber13	5.26315789473684	2.37154150197628	1.27204884667571	9.05247694112503	A
715	KIC7206837	1.355	0.0510881590977792	0.0495782210249622	1.573	0.0178044938147649	0.0178044938147649	6392	59	59	3.725	0.309186928457774	0.309186928457774	0.128	0.1	0.1	4.176	0.0067082039324993	0.0067082039324993	0.08311215018484677	0.004217144526012255	0.004148788048719179	3.6041602	MS	F		serenelli17	3.71462657279488	1.13188136139637	0.923028785982478	8.30032022705433	A
716	KIC7215603	1.27	0.08	0.08	1.51	0.04	0.04	6173	93	93	2.963	0.26572832566021	0.26572832566021	0.139	0.0721110255092798	0.0721110255092798				0.08806113319360649	0.008930076453027907	0.008930076453027907	3.7477147	MS	F	p	huber13	6.2992125984252	2.64900662251656	1.50656082941844	8.968218888296	A
717	KIC7216846	1.515	0.115870617500728	0.127769323391806	3.219	0.0956347217280419	0.105004761796787	5124	84	84	6.887	0.66826034278076	0.66826034278076	0.073	0.102	0.102	3.601	0.010770329614269	0.0117046999107196	0.01084329051174049	0.001273493511388451	0.0014008151159110153	4.4353342	PMS	K		serenelli17	8.0409221416678	3.11648778385879	1.63934426229508	9.70321392160244	A
718	KIC7264595	1.316	0.0858836422143355	0.0806225774829855	2.692	0.135723984615837	0.132853302555864	5778	59	59	8.618	0.773937538338362	0.773937538338362	-0.252	0.103	0.103	3.696	0.0251793566240283	0.0261725046566048	0.016104309681273424	0.002652881783030809	0.002580361994089809	4.0066372	PMS	G		serenelli17	6.32622415263378	4.98843401136147	1.02111457251644	8.98047735365934	A
719	KIC7277317	1.15	0.12	0.12	2.69	0.11	0.11	4883	75	75	3.419	0.371292514263364	0.371292514263364	0.246	0.0721110255092798	0.0721110255092798				0.014104327740138494	0.002271541811110766	0.002271541811110766	4.5933097	PMS	K	p	huber13	10.4347826086957	4.08921933085502	1.53594101986484	10.8596816105108	A
720	KIC7282890	1.596	0.0944139820153774	0.215615398336946	2.393	0.0750732975164938	0.10770329614269	6341	47	47	8.587	0.730976121479442	0.730976121479442	-0.014	0.099	0.099	3.877	0.0130384048104053	0.0156524758424985	0.027804569923658984	0.0030908568844800416	0.005310781467544526	3.6375907	MS	F		serenelli17	9.71269988572442	3.81898440574977	0.741208011354676	8.51259021170889	A
721	KIC7296438	1.159	0.0403608721412211	0.0550726792520575	1.393	0.02	0.0233452350598575	5749	56	56	2.202	0.188867863577406	0.188867863577406	0.268	0.0721110255092798	0.0721110255092798	4.213	0.0058309518948453	0.0076157731058639	0.1023626398323127	0.005669765856383201	0.0070812975485457785	4.0256467	MS	G	p	serenelli17	4.11706433965827	1.55582322540766	0.974082449121586	8.57710552122642	A
722	KIC7376493	0.997	0.0591692487699481	0.0549181208709839	1.494	0.0368917334913934	0.0360555127546399	5803	73	73	2.293	0.202475320082968	0.202475320082968	-0.123	0.101	0.101	4.087	0.010770329614269	0.010770329614269	0.07137641920267662	0.006775090775043608	0.0064933042183874705	3.9902497	MS	G		serenelli17	5.72153308129047	2.44134023581102	1.25797001550922	8.83014915320401	A
723	KIC7383120	1.105	0.0813019064967114	0.0754519714785505	1.393	0.0541294744108974	0.0523259018078045	6048	58	58	2.549	0.220573734765004	0.220573734765004	-0.112	0.1	0.1	4.194	0.0182482875908947	0.0182482875908947	0.09759337102217905	0.013453423308981013	0.01285923636372385	3.8296522	MS	F		serenelli17	7.09293565498923	3.82108313778543	0.958994708994709	8.65334385111826	A
724	KIC7386523	1.195	0.0586941223633168	0.0633245607959503	2.053	0.082975900115636	0.0781024967590665	5796	67	67	5.513	0.495608239488584	0.495608239488584	-0.06	0.102	0.102	3.889	0.0231948270094864	0.0241867732448957	0.032969506603368996	0.004313106661849936	0.004148603645328131	3.9948382	PMS	G		serenelli17	5.10538423260531	3.92300041097668	1.1559696342305	8.98981025736594	A
725	KIC7429287	0.937	0.053	0.05131276644267	1.498	0.0368917334913934	0.0360555127546399	5802	60	60	2.599	0.234262776568488	0.234262776568488	-0.381	0.1	0.1	4.058	0.0111803398874989	0.0111803398874989	0.06654501717617428	0.006191897102766962	0.006030631445638922	3.9909052	MS	G		serenelli17	5.56631624560672	2.43482130327214	1.03412616339193	9.01357355015344	A
726	KIC7448374	1.307	0.0474236228055175	0.0438292140016222	2.315	0.0389486841883009	0.0389486841883009	5676	59	59	5.717	0.502026740918901	0.502026740918901	0.107	0.1	0.1	3.824	0.0094339811320566	0.0094339811320566	0.02514976852455715	0.0015633616099026157	0.0015240247515759403	4.0734982	PMS	G		serenelli17	3.49092719231598	1.68244856104971	1.03946441155743	8.78129685007699	A
727	KIC7449136	1.21	0.08	0.08	1.56	0.04	0.04	6099	75	75				0.12	0.0721110255092798	0.0721110255092798				0.07608919088735007	0.007717877029848843	0.007717877029848843	3.7962217	MS	F	p	huber13	6.61157024793388	2.56410256410256	1.22970978848992	100.0	A
728	KIC7465072	1.15	0.22	0.11	1.66	0.1	0.08	6192	55	55	4.49	0.388140707520046	0.388140707520046	0.06	0.15	0.15	4.061	0.034	0.033	0.06001847646796785	0.015795024609309212	0.01040454990256712	3.7352602	MS	F		C14sdss	14.3478260869565	5.42168674698795	0.888242894056848	8.64455918752888	A
729	KIC7510397	1.3683	0.0209	0.0209	1.8574	0.018	0.018	6171	77	77	4.924	0.178	0.14	-0.21	0.1	0.1	4.0359	0.0044	0.0066	0.05097724889047501	0.001674151784693048	0.001674151784693048	3.7490257	MS	F		silva17	1.52744281224878	0.969096586626467	1.24777183600713	3.22908204711617	A
730	KIC7529180	1.352	0.0672681202353686	0.0679411510058521	1.455	0.0325576411921994	0.0325576411921994	6682	58	58	3.766	0.297722752359854	0.297722752359854	-0.024	0.1	0.1	4.243	0.0098488578017961	0.0098488578017961	0.1047849962863625	0.00875556032820139	0.008786720522284469	3.4140652	MS	F		serenelli17	5.00034287134692	2.23763856991061	0.868003591739	7.90554307912519	A
731	KIC7530690	1.35	0.07	0.09	1.34	0.04	0.04	6836	62	62	3.41	0.283974195472475	0.283974195472475	-0.04	0.15	0.15	4.311	0.013	0.014	0.13394631311077496	0.013860834130298922	0.01495410132947073	3.3131182	MS	F		C14sdss	5.92592592592593	2.98507462686567	0.906963136337039	8.32768901678813	A
732	KIC7534011	1.177	0.0434165866921848	0.0487544869729956	1.899	0.043081318457076	0.043081318457076	5491	60	60	5.232	0.474982312750135	0.474982312750135	0.292	0.099	0.099	3.95	0.0114017542509914	0.0114017542509914	0.0410310810322481	0.003176322215665122	0.003269087939308684	4.1947657	PMS	G		serenelli17	3.91550865187682	2.2686318302831	1.09269714077581	9.07840811831297	A
733	KIC7584900	1.269	0.0932308961664533	0.0904709898254684	3.632	0.115550854605234	0.114634200830293	4955	71	71	10.71	1.21772618469253	1.21772618469253	0.284	0.101	0.101	3.42	0.0063245553203367	0.0072801098892805	0.006323179247700822	0.0007615980621546631	0.0007494583758097287	4.5461137	PMS	K		serenelli17	7.23805697367698	3.16884712879305	1.43289606458123	11.3699923874186	A
734	KIC7591963	1.2	0.0520096144957834	0.056859475903318	1.833	0.0478852795752515	0.0478852795752515	5966	61	61	4.338	0.384319148615083	0.384319148615083	0.011	0.1	0.1	3.99	0.0152315462117278	0.0152315462117278	0.046516308470546906	0.0041659086070384675	0.004260067574412849	3.8834032	MS	G		serenelli17	4.53621209996256	2.6123993221632	1.02246061012404	8.85936257757222	A
735	KIC7611858	1.128	0.103469802357983	0.0678011799307357	1.54	0.0626258732474047	0.0588727441181401	5926	58	58	2.849	0.251522846436934	0.251522846436934	0.021	0.099	0.099	4.119	0.0269258240356725	0.0288617393793236	0.07373239276007618	0.011254217725376683	0.009547148722476608	3.9096232	MS	G		serenelli17	7.59179886031553	3.94476030407613	0.978737765777928	8.82846073839713	A
736	KIC7622208	1.39	0.11	0.19	1.92	0.07	0.1	6606	99	99	6.48	0.616787232798933	0.616787232798933	0.0	0.15	0.15	4.008	0.013	0.014	0.046883767636136914	0.006329396568871706	0.00973314193302803	3.4638832	MS	F		C14sdss	10.7913669064748	4.42708333333333	1.49863760217984	9.51832149381069	A
737	KIC7628676	1.426	0.110440028975005	0.119104995697074	3.117	0.0960468635614927	0.105759160359753	5182	69	69	7.8	0.944434209902323	0.944434209902323	-0.07	0.1	0.1	3.603	0.0104403065089106	0.0114017542509914	0.011241402792905072	0.001355675913512731	0.0014801691547807036	4.3973152	PMS	K		serenelli17	8.04856327742213	3.23718357268601	1.33153222693941	12.1081308961836	A
738	KIC7668623	1.389	0.0771038261048049	0.0708378429936993	2.291	0.0552177507691141	0.046690470119715	6277	48	48	8.698	0.736795260527855	0.736795260527855	-0.004	0.1	0.1	3.859	0.0125299640861417	0.010816653826392	0.027576450728564576	0.0025137815224899403	0.002195576852443803	3.6795427	MS	F		serenelli17	5.32547404962218	2.22409910276799	0.764696511072168	8.47085836431197	A
739	KIC7670943	1.239	0.04	0.051	1.417	0.015	0.021	6463	110	110	3.039	0.167	0.173	-0.071	0.0721110255092798	0.0721110255092798	4.228	0.008	0.008	0.10396164584839121	0.004707964861944334	0.006298936411893806	3.5576197	MS	F	p	silva15	3.67231638418079	1.27028934368384	1.70199597710042	5.59394537676867	A
740	KIC7680114	1.096	0.0509901951359278	0.0439089968002003	1.409	0.0228035085019828	0.0212602916254693	5800	56	56	2.222	0.200872572946127	0.200872572946127	0.058	0.1	0.1	4.179	0.0080622577482985	0.0072111025509279	0.09353819078172808	0.006289928496350787	0.005654320137590981	3.9922162	MS	G		serenelli17	4.32934269781606	1.56365507904372	0.96551724137931	9.04016979955566	A
741	KIC7700968	0.866	0.0876641317757725	0.0765571681816928	1.148	0.0557853027239254	0.0509607692249636	5982	75	75	1.73	0.201858942294638	0.201858942294638	-0.517	0.204	0.204	4.255	0.0296141857899217	0.0305941170815567	0.13664810661737126	0.024252323186843557	0.021842379952894297	3.8729152	MS	G		serenelli17	9.48159930470354	4.64921916153698	1.25376128385155	11.6681469534473	A
742	KIC7739672	1.228	0.120154067763018	0.0732461603089199	1.733	0.0554616984954482	0.0501198563445667	6069	55	55	4.124	0.348405035166823	0.348405035166823	0.085	0.099	0.099	4.054	0.0228473193175917	0.0228473193175917	0.05632666904077435	0.007721398824267681	0.005930499377113995	3.8158867	MS	F		serenelli17	7.87460212019293	3.04620758338185	0.906244850881529	8.44823072664459	A
743	KIC7747078	1.1	0.06	0.06	1.93	0.04	0.04	5840	84	84	4.465	0.382422650898996	0.382422650898996	-0.26	0.09	0.09	3.907	0.01	0.01	0.03652852607812504	0.0030213048886365986	0.0030213048886365986	3.9659962	MS	G		C14bruntt	5.45454545454545	2.07253886010363	1.43835616438356	8.56489699661804	A
744	KIC7771282	1.321	0.054817880294663	0.0524976189936268	1.656	0.0240416305603426	0.0240416305603426	6407	74	74	4.198	0.356885410974872	0.356885410974872	-0.033	0.1	0.1	4.12	0.0072111025509279	0.0072111025509279	0.06944375735977115	0.004177574773087501	0.00409438852538327	3.5943277	MS	F		serenelli17	4.06190383377327	1.45178928504484	1.1549867332605	8.50131993746718	A
745	KIC7799349	1.372	0.0859069263796581	0.080049984384758	2.823	0.071805292284065	0.0698569967862919	5038	71	71	4.84	0.467917817087872	0.467917817087872	0.195	0.1	0.1	3.673	0.0072801098892805	0.0072801098892805	0.014559044304260452	0.0014371026281055112	0.0013746793348634048	4.4917072	PMS	K		serenelli17	6.0479923747965	2.5090734868997	1.40928940055578	9.66772349355106	A
746	KIC7799430	1.038	0.0792464510246358	0.073348483283569	2.693	0.0794292137692424	0.0764852927038918	5120	66	66	4.657	0.459168031387782	0.459168031387782	-0.159	0.101	0.101	3.593	0.0092195444572928	0.0092195444572928	0.012688190309294642	0.0014828387072476927	0.0014045039154925035	4.4379562	PMS	K		serenelli17	7.3504303616669	2.8948107403107	1.2890625	9.85973870276533	A
747	KIC7800289	1.486	0.0765767588763066	0.0759275970909129	2.858	0.0512249938994628	0.0518555686498567	6422	53	53	12.69	1.03555484700381	1.03555484700381	-0.362	0.101	0.101	3.697	0.0092195444572928	0.0084852813742385	0.015196498332545766	0.0011317858160126847	0.0011345153351012896	3.5844952	MS	F		serenelli17	5.13137133133309	1.8033688339629	0.825288072251635	8.16040068560921	A
748	KIC7833440	1.09	0.0579827560572969	0.0571401785086466	1.654	0.0348855270850248	0.0348855270850248	6327	59	59	3.976	0.3465628096346	0.3465628096346	-0.467	0.103	0.103	4.038	0.0120830459735946	0.0120830459735946	0.05750841167577888	0.004753908841560847	0.004725424664200158	3.6467677	MS	F		serenelli17	5.2808685580708	2.1091612506061	0.932511458827248	8.71636845157444	A
749	KIC7870112	1.151	0.10255242561734	0.085146931829632	1.605	0.0760065786626395	0.0734982993000518	5656	79	79	2.854	0.249733138261562	0.249733138261562	0.351	0.099	0.099	4.088	0.0294278779391243	0.0294278779391243	0.06646019391383597	0.01114511353102831	0.01036987417833486	4.0866082	MS	G		serenelli17	8.15375140951224	4.6574728337287	1.3967468175389	8.75028515282277	A
750	KIC7871531	0.789	0.0480832611206852	0.0440454310910905	0.857	0.0170293863659264	0.015556349186104	5378	57	57	0.7271	0.0719136479515017	0.0719136479515017	-0.474	0.139	0.139	4.469	0.0086023252670426	0.0078102496759066	0.2992581095633411	0.02551184668636018	0.023338006154223854	4.2688372	MS	G		serenelli17	5.83832016551177	1.90115143244052	1.05987355894385	9.89047558128204	A
751	KIC7880676	1.436	0.125207827231368	0.137277092043793	2.054	0.0773886296557834	0.0748865809073962	6269	56	56	6.669	0.584602537774424	0.584602537774424	0.048	0.099	0.099	3.96	0.0187882942280559	0.0196977156035922	0.03956074967042354	0.005647425462076718	0.0057468062120393255	3.6847867	MS	F		serenelli17	9.13944704997077	3.70679675178139	0.893284415377253	8.76596997712436	A
752	KIC7910848	1.274	0.0700071424927486	0.103831594420966	1.637	0.0564623768539724	0.0546260011349907	6074	56	56	3.745	0.314117072361303	0.314117072361303	0.11	0.1	0.1	4.111	0.0230867927612304	0.0240416305603426	0.06933216796285767	0.008122957566804017	0.00895005123881069	3.8126092	MS	F		serenelli17	6.82255639378786	3.39304758671237	0.921962462956865	8.3876387813432	A
753	KIC7914731	1.427	0.0796052762070455	0.0840951841665146	2.793	0.141661568535718	0.119369175250565	5633	67	67	9.674	0.900165862671944	0.900165862671944	-0.047	0.103	0.103	3.701	0.0253179778023443	0.0253179778023443	0.015635888208563358	0.002534019265571548	0.0022063939581894996	4.1016847	PMS	G		serenelli17	5.73582552114786	4.67294564601294	1.18941949227765	9.30500168153756	A
754	KIC7938112	1.37	0.13	0.17	1.84	0.07	0.09	6520	70	70	7.203	0.779587287365598	0.779587287365598	-0.22	0.15	0.15	4.043	0.018	0.02	0.05250231929441653	0.007792654015222633	0.010089479134450527	3.5202562	MS	F		C14sdss	10.9489051094891	4.34782608695652	1.07361963190184	10.8230915919145	A
755	KIC7940546	1.3987	0.0304	0.0114	1.9414	0.027	0.009	6235	77	77	6.189	0.023	0.257	-0.2	0.1	0.1	4.0073	0.0011	0.0033	0.04563424710297127	0.002146824075187633	0.0007356145749675947	3.7070737	MS	F		silva17	1.49424465575177	0.927165962707325	1.23496391339214	2.26207788010987	A
756	KIC7970740	0.728	0.0304	0.0095	0.7628	0.006	0.006	5309	77	77	0.429	0.025	0.022	-0.54	0.1	0.1	4.5386	0.0055	0.0044	0.3915711773454093	0.018781470006992627	0.010558776605806225	4.3140667	MS	G		silva17	2.74038461538462	0.786575773466177	1.45036730080995	5.47785547785548	A
757	KIC7976303	1.133	0.0484664832642105	0.0447772263544762	1.979	0.0358468966578698	0.034132096331752	6304	46	46	5.37	0.457695667316105	0.457695667316105	-0.577	0.102	0.102	3.899	0.0076157731058639	0.0076157731058639	0.03489827157343647	0.0024134920425687703	0.0022721643452297954	3.6618442	MS	F		serenelli17	4.11490333710003	1.76803923672617	0.729695431472081	8.52319678428501	A
758	KIC8006161	0.9788	0.0304	0.0304	0.9247	0.012	0.009	5488	77	77	0.688	0.047	0.049	0.34	0.1	0.1	4.4935	0.0066	0.0066	0.29553081977986323	0.014718182094886853	0.012598033137655156	4.1967322	MS	G		silva17	3.10584389047814	1.13550340651022	1.4030612244898	6.97674418604651	A
759	KIC8012842	1.107	0.0694046107978425	0.0670074622710038	1.305	0.0490407993409569	0.0462385120867876	5849	58	58	1.931	0.163391808131305	0.163391808131305	0.152	0.1	0.1	4.251	0.0237697286480094	0.0237697286480094	0.11891249090924798	0.015339499875179737	0.014545618544785926	3.9600967	MS	G		serenelli17	6.16134024701203	3.65054833056492	0.991622499572577	8.46151259095313	A
760	KIC8016496	1.5	0.10555093557141	0.133809566175218	2.081	0.109128364782031	0.100344406919369	6446	73	73	6.152	0.590682772861468	0.590682772861468	0.088	0.1	0.1	3.972	0.0281602556806574	0.0291547594742265	0.0397362069754123	0.006848182998882324	0.00675325038459386	3.5687632	MS	F		serenelli17	7.97868339155427	5.0329834623114	1.13248526217809	9.60147550164936	A
761	KIC8018599	1.687	0.0580517010948	0.0594138031100518	3.415	0.0574282160614449	0.0574282160614449	6013	62	62	15.11	1.30464053950302	1.30464053950302	0.064	0.1	0.1	3.598	0.0072111025509279	0.0072111025509279	0.010112402544202863	0.0006175417754860711	0.0006221791756725629	3.8525947	PMS	F		serenelli17	3.4814909367176	1.68164615114041	1.03109928488275	8.63428550299813	A
762	KIC8019508	1.477	0.0578013840664737	0.0635137780328017	2.61	0.0403112887414927	0.041182520563948	6211	55	55	9.85	0.868727966273648	0.868727966273648	0.052	0.1	0.1	3.772	0.0094339811320566	0.0094339811320566	0.01983217582124653	0.001202819371081331	0.0012683107464247804	3.7228057	MS	F		serenelli17	4.10680982055773	1.56118408631113	0.885525680244727	8.8195732616614	A
763	KIC8026226	1.503	0.0580517010948	0.0551543289325507	2.836	0.0424264068711929	0.0403608721412211	6319	54	54	11.41	0.911453845344609	0.911453845344609	-0.272	0.103	0.103	3.709	0.0064031242374328	0.0064031242374328	0.0157308319560912	0.0009314465177202647	0.0008856135741930772	3.6520117	MS	F		serenelli17	3.76600232958585	1.45957826185497	0.854565595822124	7.98820197497467	A
764	KIC8027956	1.178	0.0534134814442946	0.0558032257132148	1.728	0.0493963561409139	0.0475394572960188	5967	70	70	3.431	0.298165152476544	0.298165152476544	0.042	0.1	0.1	4.033	0.0167630546142402	0.0167630546142402	0.05450363489491792	0.005287218684866048	0.005186687887930778	3.8827477	MS	G		serenelli17	4.63568366542909	2.80485571287421	1.17311882017764	8.69032796492405	A
765	KIC8045442	1.477	0.0559464029227975	0.0648845127900333	2.996	0.0684470598345904	0.0693541635375988	5853	76	76	9.93	0.891637467428875	0.891637467428875	-0.138	0.1	0.1	3.65	0.013	0.013	0.013111925075935088	0.0010267811031745057	0.001077469320350782	3.9574747	PMS	G		serenelli17	4.09041691648039	2.2997533940619	1.29847941226721	8.97922927924345	A
766	KIC8077137	1.117	0.04	0.049	1.632	0.018	0.009	6072	75	75	3.183	0.293	0.202	-0.032	0.0721110255092798	0.0721110255092798	4.056	0.013	0.01	0.06134852148191766	0.0029911428805404483	0.002876235375636114	3.8139202	MS	F	p	silva15	3.98388540734109	0.827205882352941	1.23517786561265	7.77568331762488	A
767	KIC8106950	1.054	0.0651920240520265	0.0626817357768593	1.676	0.0904433524367601	0.0828733974204026	6098	63	63	3.457	0.313045756900715	0.313045756900715	-0.385	0.101	0.101	4.011	0.0310644491340181	0.0330605505096331	0.05344781539078126	0.009262756353488687	0.00854193966747726	3.7968772	MS	F		serenelli17	6.06611763894145	5.17054743010629	1.03312561495572	9.05541674575399	A
768	KIC8114155	1.063	0.0596405902049938	0.058821764679411	1.538	0.0540832691319598	0.0512640224719052	5761	60	60	2.673	0.237112104909079	0.237112104909079	0.019	0.1	0.1	4.089	0.0215870331449229	0.022561028345357	0.06975504911244378	0.008334739732399525	0.007971936915890595	4.0177807	MS	G		serenelli17	5.57207689954867	3.42481442145205	1.04148585315049	8.87063617317914	A
769	KIC8150065	1.22	0.0444184646290256	0.0559464029227975	1.408	0.0174928556845359	0.0219317121994613	6265	58	58	2.811	0.236825362985485	0.236825362985485	-0.033	0.1	0.1	4.227	0.0072111025509279	0.0080622577482985	0.10434298506656095	0.005436624850742745	0.006831538137946472	3.6874087	MS	F		serenelli17	4.11331424392718	1.40002016633513	0.925778132482043	8.4249506576124	A
770	KIC8172589	1.14	0.15	0.17	2.15	0.13	0.14	5600	58	58	4.954	0.462932411792715	0.462932411792715	-0.2	0.2	0.15	3.827	0.024	0.024	0.027384250713737512	0.006136595635611121	0.006729998146979678	4.1233162	PMS	G		C14sdss	14.0350877192982	6.27906976744186	1.03571428571429	9.34461872815331	A
771	KIC8174170	1.25	0.13	0.2	2.18	0.12	0.16	5983	64	64	2.899	0.668392808888767	0.668392808888767	-0.04	0.15	0.15	3.859	0.016	0.016	0.028803941677879773	0.00562130391785923	0.007839794154474361	3.8722597	MS	G		C14sdss	13.2	6.42201834862385	1.06969747618252	23.0559782300368	A
772	KIC8174981	1.227	0.0558032257132148	0.055	1.984	0.0416773319683494	0.0425440947723653	6065	53	53	5.635	0.472254111606762	0.472254111606762	-0.099	0.1	0.1	3.932	0.0125299640861417	0.0125299640861417	0.037508608244573395	0.0029150527294151867	0.002940950178309818	3.8185087	MS	F		serenelli17	4.51520887176915	2.12251579487688	0.873866446826051	8.38072957598514	A
773	KIC8176564	1.174	0.0452216762183801	0.068154236845555	1.526	0.0240831891575846	0.0316227766016838	6109	51	51	2.746	0.232140294724242	0.232140294724242	-0.126	0.0721110255092798	0.0721110255092798	4.14	0.0078102496759066	0.010295630140987	0.0788707347634539	0.004813929281630689	0.006708654658674122	3.7896667	MS	F	p	serenelli17	4.82861639965652	1.82522823588691	0.834833851694222	8.45376164327174	A
774	KIC8179536	1.289	0.0442040722106007	0.0426380112106557	1.366	0.0164012194668567	0.0156204993518133	6418	50	50	2.624	0.222979865212947	0.222979865212947	0.031	0.1	0.1	4.276	0.0067082039324993	0.0058309518948453	0.12072916863772123	0.006004366767533117	0.005753419169582846	3.5871172	MS	F		serenelli17	3.36858353069264	1.17209805339202	0.779058896852602	8.49770827793244	A
775	KIC8179643	1.148	0.0666033032213869	0.0673572564761956	1.83	0.0631347764706584	0.061400325732035	6280	61	61				-0.402	0.102	0.102	3.971	0.0171172427686237	0.0171172427686237	0.044719816164127256	0.00530606318115273	0.005210246777906661	3.6775762	MS	F		serenelli17	5.83451915059157	3.40259842083862	0.971337579617834	100.0	A
776	KIC8179973	1.229	0.0636317530797321	0.061057350089895	3.466	0.0662193325245732	0.0662193325245732	4949	60	60	7.016	0.695886219349467	0.695886219349467	0.174	0.0721110255092798	0.0721110255092798	3.447	0.0067082039324993	0.0076157731058639	0.007046567207971466	0.0005442679487641108	0.0005344858026723181	4.5500467	PMS	K	p	serenelli17	5.07278694750314	1.91054046522139	1.21236613457264	9.9185607090859	A
777	KIC8216936	1.378	0.0856329375882902	0.111503363177978	1.896	0.0896939239859646	0.0845990543682375	6437	50	50	9.234	0.780591872572674	0.780591872572674	-0.106	0.1	0.1	4.017	0.021095023109729	0.0240831891575846	0.0482664779680401	0.0074779162123995045	0.007549628947134731	3.5746627	MS	F		serenelli17	7.15298623970493	4.59633381735765	0.776759359950287	8.45345324423516	A
778	KIC8219268	1.34	0.17	0.17	6.53	0.35	0.35	4605	97	97	17.6	2.22763288531089	2.22763288531089	0.29	0.16	0.16				0.0011488852274256932	0.0002353122161598288	0.0002353122161598288	4.7755387	PMS	K	p	huber13	12.6865671641791	5.35987748851455	2.10640608034745	12.6570050301755	A
779	KIC8228742	1.39	0.047169905660283	0.12459534501738	1.877	0.0259422435421457	0.0541294744108974	6130	51	51	4.252	0.384700415050111	0.384700415050111	-0.019	0.1	0.1	4.033	0.0078102496759066	0.0161554944214035	0.050180313830322586	0.0026886568616266483	0.006251348350296486	3.7759012	MS	F		serenelli17	6.17860613948429	2.13297064339486	0.831973898858075	9.0475168167947	A
780	KIC8241455	1.383	0.0608769250208977	0.0616198020120156	2.429	0.0490917508345343	0.0482597140480546	6262	66	66	9.402	0.792686091351386	0.792686091351386	-0.094	0.099	0.099	3.806	0.0120830459735946	0.0120830459735946	0.023038331675846496	0.0017261587333812036	0.0017144374269501468	3.6893752	MS	F		serenelli17	4.42865969027163	2.00394122854238	1.05397636537847	8.43103692141444	A
781	KIC8249189	1.271	0.0700927956355002	0.0888144132446981	1.64	0.080529497701153	0.0769220384545288	6432	65	65	6.48	0.770738566464307	0.770738566464307	-0.187	0.1	0.1	4.111	0.0270739727413618	0.0290688837074973	0.06879001388471459	0.010820283818236732	0.01080736341618078	3.5779402	MS	F		serenelli17	6.25126706845784	4.80035171206347	1.01057213930348	11.8941136800047	A
782	KIC8289241	1.214	0.0573846669416143	0.0668505796534331	1.364	0.043081318457076	0.042154477816716	6306	52	52	2.682	0.220423644931912	0.220423644931912	-0.004	0.1	0.1	4.251	0.0192353840616713	0.0192353840616713	0.11420548605224419	0.01209317851773689	0.012315355616506544	3.6605332	MS	F		serenelli17	5.11677292401348	3.12447933554956	0.824611481129083	8.21862956494824	A
783	KIC8292840	1.148	0.051	0.049	1.345	0.015	0.018	6239	94	94	2.636	0.148	0.142	-0.164	0.0721110255092798	0.0721110255092798	4.24	0.008	0.008	0.11263838779602778	0.006264330929190495	0.006600407949849736	3.7044517	MS	F	p	silva15	4.35540069686411	1.22676579925651	1.50665170700433	5.50075872534143	A
784	KIC8298626	1.206	0.056302753041037	0.0631347764706584	1.378	0.0277308492477241	0.0295465734053883	6211	84	84	3.33	0.295233576406985	0.295233576406985	0.038	0.099	0.099	4.24	0.0117046999107196	0.0126491106406735	0.1100299829816313	0.0083971776203545	0.009125376779261299	3.7228057	MS	F		serenelli17	4.95180470612336	2.07828093806649	1.3524392207374	8.86587316537492	A
785	KIC8321567	1.073	0.0584123274660409	0.0576281181368956	1.586	0.0340587727318528	0.0340587727318528	5744	58	58	2.503	0.230610553671934	0.230610553671934	0.032	0.101	0.101	4.067	0.0114017542509914	0.0114017542509914	0.06420983644999212	0.005415737780631869	0.005385568232499997	4.0289242	MS	G		serenelli17	5.40729010265315	2.14746360226058	1.00974930362117	9.21336610754831	A
786	KIC8349582	1.068	0.021	0.019	1.417	0.012	0.009	5699	74	74	1.891	0.09	0.094	0.268	0.0721110255092798	0.0721110255092798	4.163	0.003	0.004	0.08961342838263262	0.0028789274251506207	0.002336078401417007	4.0584217	MS	G	p	silva15	1.87265917602996	0.741002117148906	1.29847341638884	4.86515071390799	A
787	KIC8360349	1.727	0.114725759966975	0.114725759966975	2.656	0.066407830863536	0.0689420046125727	6258	49	49	9.716	0.765419363611993	0.765419363611993	0.153	0.099	0.099	3.826	0.0111803398874989	0.0122065556157337	0.02200490592310217	0.002204816928184254	0.0022523570114268174	3.6919972	MS	F		serenelli17	6.64306658754923	2.54800142086048	0.782997762863535	7.87792675599005	A
788	KIC8367710	1.455	0.0644437739428721	0.122772146678308	2.041	0.0339705755029261	0.0559464029227975	6352	66	66	6.585	0.565773538492933	0.565773538492933	0.014	0.1	0.1	3.98	0.0080622577482985	0.0117046999107196	0.040855014584609176	0.0027268832253952327	0.004813666869266905	3.6303802	MS	F		serenelli17	6.43353679110585	2.20276772233522	1.03904282115869	8.59185328007491	A
789	KIC8377423	1.21	0.19	0.14	1.99	0.12	0.11	6059	57	57	6.765	0.601312885270374	0.601312885270374	0.24	0.15	0.15	3.928	0.032	0.031	0.036655363597588204	0.008780718100804639	0.007411853135800037	3.8224417	MS	F		C14sdss	13.6363636363636	5.77889447236181	0.940749298564119	8.88858662631743	A
790	KIC8379927	1.1194	0.0399	0.0399	1.1197	0.015	0.015	6067	120	120	1.624	0.104	0.101	-0.1	0.15	0.15	4.3879	0.0066	0.0077	0.1903669968201158	0.010226241979315237	0.010226241979315237	3.8171977	MS	F		silva17	3.56440950509201	1.33964454764669	1.97791330146695	6.3115763546798	A
791	KIC8391021	1.26	0.1	0.11	1.54	0.05	0.05	6250	51	51	2.947	0.251913091070874	0.251913091070874	-0.22	0.2	0.15	4.163	0.01	0.011	0.08236065148731915	0.010348012574899553	0.010772834017104707	3.6972412	MS	F		C14sdss	8.33333333333333	3.24675324675325	0.816	8.54811981916775	A
792	KIC8394589	1.121	0.0574282160614449	0.0566127194188726	1.192	0.0240416305603426	0.0240416305603426	6251	54	54	1.847	0.164029888632896	0.164029888632896	-0.27	0.139	0.139	4.335	0.0092195444572928	0.0092195444572928	0.15801133308512955	0.012527428513322905	0.01245346112293332	3.6965857	MS	F		serenelli17	5.0865716092916	2.01691531546498	0.863861782114862	8.88088189674587	A
793	KIC8408931	1.493	0.0746525284233562	0.0738782782690555	2.866	0.0532541078227774	0.0532541078227774	6252	120	120	11.63	1.02525741165987	1.02525741165987	-0.124	0.101	0.101	3.697	0.0125299640861417	0.0116619037896906	0.015140584460863901	0.001133782491492394	0.0011285548458361005	3.6959302	MS	F		serenelli17	4.97424000979276	1.85813355976195	1.91938579654511	8.81562692742792	A
794	KIC8414062	1.3	0.0721248916810278	0.0802807573457052	1.726	0.105304320899002	0.102459748194108	6578	61	61	3.12	0.281430926714807	0.281430926714807	-0.251	0.1	0.1	4.076	0.0421070065428546	0.0411096095821889	0.06035765646377708	0.01154374893552082	0.01137686787657977	3.4822372	MS	F		serenelli17	5.86175573179742	6.01865785321871	0.927333536029188	9.02022201008997	A
795	KIC8416311	1.565	0.091438503924769	0.150479234447813	2.275	0.0760591874792257	0.0877268487978452	6446	60	60	8.627	0.726635065752401	0.726635065752401	0.131	0.1	0.1	3.915	0.0152970585407784	0.0152970585407784	0.03173083710775276	0.0036831544462807065	0.004773155940384455	3.5687632	MS	F		serenelli17	7.7290012259611	3.59969310499057	0.930809804529941	8.42280127219661	A
796	KIC8420801	1.35	0.1	0.19	1.74	0.06	0.08	6506	73	73	4.674	0.40855015265179	0.40855015265179	0.07	0.15	0.15	4.08	0.017	0.02	0.06117830134431585	0.007783965636480494	0.012055839957740054	3.5294332	MS	F		C14sdss	10.7407407407407	4.02298850574713	1.12204119274516	8.74091041189111	A
797	KIC8424992	0.929	0.0474236228055175	0.0474236228055175	1.052	0.0192353840616713	0.0192353840616713	5807	57	57	1.148	0.0997577347485686	0.0997577347485686	-0.127	0.101	0.101	4.362	0.0076157731058639	0.0076157731058639	0.190493378906441	0.014274090167176373	0.014274090167176373	3.9876277	MS	G		serenelli17	5.10480331598681	1.82845856099537	0.981573962459101	8.68969814883002	A
798	KIC8435400	1.5	0.13	0.21	2.34	0.12	0.13	6322	59	59	9.416	0.822782257353369	0.822782257353369	0.14	0.15	0.1	3.863	0.016	0.016	0.027948279481120327	0.004935048135031359	0.006083344633661939	3.6500452	MS	F		C14sdss	11.3333333333333	5.34188034188034	0.933248971844353	8.73812932618276	A
799	KIC8478994	0.81	0.019	0.011	0.772	0.003	0.006	5417	75	75	0.467	0.023	0.025	-0.248	0.0721110255092798	0.0721110255092798	4.57	0.003	0.002	0.42028559834206364	0.011009001522901267	0.011340407211251438	4.2432727	MS	G	p	silva15	1.85185185185185	0.582901554404145	1.38453018275798	5.13918629550321	A
800	KIC8491374	1.38	0.14	0.19	1.95	0.09	0.1	6520	65	65	5.685	0.476353911087547	0.476353911087547	0.0	0.15	0.1	3.988	0.023	0.023	0.04443105678790585	0.007626568973891951	0.00917312936224866	3.5202562	MS	F		C14sdss	11.9565217391304	4.87179487179487	0.996932515337423	8.37913651869037	A
801	KIC8493735	1.374	0.0671192967781993	0.0654599113962126	2.585	0.0708378429936994	0.0689492567037528	5965	109	109	7.573	0.667866433249052	0.667866433249052	-0.08	0.1	0.1	3.749	0.01552417469626	0.01552417469626	0.018989629048704472	0.0018159494319064196	0.001768453862477634	3.8840587	PMS	G		serenelli17	4.82457089426535	2.70381237325826	1.82732606873428	8.81904705201442	A
802	KIC8493800	1.252	0.0572800139664787	0.0631268564083465	1.482	0.0291547594742265	0.030886890422961	6241	73	73	2.704	0.227754039250838	0.227754039250838	0.039	0.1	0.1	4.193	0.0125299640861417	0.0134164078649987	0.09182715066139782	0.006857114782049874	0.007375679729820458	3.7031407	MS	F		serenelli17	4.8085810852566	2.02569669018851	1.16968434545746	8.42285648117003	A
803	KIC8494142	1.418	0.03	0.019	1.887	0.012	0.012	6144	106	106	4.818	0.259	0.243	0.058	0.0721110255092798	0.0721110255092798	4.038	0.005	0.005	0.05038159599854758	0.0014352710376517577	0.0011745544405665207	3.7667242	MS	F	p	silva15	1.7277856135402	0.635930047694754	1.72526041666667	5.20963055209631	A
804	KIC8499940	1.163	0.102156742312977	0.0617170964968379	1.648	0.0407062648740952	0.0363593179253957	6023	58	58	3.065	0.266432730444261	0.266432730444261	-0.006	0.1	0.1	4.07	0.0143178210632764	0.0125299640861417	0.06203252844213168	0.007128797243241753	0.0052625321271728065	3.8460397	MS	F		serenelli17	7.0453069135776	2.33815481794572	0.962975261497593	8.69274813847508	A
805	KIC8516041	1.09	0.13	0.12	1.3	0.06	0.06	6214	65	65	2.381	0.222320260232039	0.222320260232039	0.18	0.15	0.15	4.246	0.018	0.019	0.11844257257862945	0.021644870398471922	0.020951881638750502	3.7208392	MS	F		C14sdss	11.4678899082569	4.61538461538461	1.04602510460251	9.33726418446195	A
806	KIC8524425	1.15	0.05	0.05	1.84	0.03	0.04	5634	84	84	3.166	0.28423121349949	0.28423121349949	0.14	0.09	0.09	3.969	0.008	0.008	0.044071289918670806	0.0028841772052448367	0.0034543759908175387	4.1010292	PMS	G		C14bruntt	4.34782608695652	1.90217391304348	1.49094781682641	8.97761255525868	A
807	KIC8547279	1.32	0.33	0.27	3.34	0.33	0.29	5174	68	68	5.193	0.504767395609497	0.504767395609497	-0.06	0.1	0.15	3.509	0.026	0.029	0.008457576241667214	0.003279503242870381	0.0028010820169510177	4.4025592	PMS	K		C14sdss	22.7272727272727	9.2814371257485	1.31426362582141	9.72015011764871	A
808	KIC8554498	1.197	0.021	0.029	1.794	0.015	0.015	5945	60	60	3.684	0.13	0.182	0.17	0.05	0.05	4.007	0.003	0.003	0.04949236703379785	0.0015149633795210268	0.0017259617686651574	3.8971687	MS	G	p	silva15	2.08855472013367	0.836120401337793	1.00925147182506	4.23452768729642	A
809	KIC8561221	1.436	0.0639531078212779	0.0675425791630731	3.091	0.0519711458407451	0.0545893762558247	5229	60	60	7.054	0.647259290574214	0.647259290574214	-0.164	0.101	0.101	3.614	0.0060827625302982	0.0060827625302982	0.011608305135092515	0.0007811038068369034	0.0008224245172333815	4.3665067	PMS	G		serenelli17	4.57854063315986	1.72372245384293	1.14744693057946	9.17577673056726	A
810	KIC8574769	1.069	0.0472016948848238	0.0480104155366312	1.579	0.0246981780704569	0.0255538646783613	5437	70	70	2.378	0.218407208797397	0.218407208797397	0.341	0.1	0.1	4.069	0.0086023252670426	0.0086023252670426	0.06482502693340719	0.004176873841401303	0.004287389051297714	4.2301627	PMS	G		serenelli17	4.4533260253253	1.59126164499108	1.28747471031819	9.18449153899904	A
811	KIC8579578	1.538	0.0903382532485547	0.159154013458662	2.218	0.0502195181179589	0.0726704891960967	6308	45	45	7.653	0.642982127265446	0.642982127265446	0.054	0.1	0.1	3.932	0.0120415945787923	0.015	0.03364984752846518	0.003021740056533907	0.0048025830083201935	3.6592222	MS	F		serenelli17	8.11093194756882	2.77028871312118	0.713379835129994	8.40170034320458	A
812	KIC8607720	1.37	0.07	0.07	5.32	0.11	0.11	5066	75	75	15.73	1.59920940864126	1.59920940864126	-0.141	0.0721110255092798	0.0721110255092798				0.002172186253485483	0.0001745661919126511	0.0001745661919126511	4.4733532	PMS	K	p	huber13	5.10948905109489	2.06766917293233	1.48045795499408	10.1666205253736	A
813	KIC8621637	1.176	0.0516236379965612	0.0534883164812653	1.876	0.0433243580448689	0.0442718872423573	5737	75	75	3.616	0.315885417934653	0.315885417934653	0.094	0.1	0.1	3.961	0.0114017542509914	0.0114017542509914	0.04252263908278571	0.003487634801336873	0.003578218637168576	4.0335127	PMS	G		serenelli17	4.46904568358106	2.33465472513929	1.30730346871187	8.73576930129019	A
814	KIC8656342	1.159	0.112307613277106	0.0738782782690555	1.621	0.0457930125674212	0.0432666153055679	6074	71	71	3.33	0.299756919590974	0.299756919590974	-0.05	0.099	0.099	4.085	0.0174928556845359	0.0158113883008419	0.06495996498166698	0.008362490807802993	0.006648493071946572	3.8126092	MS	F		serenelli17	8.03217823753933	2.74705823173933	1.16891669410603	9.00170929702625	A
815	KIC8677016	1.081	0.064007812023221	0.0622655603042324	1.324	0.0322024843762092	0.0313049516849971	6248	75	75	3.585	0.402598293514387	0.402598293514387	-0.27	0.101	0.101	4.227	0.0139283882771841	0.0139283882771841	0.1111918943688867	0.010448554091786771	0.010160043023443512	3.6985522	MS	F		serenelli17	5.84058151375825	2.39831707179782	1.20038412291933	11.2300779222981	A
816	KIC8684730	1.32	0.1	0.1	2.06	0.08	0.08	5882	87	87	4.727	0.430078285582306	0.430078285582306	0.173	0.0721110255092798	0.0721110255092798				0.03604820638205526	0.005009610223821053	0.005009610223821053	3.9384652	MS	G	p	huber13	7.57575757575758	3.88349514563107	1.47908874532472	9.09833479124828	A
817	KIC8694723	1.176	0.0644049687524185	0.0749666592559653	1.554	0.0292061637330205	0.0318276609256791	6351	62	62	3.211	0.269658569171998	0.269658569171998	-0.359	0.1	0.1	4.125	0.0084852813742385	0.01	0.07481103600872384	0.005880319485787251	0.006623623502745615	3.6310357	MS	F		serenelli17	5.92566445613876	1.96376527215893	0.976224216658794	8.39796229124878	A
818	KIC8696343	1.119	0.061057350089895	0.061057350089895	1.183	0.0341760149812701	0.0332415402771893	6178	65	65	1.909	0.162372778192266	0.162372778192266	-0.056	0.099	0.099	4.341	0.0186815416922694	0.0196468827043885	0.16135678918998303	0.016525145828866977	0.016202839536703196	3.7444372	MS	F		serenelli17	5.45642091956166	2.84943175225949	1.05212042732276	8.5056457932041	A
819	KIC8702606	1.278	0.0573846669416143	0.0604400529450463	2.476	0.0480104155366312	0.0517397332811061	5511	85	85	5.454	0.501818792648633	0.501818792648633	-0.17	0.1	0.1	3.754	0.0058309518948453	0.0058309518948453	0.020099734623546694	0.0014770284985983178	0.0015783823216458407	4.1816557	PMS	G		serenelli17	4.60973082498672	2.01434064656174	1.54236980584286	9.20093129168744	A
820	KIC8738809	1.332	0.0438292140016222	0.041182520563948	2.163	0.0270185121722126	0.0262488094968134	6058	59	59	6.269	0.527974582093028	0.527974582093028	0.074	0.1	0.1	3.892	0.0078102496759066	0.0070710678118654	0.03142288508728203	0.0015670547139712964	0.0015008551962464223	3.8230972	MS	F		serenelli17	3.19113117738627	1.2313296733478	0.973918785077583	8.4219904624825	A
821	KIC8751420	1.34	0.06	0.07	2.74	0.06	0.06	5264	84	84	5.142	0.487162137946262	0.487162137946262	-0.15	0.09	0.09	3.689	0.007	0.007	0.015551221264384432	0.0012363492510900926	0.0013052394572504614	4.3435642	PMS	G		C14bruntt	4.85074626865672	2.18978102189781	1.59574468085106	9.47417615609222	A
822	KIC8760414	0.8115	0.031	0.0186	1.0196	0.0097	0.0121	5873	77	77	1.208	0.052	0.052	-0.92	0.1	0.1	4.3293	0.0047	0.0063	0.18277232417798095	0.008715522740265916	0.007738992343666954	3.9443647	MS	G		silva17	3.05606900800986	1.0690466849745	1.31108462455304	4.3046357615894	A
823	KIC8776961	1.065	0.0531413210223457	0.0512640224719052	1.676	0.034	0.034	5777	72	72	2.977	0.266738425847769	0.266738425847769	-0.126	0.1	0.1	4.017	0.0089442719099991	0.0098488578017961	0.05400561991573248	0.004250227411708794	0.004190516452856666	4.0072927	MS	G		serenelli17	4.90165931897891	2.02863961813842	1.24632162021811	8.95997399555824	A
824	KIC8802782	1.44	0.155595629758679	0.0772334124585985	2.359	0.11610770861575	0.100319489631876	6089	68	68	8.073	0.665018024377498	0.665018024377498	0.254	0.1	0.1	3.851	0.0230867927612304	0.0240831891575846	0.026187260000777632	0.004791479303828497	0.0036241690510894326	3.8027767	MS	F		serenelli17	8.08434174365548	4.58726575344693	1.11676794219084	8.23755759169451	A
825	KIC8817551	1.303	0.0532259335286851	0.0559464029227975	2.351	0.0732461603089199	0.0684105255059483	5720	57	57	6.694	0.582658133947912	0.582658133947912	0.03	0.1	0.1	3.808	0.0170880074906351	0.0180277563773199	0.023938554307532858	0.0024417920961356835	0.0023288222558218467	4.0446562	PMS	G		serenelli17	4.18926847473072	3.0126900428513	0.996503496503496	8.70418485132823	A
826	KIC8822366	1.12	0.08	0.08	1.59	0.05	0.05	6034	92	92	3.035	0.285608735983054	0.285608735983054	-0.122	0.0721110255092798	0.0721110255092798				0.06651782502891006	0.007871058821725643	0.007871058821725643	3.8388292	MS	F	p	huber13	7.14285714285714	3.14465408805031	1.52469340404375	9.41050200932633	A
827	KIC8866102	1.228	0.042	0.04	1.357	0.012	0.015	6325	75	75	2.753	0.13	0.13	-0.005	0.0721110255092798	0.0721110255092798	4.262	0.007	0.008	0.11731950300284888	0.005078142227990353	0.005453397046190228	3.6480787	MS	F	p	silva15	3.33876221498371	0.994841562269713	1.18577075098814	4.72212132219397	A
828	KIC8868481	1.301	0.0577754273026172	0.0586941223633168	2.451	0.0766550715869472	0.0718401002226472	5779	67	67				-0.095	0.1	0.1	3.772	0.0158113883008419	0.0167630546142402	0.02109399086037204	0.0021896389661953852	0.0020847108762007756	4.0059817	PMS	G	p	serenelli17	4.47615486802206	3.02927727069756	1.15937013324105	100.0	A
829	KIC8915084	1.131	0.105118980208143	0.0742024258363566	1.501	0.0433820239269677	0.0372155881318568	5817	60	60	2.713	0.229036117736117	0.229036117736117	0.09	0.1	0.1	4.141	0.0152643375224737	0.014422205101856	0.0798420940596245	0.010148570079340617	0.007918872602912283	3.9810727	MS	G		serenelli17	7.92755994891688	2.68479720382493	1.03145951521403	8.44217168212742	A
830	KIC8938364	1.037	0.0487954915950234	0.0494974746830583	1.376	0.02343074902772	0.02343074902772	5965	62	62	1.866	0.164602038573962	0.164602038573962	-0.18	0.1	0.1	4.176	0.0078102496759066	0.0078102496759066	0.09502433639709006	0.006599744931591577	0.00664349382374748	3.8840587	MS	G		serenelli17	4.7392944203511	1.70281606306104	1.03939647946354	8.82111675101618	A
831	KIC8940939	1.095	0.0863133825081603	0.0658027355054484	1.458	0.0563560112144215	0.0485489443757534	6343	58	58	5.227	0.440074512251665	0.440074512251665	-0.402	0.1	0.1	4.149	0.014142135623731	0.014142135623731	0.08434375615471065	0.011826138018865668	0.009832567763745113	3.6362797	MS	F		serenelli17	6.94594146180862	3.59756363477966	0.91439381995901	8.41925602165037	A
832	KIC8950146	1.237	0.0546717477313466	0.0610327780786685	1.33	0.0322024843762092	0.0322024843762092	6374	60	60	2.588	0.214813087204816	0.214813087204816	-0.014	0.101	0.101	4.282	0.0143178210632764	0.0143178210632764	0.12552382577805746	0.01067287639574372	0.011022201293228782	3.6159592	MS	F		serenelli17	4.67681995998444	2.42123942678265	0.94132412927518	8.3003511284705	A
833	KIC8952800	1.293	0.0662193325245732	0.0632455532033676	2.014	0.0486004115208915	0.045453272709454	6122	55	55	5.939	0.50748463091393	0.50748463091393	0.03	0.1	0.1	3.941	0.010770329614269	0.010770329614269	0.03778605191537122	0.0033507761392684078	0.0031561326791263253	3.7811452	MS	F		serenelli17	5.0063760915677	2.3349971258775	0.898399215942502	8.54495084886226	A
834	KIC8956017	1.497	0.0746525284233562	0.0746525284233562	1.881	0.0771621668954417	0.0724499827467198	6605	86	86	5.943	0.482317728986627	0.482317728986627	0.128	0.1	0.1	4.063	0.0243310501211929	0.0253179778023443	0.05369907495280875	0.007130457132477206	0.0067581256915616	3.4645387	MS	F		serenelli17	4.98680884591558	3.97693114412976	1.30204390613172	8.11572823467318	A
835	KIC8981766	1.38	0.11	0.09	1.82	0.05	0.05	6237	72	72	14.37	1.34284437137607	1.34284437137607	-0.18	0.25	0.25	4.059	0.014	0.015	0.054648256799993515	0.006265837935070817	0.00574352035567801	3.7057627	MS	F		C14sdss	7.2463768115942	2.74725274725275	1.15440115440115	9.34477641876182	A
836	KIC9005973	1.122	0.0743034319530397	0.0691158447825099	1.452	0.0384837628097877	0.0375765884561119	6131	57	57	2.539	0.214719268567862	0.214719268567862	-0.128	0.1	0.1	4.164	0.0143178210632764	0.0152315462117278	0.08749926370897979	0.00905428147469188	0.008671801488982516	3.7752457	MS	F		serenelli17	6.39123336611184	2.61915810144282	0.929701516881422	8.45684397667831	A
837	KIC9025370	0.956	0.0405215991787096	0.0414849370253831	0.997	0.0148660687473185	0.0158113883008419	5659	73	73	1.574	0.141076619597965	0.141076619597965	-0.033	0.1	0.1	4.42	0.0076157731058639	0.0076157731058639	0.23029462831157263	0.014191854155954255	0.014829659852169096	4.0846417	MS	G		serenelli17	4.28904478054878	1.5384883173601	1.28998056193674	8.9629364420562	A
838	KIC9026479	1.187	0.0551543289325507	0.0645135644651572	2.303	0.0572712842531054	0.0590931468107766	5601	69	69	5.405	0.486878375744003	0.486878375744003	-0.217	0.101	0.101	3.785	0.0094868329805051	0.0094868329805051	0.023199589250433566	0.002039036274336839	0.0021861210326246587	4.1226607	PMS	G		serenelli17	5.04077057277624	2.52636628449592	1.23192287091591	9.00792554567998	A
839	KIC9026685	1.073	0.047927027865287	0.047927027865287	1.737	0.0313049516849971	0.0313049516849971	5618	58	58	2.913	0.28128605729995	0.28128605729995	0.007	0.1	0.1	3.988	0.0094339811320566	0.0094339811320566	0.048877800825325037	0.003427848576911655	0.003427848576911655	4.1115172	PMS	G		serenelli17	4.46663819806962	1.80224246891175	1.03239587041652	9.65623265705287	A
840	KIC9049593	1.157	0.0892020179143947	0.0976217188949262	1.414	0.0528015151297763	0.0520096144957834	5788	59	59	2.614	0.217129480850223	0.217129480850223	0.202	0.1	0.1	4.197	0.019313207915828	0.019313207915828	0.09770044037598662	0.013286484940644135	0.013571324451201891	4.0000822	MS	G		serenelli17	8.07362734698881	3.70619270245968	1.01935038009675	8.30640707154641	A
841	KIC9051235	1.251	0.0554616984954482	0.0581807528311554	2.062	0.108503456166152	0.0966902270139025	5669	65	65	5.985	0.515277718811807	0.515277718811807	0.207	0.1	0.1	3.905	0.0302654919008431	0.0322490309931942	0.03406455481273118	0.005585521365014612	0.005047101975838128	4.0780867	PMS	G		serenelli17	4.54206440154291	4.97559852521955	1.14658669959428	8.60948569443287	A
842	KIC9073645	1.373	0.0777946013551069	0.0702922470831599	2.342	0.0876641317757725	0.0796492310069595	6438	64	64	8.356	0.740955343971847	0.740955343971847	-0.152	0.1	0.1	3.836	0.021377558326432	0.021377558326432	0.025516508935997315	0.0032094370550907023	0.0029127505146215186	3.5740072	MS	F		serenelli17	5.39282040925953	3.57201884677054	0.994097545821684	8.8673449493998	A
843	KIC9073950	1.352	0.0921791733527699	0.0878179936004006	3.841	0.0900499861188218	0.0883232698670062	5281	70	70	10.29	0.990584908537698	0.990584908537698	-0.166	0.101	0.101	3.399	0.0089442719099991	0.0089442719099991	0.005695805633586163	0.0005579348386623469	0.0005396881362754773	4.3324207	PMS	G		serenelli17	6.65669996128589	2.32196375925316	1.32550653285363	9.62667549599318	A
844	KIC9088780	1.27	0.11	0.11	7.48	0.25	0.25	4854	97	97	27.95	3.62368927581985	3.62368927581985	-0.134	0.0721110255092798	0.0721110255092798				0.0007244531715821785	9.598816555209062e-05	9.598816555209062e-05	4.6123192	PMS	K	p	huber13	8.66141732283465	3.34224598930481	1.99835187474248	12.9648990190335	A
845	KIC9093289	1.237	0.0558659108938537	0.0682422156732913	1.448	0.0326955654485436	0.0336154726279432	6285	57	57	3.143	0.279932795330638	0.279932795330638	-0.011	0.1	0.1	4.207	0.0143178210632764	0.0152315462117278	0.09726921360629537	0.007919096740677787	0.008642151905353852	3.6742987	MS	F		serenelli17	5.01649662761297	2.28974578993394	0.906921241050119	8.90654773562323	A
846	KIC9098294	1.055	0.0399249295553543	0.0380788655293195	1.174	0.0161245154965971	0.0152643375224737	6020	51	51	1.46	0.123333430392102	0.123333430392102	-0.112	0.1	0.1	4.321	0.0067082039324993	0.0067082039324993	0.15565373977022048	0.008708136509807927	0.00827197039886066	3.8480062	MS	F		serenelli17	3.69686232628786	1.33683360387866	0.847176079734219	8.44749523233576	A
847	KIC9116461	1.208	0.0511077293567225	0.0537121960079831	1.251	0.0295465734053883	0.0295465734053883	6470	47	47	2.402	0.193508830913632	0.193508830913632	-0.116	0.1	0.1	4.324	0.0120415945787923	0.0130384048104053	0.14730123765966963	0.012156045235808929	0.012321876733964498	3.5530312	MS	F		serenelli17	4.3385730697312	2.36183640330842	0.726429675425039	8.05615449265747	A
848	KIC9119139	1.098	0.0559016994374947	0.0559016994374947	1.753	0.0769025357189215	0.0710633520177595	5475	74	74	2.943	0.266231259436829	0.266231259436829	0.2	0.1	0.1	3.99	0.0253179778023443	0.0263058928759318	0.048659538150454984	0.006866435807387856	0.006415336291676286	4.2052537	PMS	G		serenelli17	5.09122945696673	4.22036188638565	1.35159817351598	9.04625414328336	A
849	KIC9138680	1.416	0.0554436651025164	0.0554436651025164	2.477	0.0537121960079831	0.0528015151297763	5990	60	60	7.756	0.670259576550073	0.670259576550073	0.129	0.099	0.099	3.8	0.0126491106406735	0.0126491106406735	0.022243167091360903	0.001688875091575719	0.0016679034323980955	3.8676712	MS	G		serenelli17	3.91551307221161	2.15005472623657	1.0016694490818	8.64182022369873	A
850	KIC9139151	1.184	0.0466154480832267	0.0466154480832267	1.161	0.0147648230602334	0.0147648230602334	6134	48	48	1.742	0.147621486789559	0.147621486789559	0.045	0.1	0.1	4.381	0.0067082039324993	0.0067082039324993	0.18062024784203087	0.009902311003197562	0.009902311003197562	3.7732792	MS	F		serenelli17	3.93711554756982	1.27173325238875	0.78252363873492	8.47425297299418	A
851	KIC9139163	1.33	0.0484148737476408	0.0445982062419555	1.538	0.0184390889145858	0.0176918060129541	6405	44	44	3.512	0.31227663476093	0.31227663476093	0.076	0.099	0.099	4.187	0.0058309518948453	0.0058309518948453	0.08727583755366906	0.004466223939934157	0.004199522987165816	3.5956387	MS	F		serenelli17	3.49673233043595	1.17460646708517	0.68696330991413	8.8917037232611	A
852	KIC9143749	1.151	0.0574282160614449	0.0624339651151519	1.708	0.046518813398452	0.0456179789118282	6075	76	76	3.896	0.337951413225325	0.337951413225325	-0.122	0.101	0.101	4.033	0.0148660687473185	0.0148660687473185	0.055147155360372235	0.0052796162325090485	0.0053360067499810164	3.8119537	MS	F		serenelli17	5.2068714672718	2.69721288964521	1.25102880658436	8.67431758791903	A
853	KIC9150095	1.452	0.169068033643264	0.167296144605905	4.277	0.21242645786248	0.216011573764	5028	68	68	9.209	0.899811285624093	0.899811285624093	0.095	0.1	0.1	3.336	0.0136014705087354	0.0136014705087354	0.004430576669774832	0.0008378273336621989	0.0008433504592402038	4.4982622	PMS	K		serenelli17	11.5827885072028	5.00862791239747	1.35242641209228	9.77099886658804	A
854	KIC9158609	0.94	0.42	0.21	3.06	0.4	0.3	4964	85	85	5.921	0.592736337143044	0.592736337143044	0.28	0.1	0.2	3.465	0.057	0.058	0.007832041226517412	0.004656112939947833	0.0028927138433344495	4.5402142	PMS	K		C14sdss	33.5106382978723	11.437908496732	1.71232876712329	10.0107471228347	A
855	KIC9163769	1.315	0.0616198020120156	0.0586941223633168	1.537	0.0380131556174964	0.0371214223865412	6438	100	100	3.949	0.322075476813396	0.322075476813396	0.049	0.1	0.1	4.183	0.0167630546142402	0.0167630546142402	0.08646006168074352	0.0075872576286045365	0.007357764893407359	3.5740072	MS	F		serenelli17	4.574673930621	2.44419577111378	1.55327741534638	8.15587431788797	A
856	KIC9201604	1.495	0.141739197119216	0.142677959054649	3.433	0.120208152801713	0.122122888927506	5230	73	73	8.115	0.776570776243781	0.776570776243781	-0.045	0.1	0.1	3.54	0.0117046999107196	0.0136014705087354	0.008821271177765192	0.0012482479041054297	0.0012629295970928362	4.3658512	PMS	G		serenelli17	9.51227947069782	3.52943550435798	1.39579349904398	9.56957210405152	A
857	KIC9202077	1.444	0.0914166286842826	0.167764716195033	1.981	0.0552268050859363	0.0704911341943084	6119	70	70	5.599	0.476347427377792	0.476347427377792	0.148	0.1	0.1	3.999	0.015	0.0174928556845359	0.04434300874019698	0.004651296568099953	0.00699631804709739	3.7831117	MS	F		serenelli17	8.97442329914528	3.17309286421617	1.1439777741461	8.50772329662068	A
858	KIC9204313	1.018	0.0618546683767685	0.0586003412959345	1.508	0.0338378486313773	0.0330151480384384	5853	57	57	2.117	0.18289840254076	0.18289840254076	-0.158	0.1	0.1	4.088	0.0122065556157337	0.0122065556157337	0.07086881061505863	0.0064266056639169	0.006189366540185075	3.9574747	MS	G		serenelli17	5.91625784247067	2.21661129541829	0.97385955920041	8.63950885879829	A
859	KIC9206432	1.567	0.0751664818918645	0.0672086303981862	1.569	0.0272029410174709	0.0212602916254693	6494	46	46	3.842	0.312534723193249	0.312534723193249	0.165	0.139	0.139	4.241	0.0070710678118654	0.0078102496759066	0.09685266079167473	0.006852863217478641	0.005723351225724787	3.5372992	MS	F		serenelli17	4.54291998372849	1.54439874579159	0.708346165691407	8.13468826635213	A
860	KIC9225600	1.425	0.0729177618965366	0.0777946013551069	1.84	0.0441021541423999	0.0441021541423999	6262	56	56	4.758	0.411033863930155	0.411033863930155	0.219	0.1	0.1	4.061	0.012369316876853	0.012369316876853	0.05461007663835296	0.0048195777648675974	0.004930292227806048	3.6893752	MS	F		serenelli17	5.28815309654889	2.3968562033913	0.894282976684765	8.63879495439585	A
861	KIC9226926	1.39	0.05	0.04	1.64	0.03	0.03	6892	84	84	4.548	0.365619368849666	0.365619368849666	-0.23	0.09	0.09	4.151	0.013	0.012	0.07523062100688693	0.004936372365787122	0.004661697907152322	3.2764102	MS	F		C14bruntt	3.23741007194245	1.82926829268293	1.2188044109112	8.03912420513778	A
862	KIC9266926	0.956	0.0535350352572967	0.0526972485050216	1.47	0.0367151195013716	0.0358468966578698	5971	63	63	2.318	0.198602336787427	0.198602336787427	-0.387	0.099	0.099	4.083	0.0120830459735946	0.0120830459735946	0.07184842936562333	0.006720887477658261	0.006581270115196392	3.8801257	MS	G		serenelli17	5.55608178673213	2.4680957877293	1.05509964830012	8.56783161291745	A
863	KIC9273544	1.14	0.12	0.12	1.55	0.07	0.07	6125	55	55	3.128	0.27169073554991	0.27169073554991	-0.22	0.15	0.15	4.112	0.013	0.013	0.07308380455497056	0.012538977017174832	0.012538977017174832	3.7791787	MS	F		C14sdss	10.5263157894737	4.51612903225806	0.897959183673469	8.68576520300222	A
864	KIC9287845	1.589	0.0906035319399856	0.147627910640231	2.313	0.0939201788754685	0.0929731143933557	6488	62	62	8.928	0.762176079154507	0.762176079154507	0.131	0.1	0.1	3.905	0.0222036033111745	0.0231948270094864	0.030655498983864146	0.004123175124365049	0.004666583600729914	3.5412322	MS	F		serenelli17	7.49626943298353	4.04006254364082	0.955610357583231	8.53691844931124	A
865	KIC9289275	1.349	0.0672681202353686	0.065299310869258	1.767	0.0268700576850888	0.0268700576850888	6227	48	48	4.012	0.342633039749413	0.342633039749413	0.092	0.1	0.1	4.073	0.0084852813742385	0.0092195444572928	0.05837322553816504	0.0039451409929652835	0.003882709826226019	3.7123177	MS	F		serenelli17	4.91354451833308	1.5206597444872	0.770836678978641	8.54020537760253	A
866	KIC9292130	1.347	0.0608769250208977	0.0595482997238376	2.176	0.0526972485050216	0.0502195181179589	6176	52	52	6.423	0.541940302001592	0.541940302001592	0.049	0.1	0.1	3.891	0.0117046999107196	0.0117046999107196	0.031210614057965852	0.0026704538628535756	0.0025638420282132353	3.7457482	MS	F		serenelli17	4.47012712489738	2.3648154095354	0.841968911917098	8.43749497122205	A
867	KIC9328372	1.464	0.0706045324324154	0.0690289794216893	1.781	0.0705195008490559	0.0657875368135941	6572	80	80	6.039	0.521100979493793	0.521100979493793	0.16	0.1	0.1	4.101	0.0243310501211929	0.0253179778023443	0.06186723532376935	0.007931576388941113	0.007450652398348762	3.4861702	MS	F		serenelli17	4.76890409337789	3.82669954134335	1.21728545343883	8.62892829100502	A
868	KIC9335972	1.23	0.13	0.2	2.18	0.11	0.16	5784	63	63	6.017	0.532923646081868	0.532923646081868	-0.04	0.15	0.15	3.847	0.01	0.01	0.028343078611033697	0.0052327600383985035	0.007757933795925386	4.0027042	PMS	G		C14sdss	13.4146341463415	6.19266055045872	1.08921161825726	8.85696603094346	A
869	KIC9353712	1.5089	0.0285	0.0209	2.1723	0.024	0.021	6278	77	77	6.985	0.275	0.223	-0.05	0.1	0.1	3.9435	0.0055	0.0066	0.03514086460282987	0.0013405758663512066	0.001129407086317745	3.6788872	MS	F		silva17	1.63695407250315	1.03576854025687	1.2265052564511	3.5647816750179	A
870	KIC9353859	1.599	0.181024860171193	0.204707107839469	3.678	0.202272093972451	0.234303222342331	5284	85	85	8.54	0.799519345248097	0.799519345248097	-0.112	0.103	0.103	3.509	0.0111803398874989	0.0111803398874989	0.007672284163907518	0.001535165927940355	0.001764848671105315	4.3304542	PMS	G		serenelli17	12.0616625394203	5.93495536045109	1.60862982588948	9.36205322304563	A
871	KIC9390670	1.37	0.071505244562899	0.0695269731830748	1.711	0.069462219947249	0.0648845127900333	6246	50	50	4.782	0.397738991301202	0.397738991301202	0.195	0.1	0.1	4.107	0.0241867732448957	0.0251793566240283	0.06529530114896863	0.008651945765175924	0.008133974480942566	3.6998632	MS	F		serenelli17	5.14716123160488	3.92597114954069	0.80051232788985	8.31741930784613	A
872	KIC9394953	1.205	0.0590338885725818	0.0537587202228624	1.746	0.0393573373083089	0.0349857113690718	6018	65	65	3.682	0.317461913620585	0.317461913620585	0.076	0.1	0.1	4.034	0.014422205101856	0.0136014705087354	0.05404626912678527	0.0045131518621292985	0.004045855241688333	3.8493172	MS	F	p	serenelli17	4.68019123632549	2.12895328400288	1.08009305417082	8.62199656764219	A
873	KIC9402223	1.46	0.25	0.13	2.6	0.15	0.11	6350	52	52	11.16	0.975636586344381	0.975636586344381	-0.08	0.2	0.15	3.776	0.016	0.016	0.019830981188623736	0.004828195169393395	0.0030746197931718774	3.6316912	MS	F		C14sdss	13.013698630137	5.0	0.818897637795276	8.74226331849804	A
874	KIC9410862	1.007	0.0434626276242015	0.0434626276242015	1.163	0.0178885438199983	0.0178885438199983	6230	53	53	1.834	0.158522908328121	0.158522908328121	-0.399	0.1	0.1	4.309	0.0076157731058639	0.0067082039324993	0.15282757327266344	0.009656127558265495	0.009656127558265495	3.7103512	MS	F		serenelli17	4.31605040955327	1.53813790369719	0.850722311396469	8.64356097754203	A
875	KIC9414381	1.224	0.0496588360717405	0.0560802995712398	2.117	0.042154477816716	0.0449444101084885	5495	100	100	4.423	0.390407840856051	0.390407840856051	0.152	0.1	0.1	3.873	0.0098488578017961	0.0098488578017961	0.030798547454920507	0.00222401389720901	0.0024164057687908456	4.1921437	PMS	G		serenelli17	4.31940913574266	2.0571300879831	1.81983621474067	8.82676556310311	A
876	KIC9414417	1.399	0.0737360156233031	0.0752396172239067	1.917	0.0366878726556883	0.0389101529166874	6278	52	52	5.158	0.42856413772693	0.42856413772693	-0.049	0.0721110255092798	0.0721110255092798	4.018	0.0094339811320566	0.01	0.04740921524107976	0.0036949918637091458	0.0038516195682571333	3.6788872	MS	F	p	serenelli17	5.32436143127984	1.97177948806405	0.828289264096846	8.30872698191023	A
877	KIC9446628	1.213	0.0718401002226472	0.0757429864739964	1.893	0.0919238815542512	0.0864060183089118	6298	59	59	5.317	0.439688712631072	0.439688712631072	-0.268	0.101	0.101	3.965	0.0292745623366089	0.0302654919008431	0.042689429374756345	0.006713269206910807	0.006424766010362315	3.6657772	MS	F		serenelli17	6.08339186713288	4.71024563822406	0.936805335026993	8.26948867088719	A
878	KIC9451706	1.24	0.09	0.09	1.36	0.04	0.04	6106	106	106	2.343	0.201170532732224	0.201170532732224	0.24	0.0721110255092798	0.0721110255092798				0.11768370989233176	0.013445546523826356	0.013445546523826356	3.7916332	MS	F	p	huber13	7.25806451612903	2.94117647058824	1.7359973796266	8.5860235907906	A
879	KIC9451741	1.124	0.0785175139698144	0.0792085853932514	1.291	0.054644304369257	0.0522015325445528	5835	68	68	1.99	0.166780592657199	0.166780592657199	0.206	0.1	0.1	4.266	0.0191049731745428	0.0200997512422418	0.12470933836859892	0.01807383995681448	0.017495316868283043	3.9692737	MS	G		serenelli17	7.01628555885524	4.13810367598024	1.16538131962296	8.38093430438188	A
880	KIC9455860	1.385	0.0722495674727538	0.0651152823843988	1.678	0.0510783711564885	0.0483321838943783	6716	59	59	5.166	0.422130072484233	0.422130072484233	-0.051	0.1	0.1	4.129	0.0189736659610103	0.0199248588451713	0.06998182994813795	0.007359954439848824	0.006884278675208433	3.3917782	MS	F		serenelli17	4.95901985043872	2.96217386921534	0.878499106611078	8.17131383051168	A
881	KIC9457728	1.194	0.0634113554499508	0.0659469483751902	1.822	0.0353836120259083	0.0361247837363769	6390	49	49	5.208	0.437591644046782	0.437591644046782	-0.161	0.0721110255092798	0.0721110255092798	3.993	0.0106301458127346	0.0106301458127346	0.04712708737128415	0.0037152153034654047	0.0038253018378952086	3.6054712	MS	F	p	serenelli17	5.41701439803773	1.96235992761485	0.766823161189358	8.40229731272623	A
882	KIC9458636	1.204	0.116811814470969	0.0608276253029822	1.735	0.0630634601017103	0.056938563381947	6220	56	56	4.007	0.342379248040584	0.342379248040584	-0.059	0.1	0.1	4.043	0.0162788205960997	0.0182482875908947	0.055035059487130444	0.008032726737262295	0.006090111954055042	3.7169062	MS	F		serenelli17	7.37705314675876	3.45827157013422	0.90032154340836	8.54452827653067	A
883	KIC9468847	1.17	0.0579827560572969	0.0579827560572969	1.796	0.0528015151297763	0.0518941229813165	6064	52	52	4.292	0.37421982497498	0.37421982497498	-0.109	0.1	0.1	3.998	0.0170880074906351	0.0170880074906351	0.048214565290131635	0.004877771523842837	0.004814194811805067	3.8191642	MS	F		serenelli17	4.95579111600828	2.91468925699033	0.857519788918206	8.71900803762768	A
884	KIC9471974	1.38	0.09	0.09	2.19	0.12	0.12	5854	92	92				0.374	0.0721110255092798	0.0721110255092798				0.03136592737689778	0.005547005813624314	0.005547005813624314	3.9568192	PMS	G	p	huber13	6.52173913043478	5.47945205479452	1.57157499145883	100.0	A
885	KIC9512063	1.158	0.0499299509312797	0.0507740090991444	2.053	0.0360693775937429	0.0374833296279826	5977	58	58	4.637	0.403547097521101	0.403547097521101	-0.332	0.102	0.102	3.876	0.0067082039324993	0.0067082039324993	0.031948693428201926	0.002175603310574828	0.0022415676650720147	3.8761927	MS	G		serenelli17	4.34818480269534	1.79134698542926	0.970386481512464	8.70276250854219	A
886	KIC9542776	1.385	0.0848645980371085	0.0806597793203031	2.475	0.153388395910512	0.136894119669181	6343	87	87	11.52	1.02457871859058	1.02457871859058	-0.157	0.101	0.101	3.791	0.0355105618091294	0.0374833296279826	0.02180899004688081	0.004269370380084837	0.0038352331626793448	3.6362797	MS	F		serenelli17	5.97560929088129	5.8642932440342	1.37159072993852	8.89391248776547	A
887	KIC9574283	1.178	0.0648459713474939	0.0666408283261845	2.896	0.0617170964968379	0.0644049687524185	5431	64	64	5.171	0.465798228390914	0.465798228390914	-0.499	0.101	0.101	3.584	0.0063245553203367	0.0072801098892805	0.011578732177467252	0.000976857746315004	0.0010128292647715192	4.2340957	PMS	G		serenelli17	5.58093377222744	2.17752184477307	1.17842018044559	9.00789457340773	A
888	KIC9579208	1.204	0.0635137780328017	0.051662365412358	1.781	0.034132096331752	0.0276586333718787	6422	56	56	4.92	0.408637298681031	0.408637298681031	-0.17	0.0721110255092798	0.0721110255092798	4.017	0.0111803398874989	0.0086023252670426	0.05087988478812726	0.0039700436798540345	0.0032226528554076843	3.5844952	MS	F	p	serenelli17	4.78306243543022	1.73472009274651	0.87200249143569	8.30563615205347	A
889	KIC9592705	1.509	0.029	0.021	2.124	0.015	0.012	6174	92	92	6.088	0.227	0.247	0.216	0.0721110255092798	0.0721110255092798	3.961	0.004	0.003	0.03759560631816146	0.0010753906012049264	0.0008244869656573239	3.7470592	MS	F	p	silva15	1.65672630881378	0.635593220338983	1.4901198574668	3.89290407358738	A
890	KIC9641837	1.304	0.0587281874401041	0.0567274184147313	2.193	0.0464004310324807	0.0448218696620299	6270	51	51	6.06	0.546385001091756	0.546385001091756	-0.161	0.1	0.1	3.871	0.0111803398874989	0.0111803398874989	0.029517059250313567	0.002297299389202223	0.0022191075001695023	3.6841312	MS	F		serenelli17	4.42697875210259	2.07985181702031	0.813397129186603	9.01625414342831	A
891	KIC9664694	1.252	0.0524309069156733	0.0574543296888929	2.293	0.057706152185014	0.0594810894318522	6080	55	55	8.512	0.725162235923812	0.725162235923812	-0.272	0.1	0.1	3.813	0.0121655250605964	0.0121655250605964	0.024791542870628104	0.0021403865960326336	0.0022397597567777976	3.8086762	MS	F		serenelli17	4.38838804331335	2.55532580935164	0.904605263157895	8.51929318519516	A
892	KIC9693187	0.986	0.0532541078227774	0.0508035431835221	1.423	0.0283196045170126	0.0275862284482674	5790	55	55	2.982	0.268050525294423	0.268050525294423	-0.164	0.1	0.1	4.125	0.0086023252670426	0.0086023252670426	0.08169088582049064	0.006576840158739543	0.006347311005022864	3.9987712	MS	G		serenelli17	5.27675715042087	1.96436517797892	0.949913644214162	8.98895121711681	A
893	KIC9696358	1.42	0.09	0.09	2.13	0.13	0.13	6131	75	75	5.738	0.529110304810063	0.529110304810063	0.17	0.0721110255092798	0.0721110255092798				0.03508010824393206	0.006797050868143686	0.006797050868143686	3.7752457	MS	F	p	huber13	6.33802816901408	6.10328638497653	1.22329146958082	9.22116250976059	A
894	KIC9697131	1.436	0.0581377674149945	0.0635609943282828	1.922	0.0283019433961698	0.030886890422961	6491	69	69	5.503	0.446981720087574	0.446981720087574	0.11	0.0721110255092798	0.0721110255092798	4.027	0.0085440037453175	0.0085440037453175	0.04828427120348228	0.002893274598917153	0.0031601044717546986	3.5392657	MS	F	p	serenelli17	4.2374220662701	1.53977195159029	1.06301032198429	8.12250990528028	A
895	KIC9700430	1.221	0.0672681202353686	0.0909175450614456	1.511	0.0451774279923061	0.0469574275274956	6111	90	90	2.801	0.241816090376488	0.241816090376488	0.024	0.1	0.1	4.164	0.01552417469626	0.0164924225024706	0.08449551583703749	0.008894438562269716	0.010081760031532373	3.7883557	MS	F		serenelli17	6.47770947161401	3.04880395499013	1.47275405007364	8.63320565428375	A
896	KIC9702369	1.281	0.0502095608425328	0.0481040538832228	1.379	0.0183847763108502	0.0183847763108502	6431	50	50	2.29	0.20188288836486	0.20188288836486	0.03	0.1	0.1	4.266	0.0067082039324993	0.0067082039324993	0.11661857273947575	0.006530604579193775	0.006397908234558321	3.5785957	MS	F		serenelli17	3.83737762395611	1.33319625169327	0.777484061576738	8.81584665348734	A
897	KIC9702752	1.188	0.0422018956920184	0.0446542271235322	1.701	0.025	0.0258069758011279	5770	62	62	2.656	0.233806485366682	0.233806485366682	0.265	0.1	0.1	4.051	0.0092195444572928	0.0092195444572928	0.05762552439354071	0.0032628448575954994	0.0034015894718435755	4.0118812	MS	G		serenelli17	3.65556072456021	1.49344432102081	1.07452339688042	8.80295502133592	A
898	KIC9715099	1.37	0.15	0.17	2.49	0.1	0.11	6225	53	53	9.337	0.806574526556546	0.806574526556546	-0.22	0.4	0.3	3.78	0.019	0.019	0.02118526576775934	0.003448955229873612	0.0038462760551466915	3.7136287	MS	F		C14sdss	11.6788321167883	4.21686746987952	0.85140562248996	8.63847624029717	A
899	KIC9754284	1.276	0.0628012738724303	0.0812157620169878	1.621	0.0298328677803526	0.0346698716467194	6182	54	54	3.351	0.281864611514729	0.281864611514729	0.025	0.1	0.1	4.123	0.0120415945787923	0.0136014705087354	0.07151761459586459	0.005289743775768613	0.006463609858635003	3.7418152	MS	F		serenelli17	5.64330077936591	1.98959714457347	0.873503720478809	8.41135814726139	A
900	KIC9757640	1.154	0.0694046107978425	0.0724706837279738	1.774	0.0490917508345343	0.0490917508345343	5506	94	94	3.35	0.299077350987442	0.299077350987442	0.346	0.1	0.1	4.001	0.0161245154965971	0.0161245154965971	0.04934649978909841	0.005058738201323319	0.005136753926855772	4.1849332	PMS	G		serenelli17	6.14710981481007	2.76729147883508	1.70722847802397	8.92768211902811	A
901	KIC9762786	1.38	0.14	0.19	1.96	0.1	0.12	6482	52	52	6.917	0.598725134424361	0.598725134424361	0.06	0.15	0.15	3.99	0.014	0.014	0.043754453421860705	0.008034596567512042	0.010043724468575235	3.5451652	MS	F		C14sdss	11.9565217391304	5.61224489795918	0.802221536562789	8.65584985433513	A
902	KIC9768011	1.35	0.16	0.16	2.02	0.13	0.13	6630	68	68	6.611	0.560297442785581	0.560297442785581	-0.26	0.2	0.15	3.955	0.023	0.024	0.03910128687649144	0.008858180279212816	0.008858180279212816	3.4481512	MS	F		C14sdss	11.8518518518519	6.43564356435644	1.02564102564103	8.47522981070309	A
903	KIC9778067	1.189	0.0659469483751902	0.0674759216313494	1.998	0.0653681879816169	0.0644980619863884	6433	90	90	5.769	0.486377408885799	0.486377408885799	-0.529	0.102	0.102	3.911	0.0182482875908947	0.0192353840616713	0.03558826318590584	0.004012138500009864	0.00399466594792567	3.5772847	MS	F		serenelli17	5.61071783038434	3.24990615535549	1.39903621949324	8.43087898918008	A
904	KIC9787965	1.31	0.0845990543682375	0.0835284382710463	2.062	0.0846286003665428	0.0782432105680742	6200	65	65	7.654	0.783754291524599	0.783754291524599	0.001	0.1	0.1	3.926	0.0191049731745428	0.0200997512422418	0.035671116550501876	0.004959505754224639	0.004654257423203241	3.7300162	MS	F		serenelli17	6.41707987172839	3.94936495961729	1.04838709677419	10.2397999937889	A
905	KIC9788260	1.459	0.107377837564369	0.121235308388274	3.131	0.114529472189476	0.130678996016958	5354	58	58				-0.183	0.101	0.101	3.611	0.0110453610171873	0.0110453610171873	0.011347951728459087	0.001499426462669833	0.0017053161597686843	4.2845692	PMS	G		serenelli17	7.83458348021396	3.91581712242788	1.08330220395966	100.0	A
906	KIC9791157	1.186	0.0492442890089805	0.0575847201955519	1.952	0.0376961536499415	0.039560080889705	5852	63	63	4.555	0.40781935746871	0.40781935746871	-0.047	0.1	0.1	3.929	0.0116619037896906	0.0116619037896906	0.03806770014235023	0.002713360711707002	0.00296195570825018	3.9581302	MS	G		serenelli17	4.50375249597523	1.97889945029832	1.07655502392344	8.95322409371483	A
907	KIC9812421	1.34	0.0980815986819138	0.0933005894943864	3.169	0.0873613186713662	0.0854400374531753	5265	63	63	6.972	0.630803950774799	0.630803950774799	-0.231	0.1	0.1	3.562	0.0092195444572928	0.0092195444572928	0.010051930368389443	0.0011101459595258636	0.001072787182040306	4.3429087	PMS	G		serenelli17	7.14112642448881	2.72643351411394	1.1965811965812	9.04767571392425	A
908	KIC9812850	1.339	0.0552177507691141	0.0602079728939615	1.789	0.0250599281722833	0.029732137494637	6407	47	47	4.628	0.38147187235337	0.38147187235337	-0.125	0.1	0.1	4.059	0.0064031242374328	0.0064031242374328	0.05582914103347154	0.0032870704621005935	0.0037483294512766843	3.5943277	MS	F		serenelli17	4.31014651467795	1.53136013602349	0.733572654908694	8.2426938710754	A
909	KIC9821513	1.291	0.068622153857191	0.0960416576283438	1.775	0.0560357029044876	0.0593632883186233	6550	65	65	5.837	0.488221059178963	0.488221059178963	-0.307	0.101	0.101	4.048	0.014142135623731	0.0131529464379659	0.055111541771661506	0.00598538355322614	0.006883633764324106	3.5005912	MS	F		serenelli17	6.37737457341343	3.25067580910172	0.99236641221374	8.36424634536514	A
910	KIC9872292	1.37	0.1	0.1	1.82	0.05	0.05	6260	116	116	4.188	0.349596722717442	0.349596722717442	-0.131	0.0721110255092798	0.0721110255092798				0.05425225493912401	0.005972823957684196	0.005972823957684196	3.6906862	MS	F	p	huber13	7.2992700729927	2.74725274725275	1.85303514376997	8.3475817267775	A
911	KIC9880787	1.168	0.0537121960079831	0.0554707129934347	2.014	0.0389101529166874	0.0398120584747888	6074	56	56	5.216	0.446910121855063	0.446910121855063	-0.314	0.102	0.102	3.896	0.010295630140987	0.010295630140987	0.034133107994705016	0.0025254026400186656	0.0025932934214094065	3.8126092	MS	F		serenelli17	4.6739258990333	1.95437466215184	0.921962462956865	8.56806215212927	A
912	KIC9893470	1.626	0.0726223106214612	0.0718401002226472	3.399	0.107154094648781	0.123032516027268	5936	56	56	14.43	1.25161343147022	1.25161343147022	-0.054	0.1	0.1	3.588	0.0184390889145858	0.0194164878389476	0.009885040163252333	0.0010338888507495229	0.0011588646717569672	3.9030682	PMS	G		serenelli17	4.4422635560919	3.38609312556707	0.943396226415094	8.67368975377839	A
913	KIC9897838	1.06	0.09	0.08	2.6	0.09	0.08	5179	61	61	4.129	0.390234028308367	0.390234028308367	-0.4	0.15	0.1	3.633	0.009	0.009	0.014397835657493946	0.0019312964387437652	0.0017167079455500135	4.3992817	PMS	K		C14sdss	8.0188679245283	3.26923076923077	1.17783355860205	9.45105420945428	A
914	KIC9903271	1.208	0.137873130087048	0.122249744376011	3.367	0.167693172192549	0.155003225772885	4907	80	80	6.077	0.617880528110556	0.617880528110556	0.355	0.099	0.099	3.465	0.0101980390271856	0.0101980390271856	0.007555252370921811	0.0014205321538434854	0.0012935882222552214	4.5775777	PMS	K		serenelli17	10.7666752675107	4.792046301833	1.63032402690035	10.167525557192	A
915	KIC9908400	1.53	0.0581377674149945	0.059464274989274	2.764	0.0339705755029261	0.0354682957019364	6000	55	55	9.868	0.865355868576696	0.865355868576696	0.16	0.1	0.1	3.739	0.0084852813742385	0.0084852813742385	0.01729771372885334	0.0009158591855564004	0.0009462539206351085	3.8611162	PMS	F		serenelli17	3.8432040001395	1.25613008691864	0.916666666666667	8.76931362562522	A
916	KIC9955598	0.883	0.0430116263352131	0.0430116263352131	0.882	0.0156524758424985	0.0156524758424985	5434	77	77	0.6574	0.063711894918518	0.063711894918518	0.118	0.072	0.072	4.492	0.0076157731058639	0.0076157731058639	0.3072319227967874	0.022170158790238564	0.022170158790238564	4.2321292	MS	G	p	serenelli17	4.87107886016004	1.77465712499983	1.417004048583	9.69149603263127	A
917	KIC9962623	0.987	0.0847584804016684	0.0763216876123687	1.395	0.042154477816716	0.0403112887414927	5913	166	166	2.079	0.180289341817693	0.180289341817693	-0.207	0.101	0.101	4.143	0.0161554944214035	0.0152315462117278	0.08679724098832328	0.010838463476705565	0.010082976256217954	3.9181447	MS	G		serenelli17	8.16008956504747	2.9557622422297	2.80737358362929	8.67192601335704	A
918	KIC9965715	1.245	0.0730068489937759	0.0730068489937759	1.3	0.0373363094051889	0.0373363094051889	7030	405	405	2.585	0.225418203421083	0.225418203421083	-0.404	0.1	0.1	4.304	0.015	0.0142126704035519	0.1352853237251318	0.014099770334687216	0.014099770334687216	3.1859512	MS	F		serenelli17	5.86400393524305	2.87202380039915	5.76102418207681	8.72023997760477	A
919	HD1367	2.56	0.089	0.089	9.51	0.5	0.5	5382	51	51	68.14	6.74	6.74	0.0	0.1	0.1				0.0007105748060495429	0.00011476826619781609	0.00011476826619781609	4.2662152	PMS	G		ligi16	3.4765625	5.25762355415352	0.947603121516165	9.89140005870267	I
920	HD154633	1.962	0.207	0.207	10.0	0.33	0.33	4883	36	36	51.02	3.09	3.09	-0.1	0.1	0.1				0.00046839299751944805	6.776696211680908e-05	6.776696211680908e-05	4.5933097	PMS	K		ligi16	10.5504587155963	3.3	0.737251689535122	6.05644845158761	I
921	HD161178	1.936	0.212	0.212	11.29	0.6	0.6	4992	115	115	71.03	4.16	4.16	-0.2	0.1	0.1				0.00032116996019840717	6.211968117653042e-05	6.211968117653042e-05	4.5218602	PMS	K		ligi16	10.9504132231405	5.31443755535872	2.3036858974359	5.85668027593974	I
922	HD167042	1.646	0.311	0.311	5.7	0.1	0.1	4547	49	49	12.47	0.54	0.54	-0.1	0.1	0.1				0.002121859651789698	0.000416173978758352	0.000416173978758352	4.8135577	PMS	K	p	ligi16	18.8942891859052	1.75438596491228	1.07763360457444	4.33039294306335	I
923	HD1671	1.875	0.075	0.075	3.151	0.043	0.043	7133	36	36	23.07	0.51	0.51	-0.1	0.1	0.1				0.014307621850010645	0.0008189202298584279	0.0008189202298584279	3.1184347	MS	F		ligi16	4.0	1.36464614408124	0.504696481143979	2.21066319895969	I
924	HD168151	1.189	0.068	0.068	1.635	0.037	0.037	6638	83	83	4.66	0.12	0.12	-0.3	0.1	0.1				0.06494414061985007	0.005764991754726677	0.005764991754726677	3.4429072	MS	F		ligi16	5.71909167367536	2.26299694189602	1.25037661946369	2.57510729613734	I
925	HD173416	1.336	0.258	0.258	14.92	0.78	0.78	4544	79	79	85.17	6.72	6.72	-0.2	0.1	0.1				9.60309841013553e-05	2.3890417657064766e-05	2.3890417657064766e-05	4.8155242	PMS	K	p	ligi16	19.311377245509	5.22788203753351	1.73855633802817	7.89010214864389	I
926	HD185395	1.49	0.06	0.06	1.475	0.015	0.015	7305	42	42	5.564	0.065	0.065	0.0	0.1	0.1				0.11084640133540773	0.005600009781965827	0.005600009781965827	3.0056887	MS	F	p	ligi16	4.02684563758389	1.01694915254237	0.574948665297741	1.16822429906542	I
927	HD190360	1.04	0.059	0.059	1.061	0.013	0.013	5781	37	37	1.127	0.019	0.019	0.2	0.1	0.1				0.20787323669232685	0.014051852949889115	0.014051852949889115	4.0046707	MS	G	p	ligi16	5.67307692307692	1.22525918944392	0.640027676872513	1.68589174800355	I
928	HD19994	1.317	0.079	0.079	1.847	0.028	0.028	6063	45	45	4.138	0.066	0.066	0.2	0.1	0.1				0.049899532790149824	0.0037562555610592047	0.0037562555610592047	3.8198197	MS	F	p	ligi16	5.99848139711465	1.51597184623714	0.74220682830282	1.59497341710971	I
929	HD209369	1.531	0.061	0.061	2.45	0.072	0.072	6755	106	106	11.22	0.32	0.32	-0.2	0.1	0.1				0.02485354413963825	0.002404539627675539	0.002404539627675539	3.3662137	MS	F		ligi16	3.98432397126061	2.93877551020408	1.56920799407846	2.85204991087344	I
930	HD217014	1.12	0.063	0.063	1.09	0.024	0.024	5978	67	67	1.362	0.024	0.024	0.2	0.1	0.1				0.20646665394704222	0.01791308733432396	0.01791308733432396	3.8755372	MS	G	p	ligi16	5.625	2.20183486238532	1.12077617932419	1.76211453744493	I
931	HD221345	0.898	0.069	0.069	12.67	0.39	0.39	4483	50	50	58.18	2.55	2.55	-0.3	0.1	0.1				0.00010540419182836321	1.2662296887504493e-05	1.2662296887504493e-05	4.8555097	PMS	K	p	ligi16	7.68374164810691	3.07813733228098	1.1153245594468	4.38294946717085	I
932	HD3651	0.848	0.04	0.04	0.8584	0.0088	0.0088	5270	34	34	0.5103	0.0097	0.0097	0.1	0.1	0.1				0.3200649488923399	0.018022966496994645	0.018022966496994645	4.3396312	MS	G	p	ligi16	4.71698113207547	1.02516309412861	0.645161290322581	1.90084264158338	I
933	HD75732	0.874	0.013	0.013	0.96	0.018	0.018	5165	46	46	0.589	0.014	0.014	0.3	0.1	0.1				0.23583547000853905	0.013721698462708931	0.013721698462708931	4.4084587	MS	K	p	ligi16	1.48741418764302	1.875	0.890609874152953	2.37691001697793	I
934	HD9826	1.312	0.075	0.075	1.684	0.04	0.04	6243	74	74	3.866	0.03	0.03	0.1	0.1	0.1				0.06558718089985509	0.0059916778733833395	0.0059916778733833395	3.7018297	MS	F	p	ligi16	5.71646341463415	2.37529691211401	1.1853275668749	0.775995861355406	I
